ho_id,timestamp,task_type,path,isl_ms,gnd_ms,prop_ms,path_p_isl,path_p_gnd,access_cost_isl,access_cost_gnd,inv_cost_p_isl,inv_cost_p_gnd,trgsat_bg,tn_bg,amf_inst,amf_p0,amf_p1,amf_p2,amf_ms,amf_rho,amf_x,amf_cost,smf_inst,smf_p0,smf_p1,smf_p2,smf_ms,smf_rho,smf_x,smf_cost,upf_inst,upf_p0,upf_p1,upf_p2,upf_ms,upf_rho,upf_x,upf_cost,core_ms,total_ms,on_amf_p0,on_amf_p1,on_amf_p2,on_smf_p0,on_smf_p1,on_smf_p2,on_upf_p0,on_upf_p1,on_upf_p2,gnd_amf_p0,gnd_amf_p1,gnd_amf_p2,gnd_smf_p0,gnd_smf_p1,gnd_smf_p2,gnd_upf_p0,gnd_upf_p1,gnd_upf_p2,on_amf_B0,on_amf_B1,on_amf_B2,on_smf_B0,on_smf_B1,on_smf_B2,on_upf_B0,on_upf_B1,on_upf_B2,gnd_amf_B0,gnd_amf_B1,gnd_amf_B2,gnd_smf_B0,gnd_smf_B1,gnd_smf_B2,gnd_upf_B0,gnd_upf_B1,gnd_upf_B2,global_oracle_ms,access_regret_ms,inst_regret_ms,global_regret_ms,cum_access_regret_ms,cum_inst_regret_ms,cum_global_regret_ms
1,2026-05-14T17:29:23.674550+00:00,instagram,ISL,7.856,40.219,7.856,0.5,0.5,16.277,47.912,0.7464,0.2536,0.525,0.35,0,0.3333,0.3333,0.3333,0.772,0.4966,-0.07283,-0.21233,1,0.3333,0.3333,0.3333,0.927,0.5523,-0.00727,-0.01539,2,0.3333,0.3333,0.3333,2.784,0.6667,0.07842,0.11111,4.483,20.761,0.3537,0.3265,0.3198,0.3441,0.334,0.3219,0.3259,0.3259,0.3483,0.3333,0.3333,0.3333,0.3333,0.3333,0.3333,0.3333,0.3333,0.3333,1.0007,0.9993,0.9984,1.0,1.0001,0.9989,0.9756,0.9722,0.9991,1.0,1.0,1.0,1.0,1.0,1.0,1.0,1.0,1.0,20.882,0.0,0.0,0.0,0.0,0.0,0.0
2,2026-05-14T17:29:29.679768+00:00,instagram,ISL,42.418,43.813,42.418,0.5697,0.4303,51.152,51.567,0.502,0.498,0.542,0.3552,2,0.3537,0.3265,0.3198,6.888,0.6673,0.53879,0.58983,2,0.3441,0.334,0.3219,1.722,0.6135,0.07217,0.1123,2,0.3259,0.3259,0.3483,3.686,0.6667,0.16856,0.22486,12.295,63.447,0.3752,0.3221,0.3027,0.3553,0.3325,0.3122,0.3191,0.3191,0.3619,0.3333,0.3333,0.3333,0.3333,0.3333,0.3333,0.3333,0.3333,0.3333,1.0012,0.9987,0.9944,1.0001,0.9998,0.9981,0.9506,0.9437,0.9973,1.0,1.0,1.0,1.0,1.0,1.0,1.0,1.0,1.0,52.247,0.0,7.655,11.2,0.0,7.655,11.2
3,2026-05-14T17:29:35.686546+00:00,instagram,ISL,20.57,25.494,20.57,0.5685,0.4315,29.64,33.312,0.5292,0.4708,0.559,0.3605,0,0.3752,0.3221,0.3027,0.694,0.5264,-0.08059,-0.23822,1,0.3553,0.3325,0.3122,0.771,0.5349,-0.02287,-0.04922,2,0.3191,0.3191,0.3619,2.246,0.6667,0.02459,0.03611,3.711,33.351,0.3974,0.314,0.2886,0.3658,0.3335,0.3007,0.3107,0.3107,0.3786,0.3333,0.3333,0.3333,0.3333,0.3333,0.3333,0.3333,0.3333,0.3333,1.002,0.9981,0.9929,1.0001,1.0001,0.9969,0.9249,0.9143,0.997,1.0,1.0,1.0,1.0,1.0,1.0,1.0,1.0,1.0,33.992,0.0,0.0,0.0,0.0,7.655,11.2
4,2026-05-14T17:29:41.696559+00:00,instagram,ISL,14.92,26.278,14.92,0.5681,0.4319,24.35,34.161,0.5838,0.4162,0.5758,0.3657,0,0.3974,0.314,0.2886,0.712,0.5397,-0.07884,-0.23261,0,0.3658,0.3335,0.3007,0.885,0.5674,-0.01146,-0.03145,2,0.3107,0.3107,0.3786,3.007,0.6667,0.10069,0.14012,4.604,28.954,0.4197,0.3057,0.2745,0.3783,0.3318,0.2899,0.3031,0.3031,0.3939,0.3333,0.3333,0.3333,0.3333,0.3333,0.3333,0.3333,0.3333,0.3333,1.0028,0.9975,0.9913,1.0002,0.9999,0.9957,0.8985,0.884,0.9958,1.0,1.0,1.0,1.0,1.0,1.0,1.0,1.0,1.0,29.046,0.0,0.0,0.0,0.0,7.655,11.2
5,2026-05-14T17:29:47.697348+00:00,instagram,ISL,35.828,29.459,35.828,0.5783,0.4217,45.646,37.407,0.4504,0.5496,0.5926,0.3709,1,0.4197,0.3057,0.2745,1.485,0.6492,-0.00149,-0.00279,1,0.3783,0.3318,0.2899,0.768,0.5187,-0.02317,-0.04988,2,0.3031,0.3031,0.3939,3.192,0.6667,0.11917,0.16361,5.445,51.091,0.4376,0.3009,0.2615,0.3891,0.3324,0.2785,0.2955,0.2955,0.409,0.3333,0.3333,0.3333,0.3333,0.3333,0.3333,0.3333,0.3333,0.3333,1.0032,0.9975,0.9897,1.0002,1.0001,0.9946,0.8714,0.8526,0.9944,1.0,1.0,1.0,1.0,1.0,1.0,1.0,1.0,1.0,38.089,8.239,0.731,13.002,8.239,8.386,24.202
6,2026-05-14T17:29:53.707100+00:00,instagram,ISL,36.164,25.322,36.164,0.5709,0.4291,46.397,33.337,0.4181,0.5819,0.6091,0.3761,2,0.4376,0.3009,0.2615,2.326,0.6683,0.08264,0.11561,0,0.3891,0.3324,0.2785,0.692,0.557,-0.03084,-0.08698,2,0.2955,0.2955,0.409,2.791,0.6667,0.07913,0.11147,5.809,52.207,0.4557,0.2939,0.2504,0.4036,0.3293,0.267,0.2875,0.2875,0.4251,0.3333,0.3333,0.3333,0.3333,0.3333,0.3333,0.3333,0.3333,0.3333,1.0036,0.9971,0.9887,1.0005,1.0,0.9933,0.8434,0.8201,0.9935,1.0,1.0,1.0,1.0,1.0,1.0,1.0,1.0,1.0,34.019,13.061,1.083,18.188,21.3,9.469,42.39
7,2026-05-14T17:29:59.718839+00:00,instagram,GND,42.924,36.278,36.278,0.5587,0.4413,53.603,44.36,0.4528,0.5472,0.6254,0.3813,1,0.3333,0.3333,0.3333,0.238,0.3451,-0.02624,-0.0838,0,0.3333,0.3333,0.3333,0.217,0.2975,-0.00835,-0.04788,1,0.3333,0.3333,0.3333,0.158,0.2619,-0.02416,-0.09681,0.612,44.973,0.4557,0.2939,0.2504,0.4036,0.3293,0.267,0.2875,0.2875,0.4251,0.3574,0.3312,0.3113,0.3675,0.3255,0.307,0.3605,0.3291,0.3105,1.0036,0.9971,0.9887,1.0005,1.0,0.9933,0.8434,0.8201,0.9935,1.0001,1.0002,0.9998,1.0,1.0,0.9998,1.0001,1.0001,1.0,45.043,0.0,0.0,0.0,21.3,9.469,42.39
8,2026-05-14T17:30:05.747589+00:00,instagram,GND,17.545,21.641,21.641,0.5536,0.4464,28.702,29.791,0.5093,0.4907,0.6415,0.3865,0,0.3574,0.3312,0.3113,0.135,0.3442,-0.03649,-0.17398,2,0.3675,0.3255,0.307,0.409,0.4467,0.01095,0.02646,1,0.3605,0.3291,0.3105,0.355,0.2619,-0.00446,-0.01717,0.9,30.691,0.4557,0.2939,0.2504,0.4036,0.3293,0.267,0.2875,0.2875,0.4251,0.3874,0.3239,0.2887,0.4027,0.3153,0.2821,0.3904,0.3201,0.2895,1.0036,0.9971,0.9887,1.0005,1.0,0.9933,0.8434,0.8201,0.9935,1.0003,1.0002,0.9996,1.0001,1.0,0.9997,1.0002,1.0002,1.0,30.474,1.089,0.217,0.217,22.389,9.685,42.607
9,2026-05-14T17:30:11.745659+00:00,instagram,GND,18.584,28.841,28.841,0.5485,0.4515,30.253,37.06,0.5506,0.4494,0.6572,0.3917,2,0.3874,0.3239,0.2887,0.572,0.4878,0.00722,0.01567,1,0.4027,0.3153,0.2821,0.289,0.292,-0.00107,-0.00375,1,0.3904,0.3201,0.2895,0.42,0.2619,0.00204,0.00775,1.282,38.342,0.4557,0.2939,0.2504,0.4036,0.3293,0.267,0.2875,0.2875,0.4251,0.4133,0.3175,0.2692,0.4389,0.3048,0.2563,0.4216,0.3091,0.2693,1.0036,0.9971,0.9887,1.0005,1.0,0.9933,0.8434,0.8201,0.9935,1.0004,1.0003,0.9996,1.0001,1.0,0.9994,1.0002,1.0002,1.0,34.968,6.807,0.598,3.374,29.196,10.284,45.981
10,2026-05-14T17:30:17.743416+00:00,instagram,ISL,12.561,25.798,12.561,0.5515,0.4485,24.776,34.088,0.5791,0.4209,0.6725,0.3968,0,0.4557,0.2939,0.2504,0.962,0.581,-0.05383,-0.153,1,0.4036,0.3293,0.267,2.298,0.4876,0.12983,0.24088,2,0.2875,0.2875,0.4251,2.262,0.6667,0.02618,0.03827,5.522,30.298,0.475,0.2873,0.2377,0.4194,0.3228,0.2578,0.2787,0.2787,0.4426,0.4133,0.3175,0.2692,0.4389,0.3048,0.2563,0.4216,0.3091,0.2693,1.0041,0.9968,0.987,1.0006,0.999,0.992,0.8145,0.7863,0.9932,1.0004,1.0003,0.9996,1.0001,1.0,0.9994,1.0002,1.0002,1.0,29.472,0.0,0.826,0.826,29.196,11.11,46.807
11,2026-05-14T17:30:23.746871+00:00,instagram,ISL,31.329,28.93,31.329,0.5607,0.4393,44.129,37.291,0.458,0.542,0.6875,0.402,1,0.475,0.2873,0.2377,3.499,0.5921,0.19994,0.31709,0,0.4194,0.3228,0.2578,1.72,0.5046,0.072,0.17767,2,0.2787,0.2787,0.4426,3.015,0.6667,0.10148,0.14063,8.234,52.363,0.4959,0.2768,0.2272,0.4257,0.3244,0.2499,0.2708,0.2708,0.4585,0.4133,0.3175,0.2692,0.4389,0.3048,0.2563,0.4216,0.3091,0.2693,1.0044,0.9953,0.9853,1.0001,0.9989,0.9906,0.7846,0.7511,0.992,1.0004,1.0003,0.9996,1.0001,1.0,0.9994,1.0002,1.0002,1.0,37.975,6.838,3.566,14.388,36.034,14.676,61.195
12,2026-05-14T17:30:29.751869+00:00,instagram,ISL,20.276,22.209,20.276,0.5538,0.4462,33.699,30.642,0.4762,0.5238,0.702,0.4071,2,0.4959,0.2768,0.2272,2.959,0.6847,0.14589,0.19497,1,0.4257,0.3244,0.2499,0.962,0.4804,-0.00377,-0.00794,2,0.2708,0.2708,0.4585,2.372,0.6667,0.0372,0.05386,6.293,39.992,0.5138,0.2706,0.2156,0.4389,0.3224,0.2387,0.2621,0.2621,0.4759,0.4133,0.3175,0.2692,0.4389,0.3048,0.2563,0.4216,0.3091,0.2693,1.0048,0.9951,0.9837,1.0003,0.9989,0.9893,0.7536,0.7143,0.9915,1.0004,1.0003,0.9996,1.0001,1.0,0.9994,1.0002,1.0002,1.0,31.326,3.056,1.659,8.665,39.09,16.335,69.86
13,2026-05-14T17:30:35.758379+00:00,instagram,GND,13.828,26.484,26.484,0.5447,0.4553,27.914,34.99,0.5562,0.4438,0.716,0.4122,1,0.4133,0.3175,0.2692,0.638,0.3346,0.01382,0.04145,1,0.4389,0.3048,0.2563,0.414,0.2882,0.01137,0.03901,1,0.4216,0.3091,0.2693,0.155,0.2619,-0.02452,-0.09832,1.207,36.196,0.5138,0.2706,0.2156,0.4389,0.3224,0.2387,0.2621,0.2621,0.4759,0.4415,0.3082,0.2503,0.4766,0.2914,0.232,0.4506,0.3016,0.2478,1.0048,0.9951,0.9837,1.0003,0.9989,0.9893,0.7536,0.7143,0.9915,1.0005,1.0002,0.9994,1.0001,0.9999,0.9992,1.0003,1.0003,0.9999,32.508,7.075,0.523,3.688,46.166,16.858,73.548
14,2026-05-14T17:30:41.764532+00:00,instagram,ISL,16.263,29.167,16.263,0.549,0.451,31.052,37.747,0.5487,0.4513,0.7295,0.4172,0,0.5138,0.2706,0.2156,1.076,0.5619,-0.04244,-0.11875,0,0.4389,0.3224,0.2387,0.582,0.4634,-0.04178,-0.11977,2,0.2621,0.2621,0.4759,2.159,0.6667,0.01587,0.02333,3.817,34.868,0.5316,0.2646,0.2039,0.455,0.3182,0.2269,0.253,0.253,0.4939,0.4415,0.3082,0.2503,0.4766,0.2914,0.232,0.4506,0.3016,0.2478,1.0052,0.995,0.9819,1.0006,0.9989,0.9878,0.7213,0.6756,0.9913,1.0005,1.0002,0.9994,1.0001,0.9999,0.9992,1.0003,1.0003,0.9999,35.602,0.0,0.0,0.0,46.166,16.858,73.548
15,2026-05-14T17:30:47.770527+00:00,browsing,GND,30.137,29.495,29.495,0.5,0.5,45.669,38.15,0.4551,0.5449,0.7425,0.4223,1,0.4415,0.3082,0.2503,0.506,0.2993,0.0006,0.00183,0,0.4766,0.2914,0.232,0.092,0.2778,-0.02084,-0.12413,2,0.3333,0.3333,0.3333,0.529,0.2755,0.01287,0.04119,1.126,39.276,0.5316,0.2646,0.2039,0.455,0.3182,0.2269,0.3333,0.3333,0.3333,0.4691,0.2992,0.2317,0.519,0.2747,0.2063,0.4187,0.3072,0.2742,1.0052,0.995,0.9819,1.0006,0.9989,0.9878,1.0,1.0,1.0,1.0007,1.0002,0.9992,1.0002,0.9999,0.999,1.0001,1.0001,0.9999,38.745,0.0,0.532,0.532,46.166,17.389,74.08
16,2026-05-14T17:30:53.776241+00:00,browsing,GND,18.59,25.772,25.772,0.4939,0.5061,34.904,34.502,0.4971,0.5029,0.7548,0.4273,2,0.4691,0.2992,0.2317,0.536,0.4638,0.00358,0.00779,0,0.519,0.2747,0.2063,0.201,0.2765,-0.00995,-0.05733,0,0.4187,0.3072,0.2742,0.037,0.1029,-0.03625,-0.38169,0.774,35.276,0.5316,0.2646,0.2039,0.455,0.3182,0.2269,0.3333,0.3333,0.3333,0.4957,0.2904,0.2139,0.5558,0.26,0.1841,0.5226,0.2648,0.2126,1.0052,0.995,0.9819,1.0006,0.9989,0.9878,1.0,1.0,1.0,1.0008,1.0003,0.9992,1.0003,0.9999,0.9988,1.0002,1.0002,0.9999,35.096,0.0,0.179,0.179,46.166,17.568,74.259
17,2026-05-14T17:30:59.789579+00:00,browsing,GND,17.438,21.558,21.558,0.491,0.509,34.57,30.364,0.4676,0.5324,0.7665,0.4322,1,0.4957,0.2904,0.2139,0.283,0.2972,-0.02172,-0.06886,1,0.5558,0.26,0.1841,1.064,0.2575,0.07644,0.23696,1,0.5226,0.2648,0.2126,0.112,0.1821,-0.02883,-0.15375,1.459,31.823,0.5316,0.2646,0.2039,0.455,0.3182,0.2269,0.3333,0.3333,0.3333,0.5216,0.2824,0.196,0.5968,0.2384,0.1648,0.6073,0.2297,0.163,1.0052,0.995,0.9819,1.0006,0.9989,0.9878,1.0,1.0,1.0,1.0009,1.0004,0.999,1.0003,0.9995,0.9985,1.0003,1.0003,1.0,30.958,0.0,0.865,0.865,46.166,18.433,75.124
18,2026-05-14T17:31:05.800646+00:00,browsing,GND,19.079,29.368,29.368,0.4821,0.5179,37.062,38.251,0.5079,0.4921,0.7776,0.4371,1,0.5216,0.2824,0.196,0.153,0.2963,-0.03469,-0.11241,0,0.5968,0.2384,0.1648,0.341,0.2733,0.00406,0.02249,0,0.6073,0.2297,0.163,0.079,0.1029,-0.0321,-0.32987,0.573,38.824,0.5316,0.2646,0.2039,0.455,0.3182,0.2269,0.3333,0.3333,0.3333,0.5462,0.2752,0.1787,0.6264,0.2261,0.1474,0.6935,0.1871,0.1194,1.0052,0.995,0.9819,1.0006,0.9989,0.9878,1.0,1.0,1.0,1.001,1.0007,0.9988,1.0003,0.9995,0.9983,1.0004,1.0004,1.0,38.845,1.189,0.0,0.0,47.354,18.433,75.124
19,2026-05-14T17:31:11.811781+00:00,browsing,ISL,14.182,25.963,14.182,0.4813,0.5187,33.044,34.924,0.5138,0.4862,0.7879,0.442,0,0.5316,0.2646,0.2039,0.558,0.4585,-0.09424,-0.28622,2,0.455,0.3182,0.2269,2.143,0.6318,0.11432,0.17068,0,0.3333,0.3333,0.3333,2.657,0.5,0.0657,0.11171,5.358,38.402,0.5548,0.2553,0.1899,0.4699,0.3141,0.216,0.3355,0.329,0.3355,0.5462,0.2752,0.1787,0.6264,0.2261,0.1474,0.6935,0.1871,0.1194,1.0061,0.9953,0.9804,1.0009,0.9989,0.9866,0.9993,0.9989,1.0001,1.001,1.0007,0.9988,1.0003,0.9995,0.9983,1.0004,1.0004,1.0,35.518,0.0,2.693,2.884,47.354,21.126,78.008
20,2026-05-14T17:31:17.816190+00:00,browsing,ISL,35.755,29.351,35.755,0.4811,0.5189,55.515,38.391,0.4088,0.5912,0.7976,0.4469,1,0.5548,0.2553,0.1899,1.486,0.4822,-0.00136,-0.00255,2,0.4699,0.3141,0.216,1.877,0.6369,0.08769,0.13332,0,0.3355,0.329,0.3355,1.078,0.5,-0.09221,-0.18161,4.441,59.956,0.5752,0.2469,0.1779,0.4847,0.3096,0.2058,0.3438,0.3217,0.3345,0.5462,0.2752,0.1787,0.6264,0.2261,0.1474,0.6935,0.1871,0.1194,1.0068,0.9953,0.9789,1.0012,0.9989,0.9857,1.0006,0.9979,1.0002,1.001,1.0007,0.9988,1.0003,0.9995,0.9983,1.0004,1.0004,1.0,38.984,17.124,1.813,20.972,64.478,22.939,98.98
21,2026-05-14T17:31:23.826511+00:00,browsing,ISL,11.363,22.075,11.363,0.4719,0.5281,32.03,31.194,0.4934,0.5066,0.8065,0.4517,0,0.5752,0.2469,0.1779,1.205,0.4272,-0.02949,-0.08115,2,0.4847,0.3096,0.2058,1.88,0.6418,0.08799,0.13363,2,0.3438,0.3217,0.3345,1.353,0.5667,-0.06469,-0.10854,4.438,36.468,0.5901,0.2419,0.168,0.4996,0.3046,0.1958,0.3505,0.314,0.3355,0.5462,0.2752,0.1787,0.6264,0.2261,0.1474,0.6935,0.1871,0.1194,1.0071,0.9955,0.9774,1.0016,0.9989,0.9848,1.0016,0.9968,1.0011,1.001,1.0007,0.9988,1.0003,0.9995,0.9983,1.0004,1.0004,1.0,31.786,0.836,1.843,4.682,65.314,24.782,103.662
22,2026-05-14T17:31:29.827206+00:00,browsing,GND,20.537,25.894,25.894,0.4676,0.5324,42.109,35.093,0.4546,0.5454,0.8146,0.4564,0,0.5462,0.2752,0.1787,0.279,0.3155,-0.02214,-0.10199,0,0.6264,0.2261,0.1474,0.234,0.2645,-0.00663,-0.03782,0,0.6935,0.1871,0.1194,0.053,0.1029,-0.03467,-0.36176,0.566,35.658,0.5901,0.2419,0.168,0.4996,0.3046,0.1958,0.3505,0.314,0.3355,0.572,0.2649,0.163,0.6588,0.2113,0.1299,0.7711,0.1455,0.0835,1.0071,0.9955,0.9774,1.0016,0.9989,0.9848,1.0016,0.9968,1.0011,1.0011,1.0008,0.9986,1.0003,0.9995,0.9981,1.0005,1.0004,1.0,35.684,0.0,0.0,0.0,65.314,24.782,103.662
23,2026-05-14T17:31:35.835015+00:00,browsing,GND,16.893,29.019,29.019,0.4603,0.5397,39.353,38.298,0.4932,0.5068,0.8219,0.4612,1,0.572,0.2649,0.163,0.14,0.2939,-0.03603,-0.11703,0,0.6588,0.2113,0.1299,0.114,0.2618,-0.01858,-0.10993,2,0.7711,0.1455,0.0835,0.675,0.2755,0.02753,0.08609,0.929,39.227,0.5901,0.2419,0.168,0.4996,0.3046,0.1958,0.3505,0.314,0.3355,0.5955,0.2568,0.1477,0.6942,0.1936,0.1122,0.8273,0.1145,0.0582,1.0071,0.9955,0.9774,1.0016,0.9989,0.9848,1.0016,0.9968,1.0011,1.0012,1.001,0.9984,1.0004,0.9995,0.9979,1.0006,1.0005,0.9998,38.888,0.0,0.339,0.339,65.314,25.121,104.001
24,2026-05-14T17:31:41.847333+00:00,browsing,GND,13.759,28.644,28.644,0.458,0.542,37.07,38.005,0.5062,0.4938,0.8284,0.4658,0,0.5955,0.2568,0.1477,0.145,0.3103,-0.03555,-0.1693,0,0.6942,0.1936,0.1122,0.22,0.259,-0.00805,-0.04613,2,0.8273,0.1145,0.0582,0.489,0.2755,0.00892,0.02872,0.853,38.858,0.5901,0.2419,0.168,0.4996,0.3046,0.1958,0.3505,0.314,0.3355,0.6241,0.2433,0.1325,0.7234,0.1789,0.0977,0.8713,0.0884,0.0402,1.0071,0.9955,0.9774,1.0016,0.9989,0.9848,1.0016,0.9968,1.0011,1.0014,1.0011,0.9983,1.0004,0.9994,0.9976,1.0007,1.0006,0.9998,38.594,0.934,0.264,0.264,66.248,25.384,104.265
25,2026-05-14T17:31:47.862440+00:00,browsing,GND,32.203,31.612,31.612,0.4571,0.5429,56.313,41.054,0.4216,0.5784,0.8341,0.4704,0,0.6241,0.2433,0.1325,0.349,0.3074,-0.01508,-0.06834,2,0.7234,0.1789,0.0977,1.192,0.4449,0.08921,0.19714,2,0.8713,0.0884,0.0402,0.484,0.2755,0.00843,0.02714,2.026,43.08,0.5901,0.2419,0.168,0.4996,0.3046,0.1958,0.3505,0.314,0.3355,0.6461,0.2335,0.1204,0.7522,0.1643,0.0835,0.9052,0.0674,0.0274,1.0071,0.9955,0.9774,1.0016,0.9989,0.9848,1.0016,0.9968,1.0011,1.0015,1.0012,0.9981,1.0004,0.9994,0.997,1.0008,1.0007,0.9997,41.643,0.0,1.437,1.437,66.248,26.821,105.702
26,2026-05-14T17:31:53.869664+00:00,browsing,ISL,35.132,21.518,35.132,0.4498,0.5502,59.965,31.042,0.3411,0.6589,0.8389,0.475,1,0.5901,0.2419,0.168,0.938,0.4887,-0.05616,-0.11083,2,0.4996,0.3046,0.1958,2.864,0.6622,0.18639,0.26415,2,0.3505,0.314,0.3355,1.317,0.5667,-0.06828,-0.11503,5.119,65.084,0.6101,0.2344,0.1555,0.5157,0.2995,0.1848,0.3571,0.3062,0.3366,0.6461,0.2335,0.1204,0.7522,0.1643,0.0835,0.9052,0.0674,0.0274,1.0079,0.9962,0.9755,1.0019,0.9988,0.983,1.0026,0.9958,1.0021,1.0015,1.0012,0.9981,1.0004,0.9994,0.997,1.0008,1.0007,0.9997,31.63,28.923,2.627,33.454,95.171,29.448,139.156
27,2026-05-14T17:31:59.878085+00:00,browsing,ISL,41.98,40.824,41.98,0.4306,0.5694,67.441,50.43,0.4278,0.5722,0.8429,0.4795,0,0.6101,0.2344,0.1555,0.631,0.3538,-0.0869,-0.2615,1,0.5157,0.2995,0.1848,0.957,0.4873,-0.00431,-0.00908,2,0.3571,0.3062,0.3366,3.284,0.5667,0.12837,0.18568,4.872,72.313,0.6314,0.225,0.1436,0.5309,0.2946,0.1745,0.3667,0.3008,0.3325,0.6461,0.2335,0.1204,0.7522,0.1643,0.0835,0.9052,0.0674,0.0274,1.0087,0.9964,0.9736,1.0022,0.9988,0.9816,1.0036,0.9947,1.0007,1.0015,1.0012,0.9981,1.0004,0.9994,0.997,1.0008,1.0007,0.9997,51.017,17.011,2.385,21.296,112.181,31.833,160.452
28,2026-05-14T17:32:05.887945+00:00,browsing,ISL,22.893,31.168,22.893,0.4259,0.5741,48.867,40.857,0.4554,0.5446,0.846,0.484,1,0.6314,0.225,0.1436,2.281,0.4992,0.0781,0.13611,0,0.5309,0.2946,0.1745,0.395,0.3435,-0.06047,-0.17879,0,0.3667,0.3008,0.3325,1.37,0.5,-0.06305,-0.12101,4.046,52.913,0.654,0.2132,0.1328,0.5491,0.2871,0.1638,0.3738,0.2944,0.3318,0.6461,0.2335,0.1204,0.7522,0.1643,0.0835,0.9052,0.0674,0.0274,1.0096,0.9957,0.9717,1.0028,0.9987,0.9801,1.0044,0.9937,1.0008,1.0015,1.0012,0.9981,1.0004,0.9994,0.997,1.0008,1.0007,0.9997,41.443,8.01,1.561,11.47,120.191,33.395,171.922
29,2026-05-14T17:32:11.890529+00:00,browsing,ISL,17.393,25.353,17.393,0.4209,0.5791,43.747,35.125,0.4453,0.5547,0.8482,0.4883,0,0.654,0.2132,0.1328,0.345,0.3441,-0.11551,-0.366,0,0.5491,0.2871,0.1638,0.364,0.3504,-0.0636,-0.18909,0,0.3738,0.2944,0.3318,1.115,0.5,-0.08849,-0.17454,1.824,45.571,0.6784,0.2011,0.1205,0.5676,0.279,0.1534,0.3824,0.2873,0.3303,0.6461,0.2335,0.1204,0.7522,0.1643,0.0835,0.9052,0.0674,0.0274,1.0108,0.9958,0.9697,1.0033,0.9986,0.9786,1.0055,0.9926,1.0009,1.0015,1.0012,0.9981,1.0004,0.9994,0.997,1.0008,1.0007,0.9997,35.709,8.622,0.0,9.862,128.813,33.395,181.783
30,2026-05-14T17:32:17.903279+00:00,gaming,ISL,22.386,34.795,22.386,0.5,0.5,48.974,44.65,0.4769,0.5231,0.8496,0.4927,0,0.6784,0.2011,0.1205,0.106,0.1524,-0.13936,-0.46265,1,0.5676,0.279,0.1534,0.331,0.2755,-0.06691,-0.15132,1,0.3333,0.3333,0.3333,0.653,0.237,-0.13473,-0.25855,1.09,50.064,0.7031,0.188,0.1089,0.5803,0.2749,0.1448,0.4221,0.2985,0.2794,0.6461,0.2335,0.1204,0.7522,0.1643,0.0835,0.3333,0.3333,0.3333,1.0125,0.9967,0.9699,1.0038,0.9993,0.9784,1.0024,1.0021,0.9989,1.0015,1.0012,0.9981,1.0004,0.9994,0.997,1.0,1.0,1.0,45.146,4.323,0.0,4.918,133.136,33.395,186.701
31,2026-05-14T17:32:23.905326+00:00,gaming,GND,19.889,31.698,31.698,0.4976,0.5024,46.556,41.637,0.4721,0.5279,0.85,0.4969,0,0.6461,0.2335,0.1204,0.394,0.1719,-0.01059,-0.04751,1,0.7522,0.1643,0.0835,0.306,0.1218,0.00063,0.00221,2,0.3333,0.3333,0.3333,0.185,0.1469,-0.02152,-0.06038,0.885,42.522,0.7031,0.188,0.1089,0.5803,0.2749,0.1448,0.4221,0.2985,0.2794,0.6657,0.2245,0.1098,0.7779,0.1501,0.072,0.7676,0.1324,0.1,1.0125,0.9967,0.9699,1.0038,0.9993,0.9784,1.0024,1.0021,0.9989,1.0015,1.0013,0.998,1.0005,0.9994,0.9969,1.0001,1.0001,1.0002,42.132,0.0,0.391,0.391,133.136,33.785,187.092
32,2026-05-14T17:32:29.911062+00:00,gaming,GND,42.302,29.051,29.051,0.4944,0.5056,68.89,39.074,0.3619,0.6381,0.8496,0.5011,0,0.6657,0.2245,0.1098,0.394,0.168,-0.01061,-0.04762,0,0.7779,0.1501,0.072,0.354,0.1427,0.0054,0.02978,0,0.7676,0.1324,0.1,0.139,0.0229,-0.02615,-0.61189,0.886,39.961,0.7031,0.188,0.1089,0.5803,0.2749,0.1448,0.4221,0.2985,0.2794,0.6846,0.2154,0.1,0.7972,0.1396,0.0632,0.924,0.0486,0.0275,1.0125,0.9967,0.9699,1.0038,0.9993,0.9784,1.0024,1.0021,0.9989,1.0016,1.0014,0.998,1.0005,0.9994,0.9967,1.0002,1.0002,1.0002,39.568,0.0,0.393,0.393,133.136,34.178,187.484
33,2026-05-14T17:32:35.920894+00:00,gaming,ISL,44.763,33.429,44.763,0.4831,0.5169,71.116,43.536,0.3797,0.6203,0.8482,0.5053,0,0.7031,0.188,0.1089,0.237,0.1633,-0.12634,-0.40989,2,0.5803,0.2749,0.1448,1.808,0.3723,0.08081,0.12252,2,0.4221,0.2985,0.2794,2.701,0.4444,0.07014,0.06107,4.746,75.862,0.7246,0.1765,0.099,0.5948,0.2689,0.1362,0.5172,0.2569,0.2259,0.6846,0.2154,0.1,0.7972,0.1396,0.0632,0.924,0.0486,0.0275,1.014,0.9975,0.97,1.0042,0.9996,0.9775,1.0047,1.0038,0.9975,1.0016,1.0014,0.998,1.0005,0.9994,0.9967,1.0002,1.0002,1.0002,44.029,27.581,3.459,31.834,160.717,37.636,219.318
34,2026-05-14T17:32:41.934773+00:00,gaming,GND,43.347,36.571,36.571,0.4746,0.5254,69.321,46.762,0.4028,0.5972,0.846,0.5094,2,0.6846,0.2154,0.1,0.285,0.2624,-0.02147,-0.04801,0,0.7972,0.1396,0.0632,0.201,0.1352,-0.00993,-0.05722,0,0.924,0.0486,0.0275,0.035,0.0229,-0.03652,-1.01978,0.521,47.283,0.7246,0.1765,0.099,0.5948,0.2689,0.1362,0.5172,0.2569,0.2259,0.7058,0.2038,0.0903,0.8189,0.1269,0.0542,0.9667,0.0167,0.0167,1.014,0.9975,0.97,1.0042,0.9996,0.9775,1.0047,1.0038,0.9975,1.0017,1.0015,0.9982,1.0005,0.9994,0.9966,1.0003,1.0003,1.0002,47.254,0.0,0.029,0.029,160.717,37.665,219.347
35,2026-05-14T17:32:47.942491+00:00,gaming,ISL,17.38,24.902,17.38,0.4681,0.5319,42.842,35.176,0.4509,0.5491,0.8429,0.5134,0,0.7246,0.1765,0.099,0.695,0.1817,-0.08052,-0.24139,0,0.5948,0.2689,0.1362,0.195,0.2342,-0.08046,-0.24632,0,0.5172,0.2569,0.2259,0.356,0.1111,-0.16439,-0.90616,1.246,44.088,0.7392,0.169,0.0918,0.6125,0.2599,0.1276,0.6079,0.2148,0.1774,0.7058,0.2038,0.0903,0.8189,0.1269,0.0542,0.9667,0.0167,0.0167,1.0147,0.9983,0.9702,1.005,0.9998,0.9773,1.007,1.0055,0.9964,1.0017,1.0015,0.9982,1.0005,0.9994,0.9966,1.0003,1.0003,1.0002,35.667,7.665,0.0,8.42,168.383,37.665,227.767
36,2026-05-14T17:32:53.947302+00:00,gaming,GND,17.798,21.568,21.568,0.4611,0.5389,42.631,31.926,0.4282,0.5718,0.8389,0.5173,0,0.7058,0.2038,0.0903,0.285,0.1514,-0.02148,-0.09889,1,0.8189,0.1269,0.0542,0.672,0.1294,0.03721,0.12233,0,0.9667,0.0167,0.0167,0.021,0.0229,-0.03795,-1.09159,0.978,32.904,0.7392,0.169,0.0918,0.6125,0.2599,0.1276,0.6079,0.2148,0.1774,0.7256,0.1932,0.0812,0.8408,0.1128,0.0464,0.9667,0.0167,0.0167,1.0147,0.9983,0.9702,1.005,0.9998,0.9773,1.007,1.0055,0.9964,1.0018,1.0016,0.9981,1.0006,0.9992,0.9964,1.0004,1.0004,1.0002,32.416,0.0,0.487,0.487,168.383,38.153,228.255
37,2026-05-14T17:32:59.955027+00:00,gaming,GND,30.045,28.93,28.93,0.4498,0.5502,54.155,39.371,0.421,0.579,0.8341,0.5211,0,0.7256,0.1932,0.0812,0.208,0.1472,-0.02919,-0.13694,0,0.8408,0.1128,0.0464,0.067,0.1239,-0.02329,-0.13986,0,0.9667,0.0167,0.0167,0.038,0.0229,-0.03621,-1.00525,0.313,39.684,0.7392,0.169,0.0918,0.6125,0.2599,0.1276,0.6079,0.2148,0.1774,0.7462,0.1814,0.0724,0.8616,0.0997,0.0387,0.9667,0.0167,0.0167,1.0147,0.9983,0.9702,1.005,0.9998,0.9773,1.007,1.0055,0.9964,1.002,1.0017,0.9981,1.0006,0.9992,0.9963,1.0005,1.0004,1.0002,39.861,0.0,0.0,0.0,168.383,38.153,228.255
38,2026-05-14T17:33:05.955355+00:00,gaming,ISL,18.003,25.743,18.003,0.4421,0.5579,41.315,36.267,0.4675,0.5325,0.8284,0.5249,0,0.7392,0.169,0.0918,0.19,0.2215,-0.13105,-0.43016,1,0.6125,0.2599,0.1276,2.559,0.3386,0.15593,0.28294,0,0.6079,0.2148,0.1774,0.077,0.1111,-0.19233,-1.20282,2.826,44.14,0.7599,0.1573,0.0828,0.6304,0.248,0.1216,0.723,0.156,0.121,0.7462,0.1814,0.0724,0.8616,0.0997,0.0387,0.9667,0.0167,0.0167,1.0163,0.999,0.9703,1.0054,0.9987,0.9771,1.0105,1.0072,0.9953,1.002,1.0017,0.9981,1.0006,0.9992,0.9963,1.0005,1.0004,1.0002,36.756,5.047,1.44,7.384,173.43,39.592,235.639
39,2026-05-14T17:33:11.965993+00:00,gaming,GND,30.01,21.999,21.999,0.4372,0.5628,52.469,32.606,0.3833,0.6167,0.8219,0.5286,0,0.7462,0.1814,0.0724,0.109,0.139,-0.03913,-0.1882,0,0.8616,0.0997,0.0387,0.084,0.1165,-0.02158,-0.12888,0,0.9667,0.0167,0.0167,0.057,0.0229,-0.03431,-0.91834,0.25,32.856,0.7599,0.1573,0.0828,0.6304,0.248,0.1216,0.723,0.156,0.121,0.768,0.1683,0.0637,0.8796,0.0881,0.0323,0.9667,0.0167,0.0167,1.0163,0.999,0.9703,1.0054,0.9987,0.9771,1.0105,1.0072,0.9953,1.0022,1.0018,0.998,1.0007,0.9992,0.9962,1.0006,1.0005,1.0001,33.094,0.0,0.0,0.0,173.43,39.592,235.639
40,2026-05-14T17:33:17.969293+00:00,gaming,ISL,37.167,30.262,37.167,0.4227,0.5773,58.739,40.951,0.4108,0.5892,0.8146,0.5322,0,0.7599,0.1573,0.0828,0.223,0.2524,-0.12774,-0.41745,0,0.6304,0.248,0.1216,0.638,0.3011,-0.03621,-0.10351,0,0.723,0.156,0.121,0.769,0.1111,-0.1231,-0.59488,1.629,60.369,0.7791,0.1463,0.0746,0.6423,0.2423,0.1153,0.7703,0.1329,0.0968,0.768,0.1683,0.0637,0.8796,0.0881,0.0323,0.9667,0.0167,0.0167,1.0178,0.9997,0.9704,1.0057,0.9988,0.977,1.0118,1.0089,0.9942,1.0022,1.0018,0.998,1.0007,0.9992,0.9962,1.0006,1.0005,1.0001,41.438,17.788,0.194,18.93,191.218,39.787,254.569
41,2026-05-14T17:33:23.973984+00:00,gaming,GND,29.056,26.038,26.038,0.4151,0.5849,49.723,36.809,0.4254,0.5746,0.8065,0.5358,0,0.768,0.1683,0.0637,0.229,0.1309,-0.02715,-0.12674,0,0.8796,0.0881,0.0323,0.211,0.1093,-0.00892,-0.05127,0,0.9667,0.0167,0.0167,0.04,0.0229,-0.03601,-0.99574,0.479,37.288,0.7791,0.1463,0.0746,0.6423,0.2423,0.1153,0.7703,0.1329,0.0968,0.7858,0.1576,0.0566,0.8932,0.0793,0.0275,0.9667,0.0167,0.0167,1.0178,0.9997,0.9704,1.0057,0.9988,0.977,1.0118,1.0089,0.9942,1.0023,1.0019,0.998,1.0008,0.9992,0.996,1.0007,1.0006,1.0001,37.295,0.0,0.0,0.0,191.218,39.787,254.569
42,2026-05-14T17:33:29.989469+00:00,gaming,ISL,17.459,27.018,17.459,0.4068,0.5932,37.218,37.869,0.5043,0.4957,0.7976,0.5392,2,0.7791,0.1463,0.0746,0.968,0.3935,-0.05322,-0.0807,1,0.6423,0.2423,0.1153,0.425,0.3563,-0.05754,-0.1287,0,0.7703,0.1329,0.0968,0.187,0.1111,-0.18131,-1.08564,1.579,38.798,0.7928,0.1384,0.0688,0.653,0.2382,0.1089,0.8411,0.0944,0.0645,0.7858,0.1576,0.0566,0.8932,0.0793,0.0275,0.9667,0.0167,0.0167,1.0187,1.0003,0.9712,1.006,0.9995,0.9768,1.0147,1.0106,0.9931,1.0023,1.0019,0.998,1.0008,0.9992,0.996,1.0007,1.0006,1.0001,38.355,0.0,0.095,0.443,191.218,39.882,255.012
43,2026-05-14T17:33:36.045008+00:00,gaming,GND,22.117,25.594,25.594,0.4065,0.5935,40.979,36.526,0.4713,0.5287,0.7879,0.5426,0,0.7858,0.1576,0.0566,0.177,0.1233,-0.03234,-0.15295,0,0.8932,0.0793,0.0275,0.245,0.1025,-0.00545,-0.03105,0,0.9667,0.0167,0.0167,0.062,0.0229,-0.03382,-0.89713,0.484,37.01,0.7928,0.1384,0.0688,0.653,0.2382,0.1089,0.8411,0.0944,0.0645,0.8035,0.1466,0.0499,0.9049,0.0716,0.0234,0.9667,0.0167,0.0167,1.0187,1.0003,0.9712,1.006,0.9995,0.9768,1.0147,1.0106,0.9931,1.0025,1.002,0.9979,1.0008,0.9992,0.9959,1.0008,1.0007,1.0001,37.011,0.0,0.0,0.0,191.218,39.882,255.012
44,2026-05-14T17:33:42.045274+00:00,gaming,GND,29.476,26.359,26.359,0.4021,0.5979,47.459,37.371,0.4405,0.5595,0.7776,0.5459,0,0.8035,0.1466,0.0499,0.402,0.1196,-0.00982,-0.04403,0,0.9049,0.0716,0.0234,0.309,0.0993,0.00087,0.00487,0,0.9667,0.0167,0.0167,0.041,0.0229,-0.03594,-0.99276,0.751,38.122,0.7928,0.1384,0.0688,0.653,0.2382,0.1089,0.8411,0.0944,0.0645,0.8161,0.139,0.0449,0.9147,0.0652,0.0201,0.9667,0.0167,0.0167,1.0187,1.0003,0.9712,1.006,0.9995,0.9768,1.0147,1.0106,0.9931,1.0026,1.0021,0.9979,1.0008,0.9992,0.9957,1.0009,1.0008,1.0001,37.855,0.0,0.267,0.267,191.218,40.149,255.279
45,2026-05-14T17:33:48.045681+00:00,browsing,GND,17.929,21.486,21.486,0.4129,0.5871,35.061,32.576,0.4816,0.5184,0.7665,0.5491,2,0.8161,0.139,0.0449,0.326,0.4723,-0.01745,-0.03883,0,0.9147,0.0652,0.0201,0.117,0.1854,-0.01827,-0.10803,0,0.9052,0.0674,0.0274,0.057,0.1029,-0.0343,-0.3572,0.5,33.076,0.7928,0.1384,0.0688,0.653,0.2382,0.1089,0.3824,0.2873,0.3303,0.8304,0.1296,0.0401,0.9259,0.0574,0.0167,0.9335,0.0487,0.0178,1.0187,1.0003,0.9712,1.006,0.9995,0.9768,1.0055,0.9926,1.0009,1.0027,1.0021,0.9981,1.0009,0.9992,0.9955,1.0009,1.0008,0.9997,33.144,0.0,0.0,0.0,191.218,40.149,255.279
46,2026-05-14T17:33:54.065638+00:00,browsing,GND,36.967,29.597,29.597,0.4072,0.5928,53.281,40.764,0.4334,0.5666,0.7548,0.5523,0,0.8304,0.1296,0.0401,0.305,0.2271,-0.01953,-0.08956,0,0.9259,0.0574,0.0167,0.062,0.1825,-0.02382,-0.14333,0,0.9335,0.0487,0.0178,0.022,0.1029,-0.03775,-0.40146,0.389,41.153,0.7928,0.1384,0.0688,0.653,0.2382,0.1089,0.3824,0.2873,0.3303,0.8432,0.1213,0.0355,0.9336,0.0498,0.0167,0.9496,0.0338,0.0167,1.0187,1.0003,0.9712,1.006,0.9995,0.9768,1.0055,0.9926,1.0009,1.0028,1.0022,0.9979,1.001,0.9991,0.9953,1.001,1.0008,0.9998,41.331,0.0,0.0,0.0,191.218,40.149,255.279
47,2026-05-14T17:34:00.070008+00:00,browsing,GND,26.624,22.751,22.751,0.4006,0.5994,42.156,33.995,0.4464,0.5536,0.7425,0.5553,1,0.8432,0.1213,0.0355,0.339,0.326,-0.01615,-0.05083,0,0.9336,0.0498,0.0167,0.116,0.1796,-0.01841,-0.1089,0,0.9496,0.0338,0.0167,0.166,0.1029,-0.0234,-0.22934,0.621,34.615,0.7928,0.1384,0.0688,0.653,0.2382,0.1089,0.3824,0.2873,0.3303,0.8556,0.1131,0.0313,0.9398,0.0435,0.0167,0.9576,0.0257,0.0167,1.0187,1.0003,0.9712,1.006,0.9995,0.9768,1.0055,0.9926,1.0009,1.0029,1.0023,0.9977,1.001,0.9991,0.9951,1.0011,1.0009,0.9998,34.561,0.0,0.054,0.054,191.218,40.203,255.333
48,2026-05-14T17:34:06.076071+00:00,browsing,GND,31.002,29.033,29.033,0.392,0.608,45.791,40.351,0.4684,0.5316,0.7295,0.5582,1,0.8556,0.1131,0.0313,0.425,0.3284,-0.00755,-0.02344,0,0.9398,0.0435,0.0167,0.243,0.177,-0.00566,-0.03222,0,0.9576,0.0257,0.0167,0.057,0.1029,-0.03431,-0.35742,0.725,41.076,0.7928,0.1384,0.0688,0.653,0.2382,0.1089,0.3824,0.2873,0.3303,0.8675,0.1049,0.0276,0.9444,0.0389,0.0167,0.9651,0.0182,0.0167,1.0187,1.0003,0.9712,1.006,0.9995,0.9768,1.0055,0.9926,1.0009,1.003,1.0024,0.9975,1.0011,0.9991,0.9949,1.0012,1.001,0.9998,40.917,0.0,0.159,0.159,191.218,40.362,255.492
49,2026-05-14T17:34:12.086140+00:00,browsing,ISL,19.056,21.764,19.056,0.3877,0.6123,33.142,33.156,0.5001,0.4999,0.716,0.5611,0,0.7928,0.1384,0.0688,0.84,0.5416,-0.06599,-0.19428,0,0.653,0.2382,0.1089,0.574,0.5304,-0.04263,-0.12312,2,0.3824,0.2873,0.3303,2.077,0.5667,0.00775,0.01224,3.491,36.633,0.8066,0.1303,0.063,0.6678,0.23,0.1021,0.3907,0.2807,0.3286,0.8675,0.1049,0.0276,0.9444,0.0389,0.0167,0.9651,0.0182,0.0167,1.0193,0.9998,0.9692,1.0064,0.9991,0.9755,1.0065,0.9916,1.0008,1.003,1.0024,0.9975,1.0011,0.9991,0.9949,1.0012,1.001,0.9998,33.721,0.0,0.407,2.912,191.218,40.769,258.404
50,2026-05-14T17:34:18.093972+00:00,browsing,GND,29.246,26.272,26.272,0.3847,0.6153,42.669,37.736,0.4693,0.5307,0.702,0.5638,0,0.8675,0.1049,0.0276,0.117,0.216,-0.03834,-0.18427,0,0.9444,0.0389,0.0167,0.235,0.1722,-0.00653,-0.03731,0,0.9651,0.0182,0.0167,0.091,0.1029,-0.03094,-0.31619,0.442,38.178,0.8066,0.1303,0.063,0.6678,0.23,0.1021,0.3907,0.2807,0.3286,0.8804,0.0958,0.0239,0.9486,0.0347,0.0167,0.9667,0.0167,0.0167,1.0193,0.9998,0.9692,1.0064,0.9991,0.9755,1.0065,0.9916,1.0008,1.0033,1.0024,0.9974,1.0011,0.9991,0.9946,1.0013,1.0011,0.9998,38.301,0.0,0.0,0.0,191.218,40.769,258.404
51,2026-05-14T17:34:24.094520+00:00,browsing,GND,16.421,25.677,25.677,0.3798,0.6202,29.221,37.211,0.5601,0.4399,0.6875,0.5665,0,0.8804,0.0958,0.0239,0.217,0.2138,-0.02829,-0.13261,0,0.9486,0.0347,0.0167,0.13,0.1701,-0.01699,-0.1001,0,0.9667,0.0167,0.0167,0.212,0.1029,-0.01879,-0.17987,0.559,37.77,0.8066,0.1303,0.063,0.6678,0.23,0.1021,0.3907,0.2807,0.3286,0.8908,0.0883,0.0209,0.953,0.0304,0.0167,0.9667,0.0167,0.0167,1.0193,0.9998,0.9692,1.0064,0.9991,0.9755,1.0065,0.9916,1.0008,1.0034,1.0025,0.9972,1.0011,0.999,0.9944,1.0013,1.0011,0.9998,32.285,7.989,0.0,5.485,199.207,40.769,263.89
52,2026-05-14T17:34:30.107216+00:00,browsing,ISL,15.362,25.033,15.362,0.3864,0.6136,27.577,36.636,0.5705,0.4295,0.6725,0.5691,1,0.8066,0.1303,0.063,6.941,0.6466,0.54405,0.70158,0,0.6678,0.23,0.1021,0.543,0.5121,-0.04575,-0.13279,2,0.3907,0.2807,0.3286,1.297,0.5667,-0.07029,-0.11861,8.78,36.357,0.8226,0.1191,0.0583,0.6825,0.2218,0.0957,0.3976,0.2732,0.3292,0.8908,0.0883,0.0209,0.953,0.0304,0.0167,0.9667,0.0167,0.0167,1.0198,0.9969,0.9675,1.0068,0.9988,0.9744,1.0075,0.9905,1.0018,1.0034,1.0025,0.9972,1.0011,0.999,0.9944,1.0013,1.0011,0.9998,30.617,0.0,5.741,5.741,199.207,46.51,269.63
53,2026-05-14T17:34:36.113471+00:00,browsing,ISL,18.534,25.809,18.534,0.3954,0.6046,30.202,37.479,0.5538,0.4462,0.6572,0.5716,0,0.8226,0.1191,0.0583,0.809,0.532,-0.06914,-0.2048,0,0.6825,0.2218,0.0957,0.775,0.5028,-0.02254,-0.06323,0,0.3976,0.2732,0.3292,1.763,0.5,-0.0237,-0.04395,3.346,33.549,0.8349,0.1118,0.0533,0.6944,0.2153,0.0902,0.4032,0.2677,0.3291,0.8908,0.0883,0.0209,0.953,0.0304,0.0167,0.9667,0.0167,0.0167,1.0204,0.9964,0.9657,1.007,0.9985,0.9733,1.0078,0.9895,1.0019,1.0034,1.0025,0.9972,1.0011,0.999,0.9944,1.0013,1.0011,0.9998,33.211,0.0,0.338,0.338,199.207,46.847,269.968
54,2026-05-14T17:34:42.118702+00:00,browsing,GND,20.561,21.446,21.446,0.4009,0.5991,31.717,33.181,0.5113,0.4887,0.6415,0.5739,0,0.8908,0.0883,0.0209,0.187,0.2087,-0.0313,-0.14784,0,0.953,0.0304,0.0167,0.143,0.1649,-0.01568,-0.09205,0,0.9667,0.0167,0.0167,0.089,0.1029,-0.03111,-0.3183,0.419,33.6,0.8349,0.1118,0.0533,0.6944,0.2153,0.0902,0.4032,0.2677,0.3291,0.9007,0.0811,0.0182,0.9567,0.0266,0.0167,0.9667,0.0167,0.0167,1.0204,0.9964,0.9657,1.007,0.9985,0.9733,1.0078,0.9895,1.0019,1.0036,1.0026,0.9971,1.0012,0.999,0.9942,1.0014,1.0012,0.9998,33.744,1.463,0.0,0.0,200.671,46.847,269.968
55,2026-05-14T17:34:48.123960+00:00,browsing,GND,21.368,22.985,22.985,0.3997,0.6003,32.046,34.784,0.5205,0.4795,0.6254,0.5762,0,0.9007,0.0811,0.0182,0.23,0.2075,-0.02696,-0.12602,0,0.9567,0.0266,0.0167,0.173,0.1637,-0.01273,-0.07406,0,0.9667,0.0167,0.0167,0.125,0.1029,-0.02747,-0.27541,0.528,35.312,0.8349,0.1118,0.0533,0.6944,0.2153,0.0902,0.4032,0.2677,0.3291,0.9087,0.0747,0.0167,0.9599,0.0235,0.0167,0.9667,0.0167,0.0167,1.0204,0.9964,0.9657,1.007,0.9985,0.9733,1.0078,0.9895,1.0019,1.0037,1.0026,0.9969,1.0013,0.999,0.994,1.0015,1.0013,0.9998,34.975,2.737,0.0,0.337,203.408,46.847,270.305
56,2026-05-14T17:34:54.124174+00:00,browsing,ISL,38.743,33.422,38.743,0.4001,0.5999,48.976,45.281,0.4804,0.5196,0.6091,0.5784,0,0.8349,0.1118,0.0533,1.392,0.5016,-0.01081,-0.02939,2,0.6944,0.2153,0.0902,1.448,0.5917,0.04485,0.06951,2,0.4032,0.2677,0.3291,2.775,0.5667,0.07747,0.11616,5.615,54.591,0.8429,0.1073,0.0498,0.7056,0.209,0.0854,0.4127,0.2619,0.3254,0.9087,0.0747,0.0167,0.9599,0.0235,0.0167,0.9667,0.0167,0.0167,1.0205,0.9961,0.9642,1.0072,0.9982,0.9728,1.0088,0.9884,1.001,1.0037,1.0026,0.9969,1.0013,0.999,0.994,1.0015,1.0013,0.9998,45.844,3.695,2.732,8.747,207.103,49.58,279.053
57,2026-05-14T17:35:00.137869+00:00,browsing,GND,31.679,29.354,29.354,0.3976,0.6024,41.497,41.272,0.4986,0.5014,0.5926,0.5805,1,0.9087,0.0747,0.0167,0.266,0.3517,-0.02336,-0.07445,0,0.9599,0.0235,0.0167,0.18,0.1618,-0.01203,-0.06981,0,0.9667,0.0167,0.0167,0.102,0.1029,-0.02981,-0.30282,0.548,41.82,0.8429,0.1073,0.0498,0.7056,0.209,0.0854,0.4127,0.2619,0.3254,0.9141,0.0693,0.0167,0.9627,0.0207,0.0167,0.9667,0.0167,0.0167,1.0205,0.9961,0.9642,1.0072,0.9982,0.9728,1.0088,0.9884,1.001,1.0038,1.0028,0.9967,1.0013,0.999,0.9938,1.0016,1.0014,0.9999,41.834,0.0,0.0,0.0,207.103,49.58,279.053
58,2026-05-14T17:35:06.145928+00:00,browsing,ISL,11.396,22.053,11.396,0.3961,0.6039,20.826,34.028,0.6203,0.3797,0.5758,0.5824,0,0.8429,0.1073,0.0498,1.238,0.4738,-0.02617,-0.0727,1,0.7056,0.209,0.0854,2.415,0.5312,0.14152,0.25956,1,0.4127,0.2619,0.3254,2.158,0.6667,0.01583,0.02089,5.812,26.638,0.8513,0.1025,0.0462,0.7198,0.1995,0.0807,0.4204,0.2563,0.3232,0.9141,0.0693,0.0167,0.9627,0.0207,0.0167,0.9667,0.0167,0.0167,1.0207,0.9958,0.9627,1.0074,0.9972,0.9718,1.0098,0.9882,1.0011,1.0038,1.0028,0.9967,1.0013,0.999,0.9938,1.0016,1.0014,0.9999,23.614,0.0,3.024,3.024,207.103,52.603,282.076
59,2026-05-14T17:35:12.150088+00:00,browsing,ISL,15.83,25.319,15.83,0.4276,0.5724,24.9,37.347,0.6,0.4,0.559,0.5843,0,0.8513,0.1025,0.0462,0.75,0.4585,-0.07499,-0.22448,0,0.7198,0.1995,0.0807,0.356,0.4264,-0.06443,-0.19278,1,0.4204,0.2563,0.3232,2.816,0.6667,0.08164,0.10326,3.922,28.822,0.862,0.0959,0.0421,0.7343,0.1908,0.0749,0.4288,0.2498,0.3214,0.9141,0.0693,0.0167,0.9627,0.0207,0.0167,0.9667,0.0167,0.0167,1.0214,0.9955,0.9613,1.008,0.997,0.9708,1.0108,0.9871,1.0012,1.0038,1.0028,0.9967,1.0013,0.999,0.9938,1.0016,1.0014,0.9999,27.642,0.0,1.181,1.181,207.103,53.784,283.257
60,2026-05-14T17:35:18.161759+00:00,gaming,GND,19.741,25.121,25.121,0.3952,0.6048,28.475,37.201,0.5664,0.4336,0.542,0.5861,0,0.9141,0.0693,0.0167,0.342,0.0918,-0.01585,-0.07213,0,0.9627,0.0207,0.0167,0.092,0.0714,-0.02081,-0.1241,0,0.9667,0.0167,0.0167,0.02,0.0229,-0.03798,-1.09467,0.454,37.655,0.862,0.0959,0.0421,0.7343,0.1908,0.0749,0.8411,0.0944,0.0645,0.9188,0.0646,0.0167,0.9654,0.018,0.0167,0.9667,0.0167,0.0167,1.0214,0.9955,0.9613,1.008,0.997,0.9708,1.0147,1.0106,0.9931,1.0039,1.0029,0.9967,1.0014,0.9989,0.9937,1.0011,1.0009,1.0001,29.849,8.727,0.0,7.806,215.829,53.784,291.063
61,2026-05-14T17:35:24.166013+00:00,gaming,GND,36.517,28.911,28.911,0.4064,0.5936,44.938,41.04,0.4773,0.5227,0.525,0.5878,0,0.9188,0.0646,0.0167,0.203,0.0923,-0.02974,-0.14002,0,0.9654,0.018,0.0167,0.138,0.0715,-0.01625,-0.09554,0,0.9667,0.0167,0.0167,0.115,0.0229,-0.02848,-0.69117,0.455,41.495,0.862,0.0959,0.0421,0.7343,0.1908,0.0749,0.8411,0.0944,0.0645,0.9241,0.0592,0.0167,0.9667,0.0167,0.0167,0.9667,0.0167,0.0167,1.0214,0.9955,0.9613,1.008,0.997,0.9708,1.0147,1.0106,0.9931,1.0041,1.003,0.9967,1.0014,0.9989,0.9936,1.0011,1.001,1.0001,41.519,0.0,0.0,0.0,215.829,53.784,291.063
62,2026-05-14T17:35:30.171380+00:00,gaming,GND,12.715,22.727,22.727,0.4036,0.5964,20.845,34.903,0.6261,0.3739,0.508,0.5893,0,0.9241,0.0592,0.0167,0.185,0.0932,-0.03149,-0.14892,0,0.9667,0.0167,0.0167,0.202,0.0719,-0.00985,-0.05681,0,0.9667,0.0167,0.0167,0.047,0.0229,-0.03527,-0.9623,0.434,35.337,0.862,0.0959,0.0421,0.7343,0.1908,0.0749,0.8411,0.0944,0.0645,0.9292,0.0541,0.0167,0.9667,0.0167,0.0167,0.9667,0.0167,0.0167,1.0214,0.9955,0.9613,1.008,0.997,0.9708,1.0147,1.0106,0.9931,1.0042,1.003,0.9967,1.0015,0.9989,0.9934,1.0012,1.0011,1.0001,22.173,14.058,0.0,13.164,229.887,53.784,304.227
63,2026-05-14T17:35:36.187092+00:00,gaming,GND,13.867,21.405,21.405,0.4478,0.5522,21.726,33.624,0.6075,0.3925,0.491,0.5908,0,0.9292,0.0541,0.0167,0.523,0.0944,0.00232,0.01014,0,0.9667,0.0167,0.0167,0.396,0.0725,0.00957,0.0523,0,0.9667,0.0167,0.0167,0.037,0.0229,-0.03634,-1.01303,0.955,34.579,0.862,0.0959,0.0421,0.7343,0.1908,0.0749,0.8411,0.0944,0.0645,0.9321,0.0513,0.0167,0.9667,0.0167,0.0167,0.9667,0.0167,0.0167,1.0214,0.9955,0.9613,1.008,0.997,0.9708,1.0147,1.0106,0.9931,1.0042,1.0031,0.9967,1.0015,0.9989,0.9933,1.0013,1.0011,1.0001,23.034,11.898,0.476,11.545,241.785,54.26,315.773
64,2026-05-14T17:35:42.193075+00:00,gaming,GND,19.131,21.435,21.435,0.4837,0.5163,26.738,33.694,0.5576,0.4424,0.4742,0.5921,0,0.9321,0.0513,0.0167,0.152,0.0958,-0.03485,-0.16621,0,0.9667,0.0167,0.0167,0.151,0.0733,-0.01493,-0.08746,0,0.9667,0.0167,0.0167,0.019,0.0229,-0.03806,-1.09944,0.322,34.016,0.862,0.0959,0.0421,0.7343,0.1908,0.0749,0.8411,0.0944,0.0645,0.9367,0.0467,0.0167,0.9667,0.0167,0.0167,0.9667,0.0167,0.0167,1.0214,0.9955,0.9613,1.008,0.997,0.9708,1.0147,1.0106,0.9931,1.0044,1.0032,0.9966,1.0015,0.9989,0.9932,1.0015,1.0012,1.0001,28.028,6.956,0.0,5.987,248.741,54.26,321.76
65,2026-05-14T17:35:48.207608+00:00,gaming,GND,11.71,26.017,26.017,0.496,0.504,19.082,38.314,0.6675,0.3325,0.4574,0.5934,0,0.9367,0.0467,0.0167,0.078,0.0975,-0.04218,-0.20505,0,0.9667,0.0167,0.0167,0.252,0.0744,-0.00485,-0.02758,0,0.9667,0.0167,0.0167,0.101,0.0229,-0.0299,-0.7425,0.431,38.745,0.862,0.0959,0.0421,0.7343,0.1908,0.0749,0.8411,0.0944,0.0645,0.9413,0.042,0.0167,0.9667,0.0167,0.0167,0.9667,0.0167,0.0167,1.0214,0.9955,0.9613,1.008,0.997,0.9708,1.0147,1.0106,0.9931,1.0046,1.0033,0.9966,1.0015,0.9989,0.9931,1.0015,1.0013,1.0001,20.357,19.232,0.0,18.388,267.973,54.26,340.148
66,2026-05-14T17:35:54.212357+00:00,gaming,ISL,42.67,31.245,42.67,0.5679,0.4321,49.824,43.577,0.4666,0.5334,0.4409,0.5945,0,0.862,0.0959,0.0421,0.786,0.1715,-0.07142,-0.21272,0,0.7343,0.1908,0.0749,0.168,0.1615,-0.0832,-0.25697,2,0.8411,0.0944,0.0645,1.877,0.4444,-0.01228,-0.01104,2.831,52.655,0.8699,0.0912,0.0388,0.7481,0.1825,0.0694,0.8867,0.0689,0.0444,0.9413,0.042,0.0167,0.9667,0.0167,0.0167,0.9667,0.0167,0.0167,1.0221,0.9963,0.9618,1.0087,0.9973,0.9709,1.0171,1.0123,0.9934,1.0046,1.0033,0.9966,1.0015,0.9989,0.9931,1.0015,1.0013,1.0001,44.057,6.247,1.569,8.598,274.22,55.829,348.746
67,2026-05-14T17:36:00.217793+00:00,gaming,GND,43.327,30.606,30.606,0.5646,0.4354,50.278,42.969,0.4608,0.5392,0.4246,0.5956,0,0.9413,0.042,0.0167,0.204,0.1017,-0.02962,-0.13949,0,0.9667,0.0167,0.0167,0.357,0.0771,0.00574,0.0317,0,0.9667,0.0167,0.0167,0.041,0.0229,-0.03594,-0.99407,0.602,43.571,0.8699,0.0912,0.0388,0.7481,0.1825,0.0694,0.8867,0.0689,0.0444,0.9449,0.0384,0.0167,0.9667,0.0167,0.0167,0.9667,0.0167,0.0167,1.0221,0.9963,0.9618,1.0087,0.9973,0.9709,1.0171,1.0123,0.9934,1.0048,1.0034,0.9966,1.0015,0.9989,0.9929,1.0017,1.0014,1.0001,43.45,0.0,0.121,0.121,274.22,55.95,348.868
68,2026-05-14T17:36:06.228359+00:00,gaming,ISL,33.766,36.437,33.766,0.5607,0.4393,40.528,48.829,0.5464,0.4536,0.4085,0.5965,0,0.8699,0.0912,0.0388,0.595,0.1573,-0.09045,-0.27826,0,0.7481,0.1825,0.0694,0.497,0.1511,-0.05027,-0.1473,0,0.8867,0.0689,0.0444,0.229,0.1111,-0.17712,-1.05081,1.322,41.85,0.8786,0.0859,0.0355,0.7581,0.1768,0.0651,0.9239,0.0475,0.0287,0.9449,0.0384,0.0167,0.9667,0.0167,0.0167,0.9667,0.0167,0.0167,1.023,0.9972,0.9624,1.0092,0.9977,0.971,1.0199,1.014,0.9923,1.0048,1.0034,0.9966,1.0015,0.9989,0.9929,1.0017,1.0014,1.0001,41.774,0.0,0.076,0.076,274.22,56.026,348.944
69,2026-05-14T17:36:12.237876+00:00,gaming,ISL,16.331,28.959,16.331,0.5648,0.4352,22.918,41.375,0.6435,0.3565,0.3928,0.5973,0,0.8786,0.0859,0.0355,0.523,0.1536,-0.09774,-0.30479,0,0.7581,0.1768,0.0651,0.713,0.1487,-0.02865,-0.08131,0,0.9239,0.0475,0.0287,0.066,0.1111,-0.19341,-1.24738,1.302,24.22,0.8872,0.0806,0.0322,0.7659,0.1726,0.0615,0.9544,0.0289,0.0167,0.9449,0.0384,0.0167,0.9667,0.0167,0.0167,0.9667,0.0167,0.0167,1.024,0.998,0.963,1.0094,0.9981,0.9711,1.0236,1.0157,0.9912,1.0048,1.0034,0.9966,1.0015,0.9989,0.9929,1.0017,1.0014,1.0001,24.16,0.0,0.061,0.061,274.22,56.087,349.005
70,2026-05-14T17:36:18.238291+00:00,gaming,ISL,16.229,28.982,16.229,0.5998,0.4002,22.655,41.421,0.6464,0.3536,0.3775,0.598,0,0.8872,0.0806,0.0322,0.554,0.1524,-0.09465,-0.29392,0,0.7659,0.1726,0.0615,0.401,0.1482,-0.05993,-0.17843,0,0.9544,0.0289,0.0167,0.555,0.1111,-0.14449,-0.76216,1.509,24.164,0.8951,0.0756,0.0293,0.7761,0.1664,0.0575,0.9615,0.0219,0.0167,0.9449,0.0384,0.0167,0.9667,0.0167,0.0167,0.9667,0.0167,0.0167,1.025,0.9989,0.9636,1.0099,0.9984,0.9713,1.0254,1.0174,0.9902,1.0048,1.0034,0.9966,1.0015,0.9989,0.9929,1.0017,1.0014,1.0001,23.895,0.0,0.269,0.269,274.22,56.356,349.274
71,2026-05-14T17:36:24.245227+00:00,gaming,ISL,30.968,29.078,30.968,0.6353,0.3647,37.242,41.535,0.5272,0.4728,0.3625,0.5986,1,0.8951,0.0756,0.0293,0.477,0.2325,-0.10227,-0.21294,0,0.7761,0.1664,0.0575,0.978,0.1497,-0.00216,-0.00591,0,0.9615,0.0219,0.0167,0.199,0.1111,-0.18007,-1.0985,1.655,38.897,0.9024,0.0711,0.0265,0.7816,0.1636,0.0547,0.9667,0.0167,0.0167,0.9449,0.0384,0.0167,0.9667,0.0167,0.0167,0.9667,0.0167,0.0167,1.0261,1.0003,0.9642,1.01,0.9988,0.9714,1.0283,1.0191,0.9891,1.0048,1.0034,0.9966,1.0015,0.9989,0.9929,1.0017,1.0014,1.0001,38.484,0.0,0.413,0.413,274.22,56.77,349.687
72,2026-05-14T17:36:30.251840+00:00,gaming,ISL,15.621,25.138,15.621,0.6379,0.3621,21.756,37.611,0.6335,0.3665,0.348,0.5991,0,0.9024,0.0711,0.0265,0.566,0.1573,-0.09336,-0.28995,0,0.7816,0.1636,0.0547,0.876,0.153,-0.01241,-0.03442,0,0.9667,0.0167,0.0167,0.083,0.1111,-0.19167,-1.24515,1.526,23.282,0.9092,0.0667,0.0241,0.7876,0.1604,0.052,0.9667,0.0167,0.0167,0.9449,0.0384,0.0167,0.9667,0.0167,0.0167,0.9667,0.0167,0.0167,1.027,1.0012,0.9648,1.0101,0.9992,0.9715,1.032,1.0208,0.988,1.0048,1.0034,0.9966,1.0015,0.9989,0.9929,1.0017,1.0014,1.0001,23.003,0.0,0.279,0.279,274.22,57.049,349.966
73,2026-05-14T17:36:36.258998+00:00,gaming,ISL,36.678,25.04,36.678,0.6747,0.3253,42.683,37.525,0.4678,0.5322,0.334,0.5995,0,0.9092,0.0667,0.0241,0.453,0.1633,-0.10465,-0.3319,0,0.7876,0.1604,0.052,0.168,0.1583,-0.08321,-0.25759,0,0.9667,0.0167,0.0167,0.17,0.1111,-0.18295,-1.14508,0.792,43.475,0.9162,0.0621,0.0217,0.7992,0.1529,0.0479,0.9667,0.0167,0.0167,0.9449,0.0384,0.0167,0.9667,0.0167,0.0167,0.9667,0.0167,0.0167,1.0281,1.0021,0.9654,1.0108,0.9995,0.9716,1.0352,1.0225,0.9869,1.0048,1.0034,0.9966,1.0015,0.9989,0.9929,1.0017,1.0014,1.0001,38.008,5.159,0.0,5.467,279.379,57.049,355.433
74,2026-05-14T17:36:42.265550+00:00,gaming,ISL,43.257,36.422,43.257,0.6708,0.3292,49.143,48.915,0.4988,0.5012,0.3205,0.5998,2,0.9162,0.0621,0.0217,3.863,0.2667,0.23631,0.29368,0,0.7992,0.1529,0.0479,0.326,0.1652,-0.06738,-0.20337,0,0.9667,0.0167,0.0167,0.211,0.1111,-0.17888,-1.10431,4.4,53.543,0.9229,0.0579,0.0192,0.8088,0.1467,0.0445,0.9667,0.0167,0.0167,0.9449,0.0384,0.0167,0.9667,0.0167,0.0167,0.9667,0.0167,0.0167,1.0292,1.003,0.963,1.0115,0.9999,0.9717,1.0382,1.0242,0.9858,1.0048,1.0034,0.9966,1.0015,0.9989,0.9929,1.0017,1.0014,1.0001,49.399,0.228,3.136,4.144,279.607,60.184,359.578
75,2026-05-14T17:36:48.269464+00:00,youtube,GND,17.305,24.959,24.959,0.5,0.5,23.082,37.457,0.6187,0.3813,0.3075,0.5999,0,0.9449,0.0384,0.0167,0.229,0.1956,-0.02712,-0.12698,0,0.9667,0.0167,0.0167,0.162,0.1497,-0.01381,-0.08062,1,0.3333,0.3333,0.3333,0.251,0.15,-0.01491,-0.07211,0.642,38.098,0.9229,0.0579,0.0192,0.8088,0.1467,0.0445,0.3333,0.3333,0.3333,0.9481,0.0352,0.0167,0.9667,0.0167,0.0167,0.3813,0.3204,0.2983,1.0292,1.003,0.963,1.0115,0.9999,0.9717,1.0,1.0,1.0,1.0049,1.0035,0.9965,1.0016,0.9989,0.9928,1.0001,1.0001,1.0,25.208,14.375,0.052,12.89,293.982,60.237,372.468
76,2026-05-14T17:36:54.283016+00:00,youtube,GND,20.707,22.01,22.01,0.5273,0.4727,26.383,34.51,0.5667,0.4333,0.2952,0.6,0,0.9481,0.0352,0.0167,0.23,0.1995,-0.02705,-0.12662,0,0.9667,0.0167,0.0167,0.295,0.1529,-0.00048,-0.00267,0,0.3813,0.3204,0.2983,0.119,0.1,-0.02813,-0.21934,0.643,35.153,0.9229,0.0579,0.0192,0.8088,0.1467,0.0445,0.3333,0.3333,0.3333,0.9511,0.0323,0.0167,0.9667,0.0167,0.0167,0.4337,0.3036,0.2627,1.0292,1.003,0.963,1.0115,0.9999,0.9717,1.0,1.0,1.0,1.0051,1.0035,0.9964,1.0016,0.9988,0.9926,1.0002,1.0001,1.0001,28.53,8.127,0.053,6.623,302.109,60.29,379.09
77,2026-05-14T17:37:00.293927+00:00,youtube,ISL,27.779,23.061,27.779,0.5393,0.4607,33.361,35.559,0.5159,0.4841,0.2835,0.5999,0,0.9229,0.0579,0.0192,0.274,0.3213,-0.12265,-0.40316,0,0.8088,0.1467,0.0445,1.234,0.3063,0.02338,0.06187,2,0.3333,0.3333,0.3333,2.324,0.4148,0.03243,0.05326,3.832,37.193,0.9301,0.0529,0.017,0.8129,0.1446,0.0425,0.3424,0.3254,0.3322,0.9511,0.0323,0.0167,0.9667,0.0167,0.0167,0.4337,0.3036,0.2627,1.0306,1.0036,0.9628,1.0113,1.0001,0.9713,1.0014,0.9995,0.9996,1.0051,1.0035,0.9964,1.0016,0.9988,0.9926,1.0002,1.0001,1.0001,35.534,0.0,1.659,1.659,302.109,61.949,380.749
78,2026-05-14T17:37:06.295054+00:00,youtube,GND,24.441,29.278,29.278,0.54,0.46,29.938,41.771,0.5825,0.4175,0.2724,0.5998,0,0.9511,0.0323,0.0167,0.195,0.2075,-0.0305,-0.14401,0,0.9667,0.0167,0.0167,0.113,0.1595,-0.01874,-0.11106,0,0.4337,0.3036,0.2627,0.208,0.1,-0.01922,-0.14453,0.515,42.286,0.9301,0.0529,0.017,0.8129,0.1446,0.0425,0.3424,0.3254,0.3322,0.9539,0.0294,0.0167,0.9667,0.0167,0.0167,0.4796,0.2885,0.2319,1.0306,1.0036,0.9628,1.0113,1.0001,0.9713,1.0014,0.9995,0.9996,1.0052,1.0036,0.9964,1.0016,0.9988,0.9925,1.0003,1.0002,1.0001,32.139,11.832,0.0,10.147,313.942,61.949,390.897
79,2026-05-14T17:37:12.305531+00:00,youtube,GND,43.387,36.098,36.098,0.5508,0.4492,48.808,48.583,0.4988,0.5012,0.2621,0.5995,0,0.9539,0.0294,0.0167,0.4,0.2116,-0.00996,-0.04478,0,0.9667,0.0167,0.0167,0.54,0.1629,0.02402,0.1264,0,0.4796,0.2885,0.2319,0.259,0.1,-0.01411,-0.10404,1.2,49.782,0.9301,0.0529,0.017,0.8129,0.1446,0.0425,0.3424,0.3254,0.3322,0.9559,0.0274,0.0167,0.9667,0.0167,0.0167,0.5214,0.274,0.2046,1.0306,1.0036,0.9628,1.0113,1.0001,0.9713,1.0014,0.9995,0.9996,1.0053,1.0037,0.9963,1.0016,0.9988,0.9923,1.0003,1.0003,1.0002,49.175,0.0,0.607,0.607,313.942,62.556,391.503
80,2026-05-14T17:37:18.314407+00:00,youtube,GND,25.902,31.178,31.178,0.55,0.45,31.253,43.651,0.5828,0.4172,0.2524,0.5991,0,0.9559,0.0274,0.0167,0.205,0.2158,-0.02947,-0.13884,0,0.9667,0.0167,0.0167,0.108,0.1665,-0.01921,-0.114,0,0.5214,0.274,0.2046,0.198,0.1,-0.02023,-0.15279,0.511,44.162,0.9301,0.0529,0.017,0.8129,0.1446,0.0425,0.3424,0.3254,0.3322,0.9583,0.025,0.0167,0.9667,0.0167,0.0167,0.5674,0.2554,0.1772,1.0306,1.0036,0.9628,1.0113,1.0001,0.9713,1.0014,0.9995,0.9996,1.0054,1.0037,0.9962,1.0016,0.9988,0.9921,1.0004,1.0004,1.0002,33.518,12.398,0.0,10.644,326.34,62.556,402.148
81,2026-05-14T17:37:24.320144+00:00,youtube,ISL,15.882,26.658,15.882,0.5598,0.4402,21.17,39.116,0.6488,0.3512,0.2435,0.5986,0,0.9301,0.0529,0.017,0.35,0.3823,-0.11496,-0.37307,0,0.8129,0.1446,0.0425,0.316,0.3593,-0.06839,-0.20686,2,0.3424,0.3254,0.3322,0.679,0.4148,-0.13211,-0.2527,1.345,22.515,0.9349,0.0485,0.0167,0.8228,0.138,0.0392,0.3483,0.3144,0.3373,0.9583,0.025,0.0167,0.9667,0.0167,0.0167,0.5674,0.2554,0.1772,1.0319,1.0041,0.9625,1.0119,1.0003,0.9709,1.0028,0.999,1.0017,1.0054,1.0037,0.9962,1.0016,0.9988,0.9921,1.0004,1.0004,1.0002,23.47,0.0,0.0,0.0,326.34,62.556,402.148
82,2026-05-14T17:37:30.335913+00:00,youtube,ISL,12.549,25.885,12.549,0.5976,0.4024,17.78,38.323,0.6831,0.3169,0.2354,0.598,0,0.9349,0.0485,0.0167,1.915,0.3976,0.04149,0.10648,0,0.8228,0.138,0.0392,1.803,0.3732,0.08028,0.19821,1,0.3483,0.3144,0.3373,1.643,0.5704,-0.0357,-0.04479,5.361,23.141,0.9357,0.0476,0.0167,0.8243,0.1378,0.0379,0.355,0.3059,0.3391,0.9583,0.025,0.0167,0.9667,0.0167,0.0167,0.5674,0.2554,0.1772,1.0316,1.0047,0.9622,1.0114,1.0004,0.9704,1.0041,0.9996,1.0027,1.0054,1.0037,0.9962,1.0016,0.9988,0.9921,1.0004,1.0004,1.0002,20.116,0.0,3.025,3.025,326.34,65.581,405.172
83,2026-05-14T17:37:36.342634+00:00,youtube,GND,16.775,29.306,29.306,0.6688,0.3312,21.957,41.723,0.6552,0.3448,0.2281,0.5973,0,0.9583,0.025,0.0167,0.248,0.2284,-0.02518,-0.1174,0,0.9667,0.0167,0.0167,0.56,0.1775,0.02599,0.13606,0,0.5674,0.2554,0.1772,0.182,0.1,-0.0218,-0.16564,0.99,42.713,0.9357,0.0476,0.0167,0.8243,0.1378,0.0379,0.355,0.3059,0.3391,0.9604,0.0229,0.0167,0.9667,0.0167,0.0167,0.6132,0.2352,0.1516,1.0316,1.0047,0.9622,1.0114,1.0004,0.9704,1.0041,0.9996,1.0027,1.0056,1.0038,0.9961,1.0016,0.9987,0.992,1.0004,1.0005,1.0003,24.33,19.765,0.394,18.383,346.105,65.974,423.555
84,2026-05-14T17:37:42.349297+00:00,youtube,GND,30.573,29.043,29.043,0.6993,0.3007,35.711,41.435,0.5371,0.4629,0.2216,0.5965,1,0.9604,0.0229,0.0167,0.598,0.3286,0.00978,0.02962,0,0.9667,0.0167,0.0167,0.315,0.1812,0.00152,0.0085,0,0.6132,0.2352,0.1516,0.103,0.1,-0.02969,-0.23309,1.016,42.451,0.9357,0.0476,0.0167,0.8243,0.1378,0.0379,0.355,0.3059,0.3391,0.9625,0.0209,0.0167,0.9667,0.0167,0.0167,0.6633,0.2106,0.1261,1.0316,1.0047,0.9622,1.0114,1.0004,0.9704,1.0041,0.9996,1.0027,1.0057,1.0037,0.996,1.0016,0.9987,0.9918,1.0005,1.0005,1.0003,38.12,5.724,0.419,4.331,351.829,66.393,427.886
85,2026-05-14T17:37:48.363994+00:00,youtube,ISL,13.954,21.715,13.954,0.702,0.298,19.056,34.078,0.6414,0.3586,0.2159,0.5956,0,0.9357,0.0476,0.0167,1.85,0.4374,0.03495,0.09041,0,0.8243,0.1378,0.0379,0.714,0.4123,-0.02857,-0.08127,2,0.355,0.3059,0.3391,2.553,0.4148,0.05532,0.08942,5.117,24.173,0.9367,0.0466,0.0167,0.831,0.1335,0.0355,0.3646,0.2985,0.3369,0.9625,0.0209,0.0167,0.9667,0.0167,0.0167,0.6633,0.2106,0.1261,1.0313,1.0051,0.9618,1.0117,1.0006,0.97,1.0055,0.9992,1.0021,1.0057,1.0037,0.996,1.0016,0.9987,0.9918,1.0005,1.0005,1.0003,21.498,0.0,2.674,2.674,351.829,69.067,430.56
86,2026-05-14T17:37:54.371785+00:00,youtube,ISL,18.999,21.674,18.999,0.7432,0.2568,24.069,34.005,0.5855,0.4145,0.2111,0.5945,0,0.9367,0.0466,0.0167,0.543,0.4476,-0.0957,-0.30019,0,0.831,0.1335,0.0355,0.856,0.4235,-0.01444,-0.04024,2,0.3646,0.2985,0.3369,1.125,0.4148,-0.08755,-0.16043,2.523,26.593,0.9401,0.0432,0.0167,0.8368,0.1298,0.0334,0.3717,0.2889,0.3395,0.9625,0.0209,0.0167,0.9667,0.0167,0.0167,0.6633,0.2106,0.1261,1.0323,1.0056,0.9614,1.0118,1.0007,0.9695,1.0069,0.9987,1.0033,1.0057,1.0037,0.996,1.0016,0.9987,0.9918,1.0005,1.0005,1.0003,26.544,0.0,0.049,0.049,351.829,69.116,430.609
87,2026-05-14T17:38:00.375645+00:00,youtube,GND,29.212,26.08,26.08,0.7566,0.2434,34.257,38.377,0.5284,0.4716,0.2071,0.5934,0,0.9625,0.0209,0.0167,0.121,0.2444,-0.03794,-0.18271,0,0.9667,0.0167,0.0167,0.232,0.1925,-0.00679,-0.03885,0,0.6633,0.2106,0.1261,0.248,0.1,-0.01522,-0.11273,0.6,38.978,0.9401,0.0432,0.0167,0.8368,0.1298,0.0334,0.3717,0.2889,0.3395,0.9645,0.0188,0.0167,0.9667,0.0167,0.0167,0.6992,0.1933,0.1075,1.0323,1.0056,0.9614,1.0118,1.0007,0.9695,1.0069,0.9987,1.0033,1.0059,1.0038,0.9959,1.0016,0.9987,0.9916,1.0006,1.0006,1.0003,36.759,4.12,0.0,2.219,355.949,69.116,432.828
88,2026-05-14T17:38:06.377207+00:00,youtube,GND,28.065,24.819,24.819,0.7581,0.2419,33.09,37.078,0.5284,0.4716,0.204,0.5921,0,0.9645,0.0188,0.0167,0.308,0.2482,-0.01922,-0.08837,0,0.9667,0.0167,0.0167,0.332,0.1962,0.00322,0.01789,0,0.6992,0.1933,0.1075,0.209,0.1,-0.01907,-0.14337,0.849,37.928,0.9401,0.0432,0.0167,0.8368,0.1298,0.0334,0.3717,0.2889,0.3395,0.966,0.0173,0.0167,0.9667,0.0167,0.0167,0.735,0.1747,0.0903,1.0323,1.0056,0.9614,1.0118,1.0007,0.9695,1.0069,0.9987,1.0033,1.006,1.0039,0.9958,1.0016,0.9986,0.9915,1.0007,1.0007,1.0004,35.615,3.988,0.248,2.313,359.938,69.364,435.141
89,2026-05-14T17:38:12.380210+00:00,youtube,GND,35.788,29.345,29.345,0.7598,0.2402,40.799,41.564,0.5046,0.4954,0.2018,0.5908,0,0.966,0.0173,0.0167,0.189,0.2518,-0.03113,-0.14736,0,0.9667,0.0167,0.0167,0.307,0.1999,0.00071,0.00397,0,0.735,0.1747,0.0903,0.056,0.1,-0.03442,-0.27596,0.552,42.115,0.9401,0.0432,0.0167,0.8368,0.1298,0.0334,0.3717,0.2889,0.3395,0.9667,0.0167,0.0167,0.9667,0.0167,0.0167,0.7778,0.1501,0.072,1.0323,1.0056,0.9614,1.0118,1.0007,0.9695,1.0069,0.9987,1.0033,1.0062,1.0039,0.9958,1.0016,0.9986,0.9913,1.0008,1.0008,1.0004,42.166,0.765,0.0,0.0,360.702,69.364,435.141
90,2026-05-14T17:38:18.389083+00:00,mixed,ISL,20.011,25.357,20.011,0.5,0.5,25.014,37.532,0.6001,0.3999,0.2004,0.5893,0,0.9401,0.0432,0.0167,1.675,0.5048,0.01752,0.04638,1,0.8368,0.1298,0.0334,1.038,0.466,0.00379,0.00793,2,0.3333,0.3333,0.3333,1.37,0.5333,-0.06304,-0.09943,4.083,29.096,0.9415,0.0419,0.0167,0.8431,0.1257,0.0313,0.3357,0.3275,0.3367,0.9667,0.0167,0.0167,0.9667,0.0167,0.0167,0.3333,0.3333,0.3333,1.0322,1.0058,0.9605,1.0119,1.0006,0.9686,1.0006,0.9987,1.0009,1.0062,1.0039,0.9958,1.0016,0.9986,0.9913,1.0,1.0,1.0,28.304,0.0,0.793,0.793,360.702,70.156,435.934
91,2026-05-14T17:38:24.399460+00:00,mixed,GND,36.604,28.972,28.972,0.5159,0.4841,41.604,41.101,0.497,0.503,0.2,0.5878,0,0.9667,0.0167,0.0167,0.399,0.2814,-0.01007,-0.04536,0,0.9667,0.0167,0.0167,0.271,0.2249,-0.00287,-0.01623,0,0.3333,0.3333,0.3333,0.047,0.0971,-0.03526,-0.34308,0.718,41.819,0.9415,0.0419,0.0167,0.8431,0.1257,0.0313,0.3357,0.3275,0.3367,0.9667,0.0167,0.0167,0.9667,0.0167,0.0167,0.42,0.3027,0.2773,1.0322,1.0058,0.9605,1.0119,1.0006,0.9686,1.0006,0.9987,1.0009,1.0062,1.004,0.9956,1.0016,0.9986,0.9911,1.0001,1.0001,1.0,41.689,0.0,0.13,0.13,360.702,70.287,436.064
92,2026-05-14T17:38:30.404441+00:00,mixed,ISL,26.888,23.073,26.888,0.5139,0.4861,31.891,35.154,0.5243,0.4757,0.2004,0.5861,0,0.9415,0.0419,0.0167,1.536,0.4999,0.00361,0.00973,1,0.8431,0.1257,0.0313,1.895,0.4836,0.08953,0.17227,2,0.3357,0.3275,0.3367,1.201,0.5333,-0.07989,-0.12794,4.632,36.523,0.943,0.0404,0.0167,0.8507,0.12,0.0293,0.3379,0.3215,0.3407,0.9667,0.0167,0.0167,0.9667,0.0167,0.0167,0.42,0.3027,0.2773,1.0322,1.0059,0.9594,1.0121,0.9999,0.9677,1.0012,0.9973,1.0021,1.0062,1.004,0.9956,1.0016,0.9986,0.9911,1.0001,1.0001,1.0,35.179,0.0,1.344,1.344,360.702,71.63,437.408
93,2026-05-14T17:38:36.419299+00:00,mixed,GND,39.977,25.557,25.557,0.5146,0.4854,44.988,37.586,0.4552,0.5448,0.2018,0.5843,0,0.9667,0.0167,0.0167,0.402,0.2874,-0.00975,-0.04387,0,0.9667,0.0167,0.0167,0.069,0.2318,-0.02314,-0.13902,0,0.42,0.3027,0.2773,0.063,0.0971,-0.03371,-0.32525,0.534,38.12,0.943,0.0404,0.0167,0.8507,0.12,0.0293,0.3379,0.3215,0.3407,0.9667,0.0167,0.0167,0.9667,0.0167,0.0167,0.5089,0.267,0.2241,1.0322,1.0059,0.9594,1.0121,0.9999,0.9677,1.0012,0.9973,1.0021,1.0063,1.004,0.9955,1.0017,0.9986,0.9909,1.0002,1.0002,1.0,38.175,0.0,0.0,0.0,360.702,71.63,437.408
94,2026-05-14T17:38:42.428563+00:00,mixed,GND,22.858,30.557,30.557,0.5081,0.4919,27.883,42.531,0.604,0.396,0.204,0.5824,0,0.9667,0.0167,0.0167,0.199,0.2901,-0.03011,-0.14225,0,0.9667,0.0167,0.0167,0.328,0.235,0.00283,0.01574,0,0.5089,0.267,0.2241,0.173,0.0971,-0.02273,-0.20737,0.7,43.231,0.943,0.0404,0.0167,0.8507,0.12,0.0293,0.3379,0.3215,0.3407,0.9667,0.0167,0.0167,0.9667,0.0167,0.0167,0.5814,0.2366,0.182,1.0322,1.0059,0.9594,1.0121,0.9999,0.9677,1.0012,0.9973,1.0021,1.0064,1.0041,0.9954,1.0017,0.9985,0.9907,1.0003,1.0002,1.0001,31.138,14.648,0.11,12.092,375.35,71.74,449.5
95,2026-05-14T17:38:48.437836+00:00,mixed,ISL,22.493,25.899,22.493,0.5213,0.4787,27.538,37.817,0.5786,0.4214,0.2071,0.5805,0,0.943,0.0404,0.0167,0.542,0.4755,-0.09582,-0.30091,1,0.8507,0.12,0.0293,1.223,0.5085,0.02232,0.04579,1,0.3379,0.3215,0.3407,2.937,0.6519,0.09367,0.1084,4.702,32.24,0.9463,0.0371,0.0167,0.857,0.1156,0.0274,0.341,0.3164,0.3427,0.9667,0.0167,0.0167,0.9667,0.0167,0.0167,0.5814,0.2366,0.182,1.0332,1.0058,0.9582,1.0122,0.9997,0.9668,1.0017,0.9959,1.0023,1.0064,1.0041,0.9954,1.0017,0.9985,0.9907,1.0003,1.0002,1.0001,30.767,0.0,1.473,1.473,375.35,73.213,450.973
96,2026-05-14T17:38:54.440454+00:00,mixed,ISL,10.659,26.295,10.659,0.5316,0.4684,15.729,38.154,0.7081,0.2919,0.2111,0.5784,0,0.9463,0.0371,0.0167,1.268,0.4635,-0.02323,-0.06508,0,0.857,0.1156,0.0274,0.588,0.4829,-0.04122,-0.11958,1,0.341,0.3164,0.3427,4.818,0.6519,0.28175,0.29505,6.673,22.402,0.9481,0.0353,0.0167,0.864,0.1106,0.0254,0.3451,0.3093,0.3456,0.9667,0.0167,0.0167,0.9667,0.0167,0.0167,0.5814,0.2366,0.182,1.0333,1.0058,0.957,1.0126,0.9996,0.9658,1.0023,0.9925,1.0025,1.0064,1.0041,0.9954,1.0017,0.9985,0.9907,1.0003,1.0002,1.0001,18.926,0.0,3.476,3.476,375.35,76.688,454.449
97,2026-05-14T17:39:00.451495+00:00,mixed,ISL,32.241,33.602,32.241,0.6345,0.3655,37.342,45.4,0.5487,0.4513,0.2159,0.5762,0,0.9481,0.0353,0.0167,0.48,0.4502,-0.10203,-0.32443,0,0.864,0.1106,0.0254,0.857,0.4751,-0.01435,-0.04003,2,0.3451,0.3093,0.3456,1.438,0.5333,-0.05621,-0.0884,2.774,40.116,0.9511,0.0322,0.0167,0.8695,0.1067,0.0238,0.3475,0.3037,0.3488,0.9667,0.0167,0.0167,0.9667,0.0167,0.0167,0.5814,0.2366,0.182,1.0344,1.0057,0.9557,1.0127,0.9994,0.9648,1.0029,0.9912,1.0033,1.0064,1.0041,0.9954,1.0017,0.9985,0.9907,1.0003,1.0002,1.0001,40.504,0.0,0.0,0.0,375.35,76.688,454.449
98,2026-05-14T17:39:06.457855+00:00,mixed,ISL,19.913,25.452,19.913,0.6377,0.3623,25.051,37.188,0.5975,0.4025,0.2216,0.5739,0,0.9511,0.0322,0.0167,1.072,0.4357,-0.04277,-0.12351,1,0.8695,0.1067,0.0238,0.922,0.5291,-0.00781,-0.01653,2,0.3475,0.3037,0.3488,2.989,0.5333,0.09888,0.13858,4.983,30.034,0.953,0.0303,0.0167,0.8747,0.1032,0.0221,0.352,0.2999,0.3481,0.9667,0.0167,0.0167,0.9667,0.0167,0.0167,0.5814,0.2366,0.182,1.0348,1.0056,0.9544,1.0129,0.9995,0.9638,1.0035,0.9898,1.0022,1.0064,1.0041,0.9954,1.0017,0.9985,0.9907,1.0003,1.0002,1.0001,28.174,0.0,1.86,1.86,375.35,78.548,456.309
99,2026-05-14T17:39:12.466940+00:00,mixed,ISL,16.523,29.439,16.523,0.6524,0.3476,21.705,41.109,0.6545,0.3455,0.2281,0.5716,0,0.953,0.0303,0.0167,0.374,0.4204,-0.11264,-0.36578,0,0.8747,0.1032,0.0221,0.698,0.4551,-0.03016,-0.08609,1,0.352,0.2999,0.3481,2.505,0.6519,0.05051,0.05951,3.577,25.282,0.9559,0.0274,0.0167,0.8805,0.0989,0.0205,0.3548,0.2954,0.3497,0.9667,0.0167,0.0167,0.9667,0.0167,0.0167,0.5814,0.2366,0.182,1.036,1.0054,0.953,1.0131,0.9992,0.9627,1.0041,0.989,1.0024,1.0064,1.0041,0.9954,1.0017,0.9985,0.9907,1.0003,1.0002,1.0001,24.788,0.0,0.494,0.494,375.35,79.042,456.803
100,2026-05-14T17:39:18.482208+00:00,mixed,GND,36.814,29.842,29.842,0.6811,0.3189,42.046,41.445,0.4964,0.5036,0.2354,0.5691,0,0.9667,0.0167,0.0167,0.334,0.3011,-0.01664,-0.07612,0,0.9667,0.0167,0.0167,0.152,0.2514,-0.01484,-0.0869,0,0.5814,0.2366,0.182,0.113,0.0971,-0.02867,-0.26946,0.598,42.043,0.9559,0.0274,0.0167,0.8805,0.0989,0.0205,0.3548,0.2954,0.3497,0.9667,0.0167,0.0167,0.9667,0.0167,0.0167,0.6575,0.2009,0.1416,1.036,1.0054,0.953,1.0131,0.9992,0.9627,1.0041,0.989,1.0024,1.0065,1.0042,0.9952,1.0017,0.9985,0.9905,1.0004,1.0003,1.0001,42.039,0.0,0.004,0.004,375.35,79.047,456.807
101,2026-05-14T17:39:24.494814+00:00,mixed,ISL,26.315,22.635,26.315,0.6795,0.3205,31.603,34.17,0.5195,0.4805,0.2435,0.5665,1,0.9559,0.0274,0.0167,1.497,0.59,-0.00027,-0.00051,0,0.8805,0.0989,0.0205,0.471,0.4305,-0.05286,-0.15625,0,0.3548,0.2954,0.3497,4.464,0.5333,0.24637,0.31493,6.432,38.035,0.9579,0.0254,0.0167,0.8873,0.0939,0.0189,0.3521,0.2931,0.3547,0.9667,0.0167,0.0167,0.9667,0.0167,0.0167,0.6575,0.2009,0.1416,1.0368,1.0054,0.9516,1.0136,0.999,0.9616,1.0017,0.9877,1.0025,1.0065,1.0042,0.9952,1.0017,0.9985,0.9905,1.0004,1.0003,1.0001,34.605,0.0,3.43,3.43,375.35,82.476,460.237
102,2026-05-14T17:39:30.495527+00:00,mixed,ISL,29.249,25.779,29.249,0.6797,0.3203,34.6,37.243,0.5184,0.4816,0.2524,0.5638,0,0.9579,0.0254,0.0167,0.798,0.3739,-0.07022,-0.21224,0,0.8873,0.0939,0.0189,0.376,0.4171,-0.06242,-0.18743,0,0.3521,0.2931,0.3547,3.454,0.5333,0.14537,0.19727,4.627,39.227,0.9598,0.0235,0.0167,0.8942,0.0886,0.0173,0.351,0.2901,0.359,0.9667,0.0167,0.0167,0.9667,0.0167,0.0167,0.6575,0.2009,0.1416,1.0375,1.0052,0.9501,1.0141,0.9988,0.9605,1.0001,0.9863,1.0027,1.0065,1.0042,0.9952,1.0017,0.9985,0.9905,1.0004,1.0003,1.0001,37.564,0.0,1.663,1.663,375.35,84.139,461.9
103,2026-05-14T17:39:36.504652+00:00,mixed,ISL,17.141,24.899,17.141,0.6799,0.3201,22.561,36.29,0.6166,0.3834,0.2621,0.5611,0,0.9598,0.0235,0.0167,0.392,0.3594,-0.11085,-0.35985,0,0.8942,0.0886,0.0173,1.164,0.4033,0.01635,0.0438,0,0.351,0.2901,0.359,3.19,0.5333,0.11898,0.16402,4.745,27.306,0.9621,0.0213,0.0167,0.8973,0.0861,0.0167,0.3503,0.2868,0.3629,0.9667,0.0167,0.0167,0.9667,0.0167,0.0167,0.6575,0.2009,0.1416,1.0387,1.005,0.9487,1.014,0.9985,0.9594,0.9987,0.985,1.0029,1.0065,1.0042,0.9952,1.0017,0.9985,0.9905,1.0004,1.0003,1.0001,25.49,0.0,1.816,1.816,375.35,85.956,463.716
104,2026-05-14T17:39:42.510202+00:00,mixed,ISL,20.175,21.867,20.175,0.7011,0.2989,25.672,33.186,0.5638,0.4362,0.2724,0.5582,0,0.9621,0.0213,0.0167,0.268,0.346,-0.12315,-0.40981,0,0.8973,0.0861,0.0167,0.395,0.3893,-0.06052,-0.18126,1,0.3503,0.2868,0.3629,2.153,0.6519,0.01529,0.01831,2.816,28.489,0.9643,0.019,0.0167,0.9022,0.0811,0.0167,0.3527,0.2829,0.3644,0.9667,0.0167,0.0167,0.9667,0.0167,0.0167,0.6575,0.2009,0.1416,1.0401,1.0048,0.9472,1.0146,0.9983,0.9583,0.9993,0.9847,1.0031,1.0065,1.0042,0.9952,1.0017,0.9985,0.9905,1.0004,1.0003,1.0001,28.568,0.0,0.0,0.0,375.35,85.956,463.716
105,2026-05-14T17:39:48.520229+00:00,browsing,GND,29.582,26.559,26.559,0.445,0.555,35.164,37.803,0.5181,0.4819,0.2835,0.5553,0,0.9667,0.0167,0.0167,0.334,0.3254,-0.01662,-0.07602,0,0.9667,0.0167,0.0167,0.191,0.2778,-0.01092,-0.06319,0,0.9667,0.0167,0.0167,0.112,0.1029,-0.02883,-0.29122,0.636,38.439,0.9643,0.019,0.0167,0.9022,0.0811,0.0167,0.4288,0.2498,0.3214,0.9667,0.0167,0.0167,0.9667,0.0167,0.0167,0.9667,0.0167,0.0167,1.0401,1.0048,0.9472,1.0146,0.9983,0.9583,1.0108,0.9871,1.0012,1.0066,1.0042,0.995,1.0018,0.9985,0.9903,1.0017,1.0015,0.9999,37.759,2.638,0.042,0.68,377.989,85.997,464.396
106,2026-05-14T17:39:54.530427+00:00,browsing,ISL,21.233,26.277,21.233,0.4456,0.5544,26.908,37.444,0.5819,0.4181,0.2952,0.5523,0,0.9643,0.019,0.0167,0.321,0.362,-0.11785,-0.38886,0,0.9022,0.0811,0.0167,0.418,0.3991,-0.05824,-0.17391,1,0.4288,0.2498,0.3214,2.964,0.6667,0.0964,0.1207,3.703,30.611,0.9664,0.017,0.0167,0.9071,0.0762,0.0167,0.4373,0.2431,0.3196,0.9667,0.0167,0.0167,0.9667,0.0167,0.0167,0.9667,0.0167,0.0167,1.0414,1.0043,0.9449,1.0151,0.9979,0.9568,1.0118,0.9858,1.0013,1.0066,1.0042,0.995,1.0018,0.9985,0.9903,1.0017,1.0015,0.9999,29.474,0.0,1.138,1.138,377.989,87.135,465.534
107,2026-05-14T17:40:00.532512+00:00,browsing,GND,31.297,29.024,29.024,0.4583,0.5417,37.074,40.114,0.5197,0.4803,0.3075,0.5491,0,0.9667,0.0167,0.0167,0.23,0.3239,-0.02696,-0.1264,0,0.9667,0.0167,0.0167,0.338,0.2797,0.00383,0.02128,2,0.9667,0.0167,0.0167,0.624,0.2755,0.02238,0.07053,1.193,41.306,0.9664,0.017,0.0167,0.9071,0.0762,0.0167,0.4373,0.2431,0.3196,0.9667,0.0167,0.0167,0.9667,0.0167,0.0167,0.9667,0.0167,0.0167,1.0414,1.0043,0.9449,1.0151,0.9979,0.9568,1.0118,0.9858,1.0013,1.0067,1.0043,0.9948,1.0017,0.9984,0.9901,1.0018,1.0015,0.9997,39.613,3.04,0.598,1.693,381.029,87.733,467.227
108,2026-05-14T17:40:06.540244+00:00,browsing,ISL,18.829,21.854,18.829,0.4592,0.5408,24.715,32.865,0.5708,0.4292,0.3205,0.5459,0,0.9664,0.017,0.0167,0.458,0.3478,-0.1042,-0.33569,2,0.9071,0.0762,0.0167,2.169,0.6753,0.11692,0.1692,0,0.4373,0.2431,0.3196,1.134,0.5,-0.08658,-0.1718,3.761,28.477,0.9667,0.0167,0.0167,0.911,0.0724,0.0167,0.4462,0.2365,0.3173,0.9667,0.0167,0.0167,0.9667,0.0167,0.0167,0.9667,0.0167,0.0167,1.0425,1.0038,0.9427,1.0154,0.9975,0.9556,1.0129,0.9848,1.0014,1.0067,1.0043,0.9948,1.0017,0.9984,0.9901,1.0018,1.0015,0.9997,27.234,0.0,1.243,1.243,381.029,88.976,468.47
109,2026-05-14T17:40:12.546939+00:00,browsing,ISL,29.068,26.186,29.068,0.4729,0.5271,35.074,37.118,0.5142,0.4858,0.334,0.5426,0,0.9667,0.0167,0.0167,0.311,0.3441,-0.11886,-0.39406,0,0.911,0.0724,0.0167,0.316,0.3639,-0.06841,-0.20783,2,0.4462,0.2365,0.3173,1.41,0.5667,-0.05905,-0.0987,2.037,37.111,0.9667,0.0167,0.0167,0.9157,0.0677,0.0167,0.4537,0.2296,0.3167,0.9667,0.0167,0.0167,0.9667,0.0167,0.0167,0.9667,0.0167,0.0167,1.0439,1.0034,0.9404,1.016,0.9971,0.954,1.0139,0.9837,1.0022,1.0067,1.0043,0.9948,1.0017,0.9984,0.9901,1.0018,1.0015,0.9997,37.576,0.0,0.0,0.0,381.029,88.976,468.47
110,2026-05-14T17:40:18.557330+00:00,browsing,GND,22.783,25.332,25.332,0.473,0.527,28.918,36.184,0.5558,0.4442,0.348,0.5392,0,0.9667,0.0167,0.0167,0.142,0.3196,-0.03581,-0.1717,2,0.9667,0.0167,0.0167,0.816,0.4449,0.05165,0.11799,0,0.9667,0.0167,0.0167,0.123,0.1029,-0.02769,-0.27804,1.081,37.265,0.9667,0.0167,0.0167,0.9157,0.0677,0.0167,0.4537,0.2296,0.3167,0.9667,0.0167,0.0167,0.9667,0.0167,0.0167,0.9667,0.0167,0.0167,1.0439,1.0034,0.9404,1.016,0.9971,0.954,1.0139,0.9837,1.0022,1.0069,1.0043,0.9946,1.0018,0.9984,0.9897,1.0019,1.0016,0.9998,31.409,7.266,0.487,5.857,388.295,89.463,474.326
111,2026-05-14T17:40:24.570091+00:00,browsing,GND,13.783,26.158,26.158,0.4805,0.5195,20.057,36.928,0.648,0.352,0.3625,0.5358,0,0.9667,0.0167,0.0167,0.313,0.3177,-0.01872,-0.08606,0,0.9667,0.0167,0.0167,0.3,0.2806,2e-05,0.00014,0,0.9667,0.0167,0.0167,0.049,0.1029,-0.03512,-0.36802,0.662,37.59,0.9667,0.0167,0.0167,0.9157,0.0677,0.0167,0.4537,0.2296,0.3167,0.9667,0.0167,0.0167,0.9667,0.0167,0.0167,0.9667,0.0167,0.0167,1.0439,1.0034,0.9404,1.016,0.9971,0.954,1.0139,0.9837,1.0022,1.007,1.0044,0.9945,1.0018,0.9984,0.9895,1.002,1.0017,0.9998,22.541,16.871,0.068,15.05,405.166,89.532,489.376
112,2026-05-14T17:40:30.575854+00:00,browsing,GND,30.588,28.835,28.835,0.5246,0.4754,37.013,39.524,0.5164,0.4836,0.3775,0.5322,0,0.9667,0.0167,0.0167,0.197,0.3155,-0.03034,-0.1435,0,0.9667,0.0167,0.0167,0.089,0.2802,-0.02111,-0.12603,0,0.9667,0.0167,0.0167,0.066,0.1029,-0.03337,-0.3461,0.352,39.876,0.9667,0.0167,0.0167,0.9157,0.0677,0.0167,0.4537,0.2296,0.3167,0.9667,0.0167,0.0167,0.9667,0.0167,0.0167,0.9667,0.0167,0.0167,1.0439,1.0034,0.9404,1.016,0.9971,0.954,1.0139,0.9837,1.0022,1.0072,1.0044,0.9943,1.0019,0.9984,0.9892,1.0021,1.0018,0.9998,39.495,2.511,0.0,0.381,407.677,89.532,489.757
113,2026-05-14T17:40:36.585004+00:00,browsing,GND,10.978,21.744,21.744,0.5251,0.4749,17.565,32.351,0.6481,0.3519,0.3928,0.5286,0,0.9667,0.0167,0.0167,0.258,0.313,-0.0242,-0.11277,0,0.9667,0.0167,0.0167,0.128,0.2797,-0.01716,-0.10126,0,0.9667,0.0167,0.0167,0.117,0.1029,-0.02827,-0.28491,0.504,32.855,0.9667,0.0167,0.0167,0.9157,0.0677,0.0167,0.4537,0.2296,0.3167,0.9667,0.0167,0.0167,0.9667,0.0167,0.0167,0.9667,0.0167,0.0167,1.0439,1.0034,0.9404,1.016,0.9971,0.954,1.0139,0.9837,1.0022,1.0073,1.0045,0.9941,1.0019,0.9983,0.989,1.0022,1.0018,0.9998,20.05,14.786,0.0,12.805,422.463,89.532,502.563
114,2026-05-14T17:40:42.598431+00:00,browsing,GND,21.038,25.84,25.84,0.5951,0.4049,27.801,36.364,0.5667,0.4333,0.4085,0.5249,0,0.9667,0.0167,0.0167,0.09,0.3103,-0.04103,-0.19952,0,0.9667,0.0167,0.0167,0.141,0.2788,-0.01594,-0.0937,0,0.9667,0.0167,0.0167,0.064,0.1029,-0.03356,-0.34862,0.295,36.659,0.9667,0.0167,0.0167,0.9157,0.0677,0.0167,0.4537,0.2296,0.3167,0.9667,0.0167,0.0167,0.9667,0.0167,0.0167,0.9667,0.0167,0.0167,1.0439,1.0034,0.9404,1.016,0.9971,0.954,1.0139,0.9837,1.0022,1.0075,1.0046,0.9939,1.002,0.9983,0.9888,1.0023,1.0019,0.9998,30.293,8.563,0.0,6.366,431.027,89.532,508.929
115,2026-05-14T17:40:48.602426+00:00,browsing,ISL,12.288,25.68,12.288,0.6046,0.3954,19.239,36.121,0.6525,0.3475,0.4246,0.5211,0,0.9667,0.0167,0.0167,0.818,0.3721,-0.06817,-0.20692,0,0.9157,0.0677,0.0167,0.378,0.3334,-0.06218,-0.18711,0,0.4537,0.2296,0.3167,0.696,0.5,-0.13039,-0.27235,1.893,21.132,0.9667,0.0167,0.0167,0.9198,0.0636,0.0167,0.4655,0.222,0.3125,0.9667,0.0167,0.0167,0.9667,0.0167,0.0167,0.9667,0.0167,0.0167,1.0445,1.0032,0.9383,1.0165,0.9968,0.9525,1.0158,0.9826,1.0023,1.0075,1.0046,0.9939,1.002,0.9983,0.9888,1.0023,1.0019,0.9998,21.744,0.0,0.0,0.0,431.027,89.532,508.929
116,2026-05-14T17:40:54.618204+00:00,browsing,GND,42.806,29.003,29.003,0.6523,0.3477,49.96,39.361,0.4407,0.5593,0.4409,0.5173,0,0.9667,0.0167,0.0167,0.276,0.3043,-0.02244,-0.10415,0,0.9667,0.0167,0.0167,0.108,0.2765,-0.01918,-0.11385,0,0.9667,0.0167,0.0167,0.246,0.1029,-0.01543,-0.14545,0.63,39.991,0.9667,0.0167,0.0167,0.9198,0.0636,0.0167,0.4655,0.222,0.3125,0.9667,0.0167,0.0167,0.9667,0.0167,0.0167,0.9667,0.0167,0.0167,1.0445,1.0032,0.9383,1.0165,0.9968,0.9525,1.0158,0.9826,1.0023,1.0076,1.0046,0.9937,1.0021,0.9983,0.9885,1.0023,1.002,0.9998,39.952,0.0,0.039,0.039,431.027,89.571,508.968
117,2026-05-14T17:41:00.623963+00:00,browsing,GND,39.185,35.462,35.462,0.6462,0.3538,46.557,45.736,0.4956,0.5044,0.4574,0.5134,0,0.9667,0.0167,0.0167,0.199,0.301,-0.03008,-0.1423,0,0.9667,0.0167,0.0167,0.341,0.275,0.00413,0.0229,0,0.9667,0.0167,0.0167,0.217,0.1029,-0.01826,-0.17455,0.758,46.494,0.9667,0.0167,0.0167,0.9198,0.0636,0.0167,0.4655,0.222,0.3125,0.9667,0.0167,0.0167,0.9667,0.0167,0.0167,0.9667,0.0167,0.0167,1.0445,1.0032,0.9383,1.0165,0.9968,0.9525,1.0158,0.9826,1.0023,1.0078,1.0047,0.9935,1.0021,0.9982,0.9883,1.0024,1.0021,0.9998,46.326,0.0,0.168,0.168,431.027,89.739,509.136
118,2026-05-14T17:41:06.634276+00:00,browsing,ISL,13.682,26.346,13.682,0.645,0.355,21.289,36.536,0.6318,0.3682,0.4742,0.5094,0,0.9667,0.0167,0.0167,0.811,0.412,-0.06893,-0.20961,2,0.9198,0.0636,0.0167,2.507,0.6569,0.15072,0.21231,2,0.4655,0.222,0.3125,1.312,0.5667,-0.06883,-0.11617,4.63,25.919,0.9667,0.0167,0.0167,0.9229,0.0604,0.0167,0.4728,0.2152,0.312,0.9667,0.0167,0.0167,0.9667,0.0167,0.0167,0.9667,0.0167,0.0167,1.0451,1.0031,0.9363,1.0169,0.9966,0.9511,1.0168,0.9816,1.0033,1.0078,1.0047,0.9935,1.0021,0.9982,0.9883,1.0024,1.0021,0.9998,23.858,0.0,2.061,2.061,431.027,91.799,511.197
119,2026-05-14T17:41:12.638579+00:00,browsing,GND,36.325,28.967,28.967,0.6754,0.3246,44.183,39.074,0.4693,0.5307,0.491,0.5053,0,0.9667,0.0167,0.0167,0.343,0.2939,-0.01567,-0.07161,0,0.9667,0.0167,0.0167,0.167,0.2714,-0.01334,-0.07783,0,0.9667,0.0167,0.0167,0.086,0.1029,-0.03143,-0.32259,0.596,39.669,0.9667,0.0167,0.0167,0.9229,0.0604,0.0167,0.4728,0.2152,0.312,0.9667,0.0167,0.0167,0.9667,0.0167,0.0167,0.9667,0.0167,0.0167,1.0451,1.0031,0.9363,1.0169,0.9966,0.9511,1.0168,0.9816,1.0033,1.0079,1.0047,0.9933,1.0021,0.9982,0.9881,1.0025,1.0022,0.9999,39.662,0.0,0.008,0.008,431.027,91.807,511.204
120,2026-05-14T17:41:18.651241+00:00,gaming,GND,26.429,22.705,22.705,0.6704,0.3296,34.559,32.728,0.4864,0.5136,0.508,0.5011,0,0.9667,0.0167,0.0167,0.12,0.1758,-0.03799,-0.18338,0,0.9667,0.0167,0.0167,0.24,0.18,-0.00602,-0.03439,0,0.9667,0.0167,0.0167,0.072,0.0229,-0.03279,-0.85508,0.432,33.16,0.9667,0.0167,0.0167,0.9229,0.0604,0.0167,0.9667,0.0167,0.0167,0.9667,0.0167,0.0167,0.9667,0.0167,0.0167,0.9667,0.0167,0.0167,1.0451,1.0031,0.9363,1.0169,0.9966,0.9511,1.0382,1.0242,0.9858,1.0081,1.0048,0.9933,1.0021,0.9982,0.9879,1.0017,1.0015,1.0001,33.226,0.0,0.0,0.0,431.027,91.807,511.204
121,2026-05-14T17:41:24.652147+00:00,gaming,GND,31.301,29.764,29.764,0.6673,0.3327,39.722,39.703,0.4999,0.5001,0.525,0.4969,0,0.9667,0.0167,0.0167,0.252,0.1719,-0.02484,-0.11602,0,0.9667,0.0167,0.0167,0.261,0.1777,-0.00388,-0.02201,0,0.9667,0.0167,0.0167,0.045,0.0229,-0.0355,-0.97381,0.558,40.261,0.9667,0.0167,0.0167,0.9229,0.0604,0.0167,0.9667,0.0167,0.0167,0.9667,0.0167,0.0167,0.9667,0.0167,0.0167,0.9667,0.0167,0.0167,1.0451,1.0031,0.9363,1.0169,0.9966,0.9511,1.0382,1.0242,0.9858,1.0082,1.0049,0.9932,1.0021,0.9982,0.9878,1.0018,1.0016,1.0001,40.201,0.0,0.06,0.06,431.027,91.867,511.264
122,2026-05-14T17:41:30.660276+00:00,gaming,GND,17.273,21.655,21.655,0.6667,0.3333,26.007,31.511,0.5478,0.4522,0.542,0.4927,0,0.9667,0.0167,0.0167,0.103,0.168,-0.03971,-0.19263,0,0.9667,0.0167,0.0167,0.161,0.1752,-0.01392,-0.08133,0,0.9667,0.0167,0.0167,0.064,0.0229,-0.03356,-0.88771,0.328,31.839,0.9667,0.0167,0.0167,0.9229,0.0604,0.0167,0.9667,0.0167,0.0167,0.9667,0.0167,0.0167,0.9667,0.0167,0.0167,0.9667,0.0167,0.0167,1.0451,1.0031,0.9363,1.0169,0.9966,0.9511,1.0382,1.0242,0.9858,1.0084,1.005,0.9932,1.0022,0.9982,0.9876,1.0019,1.0017,1.0001,27.387,5.504,0.0,4.452,436.53,91.867,515.717
123,2026-05-14T17:41:36.675689+00:00,gaming,ISL,22.964,33.832,22.964,0.6764,0.3236,32.034,43.604,0.5765,0.4235,0.559,0.4883,0,0.9667,0.0167,0.0167,0.231,0.2978,-0.12691,-0.42874,0,0.9229,0.0604,0.0167,0.214,0.2075,-0.07855,-0.24313,0,0.9667,0.0167,0.0167,0.4,0.1111,-0.15999,-0.91429,0.845,32.879,0.9667,0.0167,0.0167,0.9264,0.057,0.0167,0.9667,0.0167,0.0167,0.9667,0.0167,0.0167,0.9667,0.0167,0.0167,0.9667,0.0167,0.0167,1.0466,1.0039,0.9366,1.0176,0.997,0.951,1.0404,1.0259,0.9847,1.0084,1.005,0.9932,1.0022,0.9982,0.9876,1.0019,1.0017,1.0001,33.436,0.0,0.0,0.0,436.53,91.867,515.717
124,2026-05-14T17:41:42.685791+00:00,gaming,GND,30.992,29.342,29.342,0.685,0.315,40.423,39.032,0.4912,0.5088,0.5758,0.484,0,0.9667,0.0167,0.0167,0.111,0.1598,-0.03887,-0.18816,0,0.9667,0.0167,0.0167,0.158,0.1697,-0.0142,-0.08305,0,0.9667,0.0167,0.0167,0.037,0.0229,-0.03627,-1.01068,0.307,39.338,0.9667,0.0167,0.0167,0.9264,0.057,0.0167,0.9667,0.0167,0.0167,0.9667,0.0167,0.0167,0.9667,0.0167,0.0167,0.9667,0.0167,0.0167,1.0466,1.0039,0.9366,1.0176,0.997,0.951,1.0404,1.0259,0.9847,1.0086,1.0051,0.9931,1.0023,0.9982,0.9875,1.0021,1.0018,1.0001,39.527,0.0,0.0,0.0,436.53,91.867,515.717
125,2026-05-14T17:41:48.689830+00:00,gaming,ISL,14.328,22.072,14.328,0.6835,0.3165,24.146,31.679,0.5675,0.4325,0.5926,0.4795,0,0.9667,0.0167,0.0167,0.419,0.3231,-0.10815,-0.35305,0,0.9264,0.057,0.0167,0.378,0.2342,-0.06222,-0.18758,0,0.9667,0.0167,0.0167,0.066,0.1111,-0.19337,-1.2981,0.863,25.009,0.9667,0.0167,0.0167,0.9292,0.0542,0.0167,0.9667,0.0167,0.0167,0.9667,0.0167,0.0167,0.9667,0.0167,0.0167,0.9667,0.0167,0.0167,1.0478,1.0048,0.9369,1.0182,0.9973,0.9509,1.0443,1.0276,0.9837,1.0086,1.0051,0.9931,1.0023,0.9982,0.9875,1.0021,1.0018,1.0001,25.596,0.0,0.0,0.0,436.53,91.867,515.717
126,2026-05-14T17:41:54.700249+00:00,gaming,GND,20.255,22.25,22.25,0.6989,0.3011,30.489,31.774,0.5103,0.4897,0.6091,0.475,0,0.9667,0.0167,0.0167,0.065,0.1514,-0.04349,-0.21316,0,0.9667,0.0167,0.0167,0.204,0.1636,-0.00957,-0.05524,0,0.9667,0.0167,0.0167,0.06,0.0229,-0.03402,-0.90804,0.329,32.103,0.9667,0.0167,0.0167,0.9292,0.0542,0.0167,0.9667,0.0167,0.0167,0.9667,0.0167,0.0167,0.9667,0.0167,0.0167,0.9667,0.0167,0.0167,1.0478,1.0048,0.9369,1.0182,0.9973,0.9509,1.0443,1.0276,0.9837,1.0089,1.0052,0.9931,1.0023,0.9982,0.9873,1.0022,1.0018,1.0001,31.96,1.285,0.0,0.143,437.816,91.867,515.86
127,2026-05-14T17:42:00.714722+00:00,gaming,ISL,29.277,26.411,29.277,0.6994,0.3006,39.956,35.853,0.4729,0.5271,0.6254,0.4704,0,0.9667,0.0167,0.0167,0.832,0.3415,-0.06678,-0.20308,0,0.9292,0.0542,0.0167,0.721,0.2621,-0.0279,-0.07981,0,0.9667,0.0167,0.0167,0.276,0.1111,-0.17237,-1.04893,1.83,41.785,0.9667,0.0167,0.0167,0.931,0.0523,0.0167,0.9667,0.0167,0.0167,0.9667,0.0167,0.0167,0.9667,0.0167,0.0167,0.9667,0.0167,0.0167,1.0484,1.0057,0.9373,1.0184,0.9976,0.9509,1.047,1.0293,0.9826,1.0089,1.0052,0.9931,1.0023,0.9982,0.9873,1.0022,1.0018,1.0001,36.346,4.103,0.337,5.439,441.918,92.204,521.299
128,2026-05-14T17:42:06.725799+00:00,gaming,GND,20.114,25.843,25.843,0.6955,0.3045,31.27,35.203,0.5296,0.4704,0.6415,0.4658,0,0.9667,0.0167,0.0167,0.297,0.1431,-0.02025,-0.09366,0,0.9667,0.0167,0.0167,0.167,0.157,-0.01328,-0.0775,0,0.9667,0.0167,0.0167,0.14,0.0229,-0.02597,-0.60781,0.605,35.808,0.9667,0.0167,0.0167,0.931,0.0523,0.0167,0.9667,0.0167,0.0167,0.9667,0.0167,0.0167,0.9667,0.0167,0.0167,0.9667,0.0167,0.0167,1.0484,1.0057,0.9373,1.0184,0.9976,0.9509,1.047,1.0293,0.9826,1.009,1.0053,0.993,1.0023,0.9982,0.9872,1.0022,1.0019,1.0001,32.781,3.933,0.113,3.027,445.851,92.317,524.326
129,2026-05-14T17:42:12.731270+00:00,gaming,GND,13.962,28.755,28.755,0.6989,0.3011,25.63,38.034,0.5974,0.4026,0.6572,0.4612,0,0.9667,0.0167,0.0167,0.465,0.139,-0.00351,-0.0156,0,0.9667,0.0167,0.0167,0.102,0.1535,-0.01979,-0.11776,0,0.9667,0.0167,0.0167,0.061,0.0229,-0.03391,-0.90356,0.628,38.662,0.9667,0.0167,0.0167,0.931,0.0523,0.0167,0.9667,0.0167,0.0167,0.9667,0.0167,0.0167,0.9667,0.0167,0.0167,0.9667,0.0167,0.0167,1.0484,1.0057,0.9373,1.0184,0.9976,0.9509,1.047,1.0293,0.9826,1.009,1.0054,0.993,1.0024,0.9982,0.9871,1.0023,1.002,1.0001,27.157,12.404,0.137,11.506,458.256,92.454,535.832
130,2026-05-14T17:42:18.742777+00:00,gaming,GND,37.957,31.553,31.553,0.7153,0.2847,50.173,40.752,0.4482,0.5518,0.6725,0.4564,0,0.9667,0.0167,0.0167,0.211,0.1349,-0.02887,-0.13637,0,0.9667,0.0167,0.0167,0.114,0.15,-0.01864,-0.11053,0,0.9667,0.0167,0.0167,0.055,0.0229,-0.03446,-0.92764,0.38,41.132,0.9667,0.0167,0.0167,0.931,0.0523,0.0167,0.9667,0.0167,0.0167,0.9667,0.0167,0.0167,0.9667,0.0167,0.0167,0.9667,0.0167,0.0167,1.0484,1.0057,0.9373,1.0184,0.9976,0.9509,1.047,1.0293,0.9826,1.0092,1.0055,0.993,1.0025,0.9982,0.9869,1.0024,1.0021,1.0001,41.242,0.0,0.0,0.0,458.256,92.454,535.832
131,2026-05-14T17:42:24.754082+00:00,gaming,ISL,27.186,22.807,27.186,0.7109,0.2891,39.986,31.926,0.444,0.556,0.6875,0.4517,0,0.9667,0.0167,0.0167,0.284,0.3511,-0.12163,-0.40824,0,0.931,0.0523,0.0167,0.222,0.3124,-0.07781,-0.24095,0,0.9667,0.0167,0.0167,0.332,0.1111,-0.16678,-0.99458,0.838,40.823,0.9667,0.0167,0.0167,0.934,0.0494,0.0167,0.9667,0.0167,0.0167,0.9667,0.0167,0.0167,0.9667,0.0167,0.0167,0.9667,0.0167,0.0167,1.0498,1.0066,0.9378,1.0191,0.998,0.9509,1.0495,1.031,0.9815,1.0092,1.0055,0.993,1.0025,0.9982,0.9869,1.0024,1.0021,1.0001,32.415,8.06,0.0,8.408,466.316,92.454,544.24
132,2026-05-14T17:42:30.754592+00:00,gaming,GND,18.763,29.174,29.174,0.7027,0.2973,32.186,38.213,0.5428,0.4572,0.702,0.4469,0,0.9667,0.0167,0.0167,0.223,0.127,-0.02768,-0.13038,0,0.9667,0.0167,0.0167,0.177,0.1427,-0.01226,-0.07131,0,0.9667,0.0167,0.0167,0.01,0.0229,-0.03895,-1.15001,0.411,38.624,0.9667,0.0167,0.0167,0.934,0.0494,0.0167,0.9667,0.0167,0.0167,0.9667,0.0167,0.0167,0.9667,0.0167,0.0167,0.9667,0.0167,0.0167,1.0498,1.0066,0.9378,1.0191,0.998,0.9509,1.0495,1.031,0.9815,1.0093,1.0056,0.9929,1.0025,0.9982,0.9868,1.0025,1.0022,1.0001,33.74,6.027,0.0,4.884,472.343,92.454,549.124
133,2026-05-14T17:42:36.760747+00:00,gaming,ISL,20.972,26.031,20.972,0.7074,0.2926,35.058,34.992,0.4995,0.5005,0.716,0.442,0,0.9667,0.0167,0.0167,0.28,0.3415,-0.12199,-0.4104,0,0.934,0.0494,0.0167,0.559,0.3311,-0.04412,-0.12947,0,0.9667,0.0167,0.0167,0.291,0.1111,-0.1709,-1.04226,1.13,36.188,0.9667,0.0167,0.0167,0.9359,0.0474,0.0167,0.9667,0.0167,0.0167,0.9667,0.0167,0.0167,0.9667,0.0167,0.0167,0.9667,0.0167,0.0167,1.0512,1.0076,0.9383,1.0195,0.9984,0.9509,1.0522,1.0327,0.9804,1.0093,1.0056,0.9929,1.0025,0.9982,0.9868,1.0025,1.0022,1.0001,35.48,0.067,0.0,0.709,472.409,92.454,549.833
134,2026-05-14T17:42:42.764901+00:00,gaming,ISL,43.772,36.638,43.772,0.7063,0.2937,58.561,45.521,0.4374,0.5626,0.7295,0.4371,0,0.9667,0.0167,0.0167,0.797,0.3333,-0.07033,-0.21593,0,0.9359,0.0474,0.0167,0.779,0.338,-0.02212,-0.06284,0,0.9667,0.0167,0.0167,0.36,0.1111,-0.16399,-0.9744,1.936,60.497,0.9667,0.0167,0.0167,0.9374,0.0459,0.0167,0.9667,0.0167,0.0167,0.9667,0.0167,0.0167,0.9667,0.0167,0.0167,0.9667,0.0167,0.0167,1.0519,1.0085,0.9388,1.0197,0.9988,0.951,1.0546,1.0344,0.9793,1.0093,1.0056,0.9929,1.0025,0.9982,0.9868,1.0025,1.0022,1.0001,46.009,13.04,0.383,14.488,485.449,92.837,564.321
135,2026-05-14T17:42:48.775331+00:00,browsing,ISL,25.658,31.411,25.658,0.6714,0.3286,41.19,40.217,0.494,0.506,0.7425,0.4322,0,0.9667,0.0167,0.0167,1.257,0.5136,-0.02431,-0.06948,0,0.9374,0.0459,0.0167,2.036,0.5284,0.10359,0.25077,2,0.4728,0.2152,0.312,1.373,0.5667,-0.06273,-0.10542,4.665,45.855,0.9667,0.0167,0.0167,0.9375,0.0459,0.0167,0.4801,0.2087,0.3112,0.9667,0.0167,0.0167,0.9667,0.0167,0.0167,0.9667,0.0167,0.0167,1.0521,1.0087,0.9377,1.0191,0.9988,0.95,1.0178,0.9805,1.0042,1.0093,1.0056,0.9929,1.0025,0.9982,0.9868,1.0025,1.0022,0.9999,40.788,0.973,1.649,5.067,486.422,94.486,569.388
136,2026-05-14T17:42:54.786264+00:00,browsing,ISL,21.294,29.277,21.294,0.6694,0.3306,37.608,38.007,0.5026,0.4974,0.7548,0.4273,0,0.9667,0.0167,0.0167,1.567,0.5016,0.00672,0.01839,0,0.9375,0.0459,0.0167,0.614,0.5318,-0.03862,-0.11239,0,0.4801,0.2087,0.3112,1.418,0.5,-0.05817,-0.11278,3.599,41.208,0.9667,0.0167,0.0167,0.9396,0.0438,0.0167,0.4877,0.2031,0.3093,0.9667,0.0167,0.0167,0.9667,0.0167,0.0167,0.9667,0.0167,0.0167,1.052,1.009,0.9365,1.0194,0.9988,0.9491,1.0185,0.9795,1.0043,1.0093,1.0056,0.9929,1.0025,0.9982,0.9868,1.0025,1.0022,0.9999,38.578,0.0,0.601,2.63,486.422,95.086,572.017
137,2026-05-14T17:43:00.788027+00:00,browsing,ISL,42.84,40.955,42.84,0.6679,0.3321,59.972,49.61,0.4527,0.5473,0.7665,0.4223,0,0.9667,0.0167,0.0167,1.059,0.4883,-0.04408,-0.12986,0,0.9396,0.0438,0.0167,0.601,0.5333,-0.03993,-0.11646,1,0.4877,0.2031,0.3093,2.269,0.6667,0.02692,0.03496,3.929,63.901,0.9667,0.0167,0.0167,0.9416,0.0418,0.0167,0.4958,0.1978,0.3064,0.9667,0.0167,0.0167,0.9667,0.0167,0.0167,0.9667,0.0167,0.0167,1.0524,1.0092,0.9354,1.0197,0.9988,0.9482,1.0195,0.9791,1.0044,1.0093,1.0056,0.9929,1.0025,0.9982,0.9868,1.0025,1.0022,0.9999,50.18,10.362,0.954,13.721,496.784,96.04,585.739
138,2026-05-14T17:43:06.798180+00:00,browsing,GND,35.342,25.349,25.349,0.6645,0.3355,53.325,33.929,0.3888,0.6112,0.7776,0.4172,0,0.9667,0.0167,0.0167,0.39,0.2211,-0.01098,-0.04968,0,0.9667,0.0167,0.0167,0.194,0.2095,-0.01056,-0.06109,0,0.9667,0.0167,0.0167,0.071,0.1029,-0.03287,-0.34019,0.656,34.585,0.9667,0.0167,0.0167,0.9416,0.0418,0.0167,0.4958,0.1978,0.3064,0.9667,0.0167,0.0167,0.9667,0.0167,0.0167,0.9667,0.0167,0.0167,1.0524,1.0092,0.9354,1.0197,0.9988,0.9482,1.0195,0.9791,1.0044,1.0094,1.0057,0.9928,1.0026,0.9981,0.9866,1.0026,1.0022,0.9999,34.498,0.0,0.087,0.087,496.784,96.127,585.826
139,2026-05-14T17:43:12.805900+00:00,browsing,GND,42.022,36.109,36.109,0.6524,0.3476,60.883,44.615,0.4229,0.5771,0.7879,0.4122,0,0.9667,0.0167,0.0167,0.251,0.2184,-0.02494,-0.11672,0,0.9667,0.0167,0.0167,0.121,0.2058,-0.01794,-0.10618,0,0.9667,0.0167,0.0167,0.038,0.1029,-0.03619,-0.38196,0.409,45.025,0.9667,0.0167,0.0167,0.9416,0.0418,0.0167,0.4958,0.1978,0.3064,0.9667,0.0167,0.0167,0.9667,0.0167,0.0167,0.9667,0.0167,0.0167,1.0524,1.0092,0.9354,1.0197,0.9988,0.9482,1.0195,0.9791,1.0044,1.0095,1.0058,0.9926,1.0027,0.9981,0.9864,1.0027,1.0023,0.9999,45.184,0.0,0.0,0.0,496.784,96.127,585.826
140,2026-05-14T17:43:18.812345+00:00,browsing,ISL,23.138,30.474,23.138,0.6466,0.3534,42.897,38.907,0.4756,0.5244,0.7976,0.4071,0,0.9667,0.0167,0.0167,0.929,0.4429,-0.05713,-0.17186,0,0.9416,0.0418,0.0167,0.666,0.5261,-0.03339,-0.09645,2,0.4958,0.1978,0.3064,1.645,0.5667,-0.03545,-0.05824,3.24,46.138,0.9667,0.0167,0.0167,0.9434,0.0399,0.0167,0.5038,0.1918,0.3044,0.9667,0.0167,0.0167,0.9667,0.0167,0.0167,0.9667,0.0167,0.0167,1.0529,1.0093,0.9343,1.02,0.9989,0.9473,1.0205,0.978,1.0049,1.0095,1.0058,0.9926,1.0027,0.9981,0.9864,1.0027,1.0023,0.9999,39.474,3.991,0.36,6.663,500.775,96.487,592.489
141,2026-05-14T17:43:24.821139+00:00,browsing,GND,15.361,25.56,25.56,0.6428,0.3572,36.028,33.921,0.4849,0.5151,0.8065,0.402,0,0.9667,0.0167,0.0167,0.558,0.2138,0.00576,0.02512,0,0.9667,0.0167,0.0167,0.256,0.1986,-0.0044,-0.02499,1,0.9667,0.0167,0.0167,0.437,0.1821,0.00365,0.01792,1.25,35.171,0.9667,0.0167,0.0167,0.9434,0.0399,0.0167,0.5038,0.1918,0.3044,0.9667,0.0167,0.0167,0.9667,0.0167,0.0167,0.9667,0.0167,0.0167,1.0529,1.0093,0.9343,1.02,0.9989,0.9473,1.0205,0.978,1.0049,1.0095,1.0058,0.9925,1.0027,0.9981,0.9862,1.0028,1.0023,0.9999,34.488,0.0,0.683,0.683,500.775,97.17,593.172
142,2026-05-14T17:43:30.827254+00:00,browsing,GND,32.889,26.065,26.065,0.6384,0.3616,54.461,34.354,0.3868,0.6132,0.8146,0.3968,0,0.9667,0.0167,0.0167,0.206,0.2118,-0.02935,-0.13886,0,0.9667,0.0167,0.0167,0.277,0.1952,-0.00234,-0.01324,0,0.9667,0.0167,0.0167,0.217,0.1029,-0.01833,-0.1754,0.7,35.054,0.9667,0.0167,0.0167,0.9434,0.0399,0.0167,0.5038,0.1918,0.3044,0.9667,0.0167,0.0167,0.9667,0.0167,0.0167,0.9667,0.0167,0.0167,1.0529,1.0093,0.9343,1.02,0.9989,0.9473,1.0205,0.978,1.0049,1.0096,1.0059,0.9924,1.0027,0.9981,0.986,1.0028,1.0024,0.9999,34.921,0.0,0.134,0.134,500.775,97.304,593.306
143,2026-05-14T17:43:36.834542+00:00,browsing,ISL,27.211,33.803,27.211,0.6261,0.3739,49.67,42.022,0.4583,0.5417,0.8219,0.3917,0,0.9667,0.0167,0.0167,1.538,0.3975,0.00376,0.01033,0,0.9434,0.0399,0.0167,1.037,0.5028,0.00368,0.0101,1,0.5038,0.1918,0.3044,2.286,0.6667,0.0286,0.03705,4.86,54.531,0.9667,0.0167,0.0167,0.9446,0.0387,0.0167,0.512,0.1866,0.3014,0.9667,0.0167,0.0167,0.9667,0.0167,0.0167,0.9667,0.0167,0.0167,1.0529,1.0093,0.9333,1.02,0.9988,0.9465,1.0215,0.9776,1.005,1.0096,1.0059,0.9924,1.0027,0.9981,0.986,1.0028,1.0024,0.9999,42.588,7.648,2.093,11.943,508.423,99.397,605.249
144,2026-05-14T17:43:42.837130+00:00,browsing,ISL,18.791,21.822,18.791,0.6216,0.3784,42.103,29.972,0.4158,0.5842,0.8284,0.3865,0,0.9667,0.0167,0.0167,0.988,0.3841,-0.05122,-0.15271,0,0.9446,0.0387,0.0167,0.652,0.4921,-0.03478,-0.10073,0,0.512,0.1866,0.3014,1.403,0.5,-0.05967,-0.11631,3.043,45.146,0.9667,0.0167,0.0167,0.9464,0.037,0.0167,0.5196,0.1813,0.2991,0.9667,0.0167,0.0167,0.9667,0.0167,0.0167,0.9667,0.0167,0.0167,1.0534,1.0093,0.9323,1.0203,0.9988,0.9457,1.0223,0.9766,1.0051,1.0096,1.0059,0.9924,1.0027,0.9981,0.986,1.0028,1.0024,0.9999,30.537,12.13,0.313,14.609,520.553,99.71,619.857
145,2026-05-14T17:43:48.844879+00:00,browsing,GND,13.839,29.433,29.433,0.607,0.393,37.949,37.515,0.4971,0.5029,0.8341,0.3813,0,0.9667,0.0167,0.0167,0.205,0.2075,-0.02951,-0.1397,0,0.9667,0.0167,0.0167,0.238,0.1854,-0.00622,-0.03556,0,0.9667,0.0167,0.0167,0.167,0.1029,-0.02328,-0.22856,0.61,38.125,0.9667,0.0167,0.0167,0.9464,0.037,0.0167,0.5196,0.1813,0.2991,0.9667,0.0167,0.0167,0.9667,0.0167,0.0167,0.9667,0.0167,0.0167,1.0534,1.0093,0.9323,1.0203,0.9988,0.9457,1.0223,0.9766,1.0051,1.0098,1.006,0.9922,1.0027,0.9981,0.9858,1.0029,1.0025,0.9999,38.08,0.0,0.045,0.045,520.553,99.755,619.902
146,2026-05-14T17:43:54.854181+00:00,browsing,GND,32.951,33.013,33.013,0.6049,0.3951,57.785,41.028,0.4152,0.5848,0.8389,0.3761,0,0.9667,0.0167,0.0167,0.132,0.2066,-0.03679,-0.17739,0,0.9667,0.0167,0.0167,0.112,0.1825,-0.01885,-0.11188,0,0.9667,0.0167,0.0167,0.143,0.1029,-0.02569,-0.25548,0.387,41.415,0.9667,0.0167,0.0167,0.9464,0.037,0.0167,0.5196,0.1813,0.2991,0.9667,0.0167,0.0167,0.9667,0.0167,0.0167,0.9667,0.0167,0.0167,1.0534,1.0093,0.9323,1.0203,0.9988,0.9457,1.0223,0.9766,1.0051,1.01,1.0061,0.9921,1.0028,0.998,0.9856,1.003,1.0025,1.0,41.592,0.0,0.0,0.0,520.553,99.755,619.902
147,2026-05-14T17:44:00.854633+00:00,browsing,ISL,12.596,22.304,12.596,0.5975,0.4025,38.057,30.252,0.4429,0.5571,0.8429,0.3709,0,0.9667,0.0167,0.0167,0.499,0.3538,-0.10012,-0.32451,2,0.9464,0.037,0.0167,1.284,0.5456,0.02841,0.04336,1,0.5196,0.1813,0.2991,2.563,0.6667,0.05632,0.07156,4.346,42.403,0.9667,0.0167,0.0167,0.9479,0.0354,0.0167,0.528,0.176,0.296,0.9667,0.0167,0.0167,0.9667,0.0167,0.0167,0.9667,0.0167,0.0167,1.0544,1.0092,0.9312,1.0205,0.9987,0.9454,1.0233,0.9758,1.0052,1.01,1.0061,0.9921,1.0028,0.998,0.9856,1.003,1.0025,1.0,30.816,7.805,1.716,11.588,528.359,101.47,631.49
148,2026-05-14T17:44:06.865133+00:00,browsing,ISL,18.998,25.375,18.998,0.5857,0.4143,44.971,33.258,0.4251,0.5749,0.846,0.3657,0,0.9667,0.0167,0.0167,1.444,0.3478,-0.00558,-0.01556,0,0.9479,0.0354,0.0167,0.68,0.4403,-0.03197,-0.09224,2,0.528,0.176,0.296,1.665,0.5667,-0.03353,-0.05504,3.789,48.761,0.9667,0.0167,0.0167,0.9496,0.0338,0.0167,0.536,0.1704,0.2936,0.9667,0.0167,0.0167,0.9667,0.0167,0.0167,0.9667,0.0167,0.0167,1.0545,1.009,0.9302,1.0207,0.9986,0.9446,1.0243,0.9747,1.0056,1.01,1.0061,0.9921,1.0028,0.998,0.9856,1.003,1.0025,1.0,33.822,11.713,1.186,14.939,540.072,102.657,646.429
149,2026-05-14T17:44:12.870232+00:00,browsing,ISL,33.914,33.707,33.914,0.5748,0.4252,60.268,41.525,0.4079,0.5921,0.8482,0.3605,0,0.9667,0.0167,0.0167,0.891,0.3441,-0.06085,-0.18455,0,0.9496,0.0338,0.0167,0.573,0.4264,-0.04272,-0.12531,0,0.536,0.1704,0.2936,1.34,0.5,-0.06605,-0.12996,2.804,63.072,0.9667,0.0167,0.0167,0.9513,0.032,0.0167,0.5439,0.1652,0.2908,0.9667,0.0167,0.0167,0.9667,0.0167,0.0167,0.9667,0.0167,0.0167,1.055,1.0088,0.9291,1.0211,0.9984,0.9437,1.0251,0.9737,1.0057,1.01,1.0061,0.9921,1.0028,0.998,0.9856,1.003,1.0025,1.0,42.088,18.743,0.225,20.984,558.815,102.881,667.413
150,2026-05-14T17:44:18.882262+00:00,mixed,ISL,18.136,21.58,18.136,0.7096,0.2904,44.724,29.334,0.3961,0.6039,0.8496,0.3552,0,0.9667,0.0167,0.0167,1.285,0.3048,-0.02153,-0.06149,0,0.9513,0.032,0.0167,0.733,0.3755,-0.02666,-0.07634,2,0.3527,0.2829,0.3644,1.26,0.5333,-0.07396,-0.11812,3.279,48.003,0.9667,0.0167,0.0167,0.9527,0.0307,0.0167,0.3546,0.2773,0.3681,0.9667,0.0167,0.0167,0.9667,0.0167,0.0167,0.6575,0.2009,0.1416,1.0552,1.0088,0.9284,1.0213,0.9984,0.9432,0.9999,0.9834,1.0042,1.01,1.0061,0.9921,1.0028,0.998,0.9856,1.0004,1.0003,1.0001,29.9,15.39,0.445,18.103,574.205,103.327,685.515
151,2026-05-14T17:44:24.882331+00:00,mixed,ISL,16.252,29.01,16.252,0.6944,0.3056,42.918,36.702,0.461,0.539,0.85,0.35,0,0.9667,0.0167,0.0167,0.297,0.306,-0.12034,-0.4061,0,0.9527,0.0307,0.0167,0.415,0.3621,-0.05854,-0.17614,1,0.3546,0.2773,0.3681,2.194,0.6519,0.01939,0.02312,2.905,45.823,0.9667,0.0167,0.0167,0.9544,0.0289,0.0167,0.357,0.2734,0.3695,0.9667,0.0167,0.0167,0.9667,0.0167,0.0167,0.6575,0.2009,0.1416,1.0566,1.0087,0.9278,1.0218,0.9983,0.9426,1.0005,0.9831,1.0044,1.01,1.0061,0.9921,1.0028,0.998,0.9856,1.0004,1.0003,1.0001,37.268,6.216,0.086,8.556,580.421,103.413,694.071
152,2026-05-14T17:44:30.887586+00:00,mixed,ISL,16.665,29.11,16.665,0.6891,0.3109,43.252,36.741,0.4593,0.5407,0.8496,0.3448,0,0.9667,0.0167,0.0167,1.477,0.3097,-0.00228,-0.00635,1,0.9544,0.0289,0.0167,0.678,0.4836,-0.03215,-0.06981,1,0.357,0.2734,0.3695,2.19,0.6519,0.01898,0.02263,4.345,47.598,0.9667,0.0167,0.0167,0.9556,0.0277,0.0167,0.3595,0.2696,0.3709,0.9667,0.0167,0.0167,0.9667,0.0167,0.0167,0.6575,0.2009,0.1416,1.0566,1.0087,0.9271,1.0221,0.9987,0.942,1.0011,0.9828,1.0046,1.01,1.0061,0.9921,1.0028,0.998,0.9856,1.0004,1.0003,1.0001,37.307,6.511,1.536,10.291,586.932,104.949,704.362
153,2026-05-14T17:44:36.898767+00:00,mixed,ISL,41.89,28.92,41.89,0.6837,0.3163,68.243,36.49,0.3484,0.6516,0.8482,0.3395,0,0.9667,0.0167,0.0167,0.312,0.3157,-0.11878,-0.40028,0,0.9556,0.0277,0.0167,0.537,0.3375,-0.0463,-0.13676,2,0.3595,0.2696,0.3709,1.198,0.5333,-0.08017,-0.12892,2.047,70.291,0.9667,0.0167,0.0167,0.9571,0.0263,0.0167,0.3612,0.264,0.3748,0.9667,0.0167,0.0167,0.9667,0.0167,0.0167,0.6575,0.2009,0.1416,1.0579,1.0085,0.9263,1.0225,0.9985,0.9414,1.0016,0.9814,1.0058,1.01,1.0061,0.9921,1.0028,0.998,0.9856,1.0004,1.0003,1.0001,37.056,31.753,0.0,33.235,618.685,104.949,737.598
154,2026-05-14T17:44:42.915333+00:00,mixed,ISL,37.474,30.925,37.474,0.6717,0.3283,63.448,38.436,0.3773,0.6227,0.846,0.3343,0,0.9667,0.0167,0.0167,0.247,0.3239,-0.12526,-0.42822,0,0.9571,0.0263,0.0167,0.895,0.3268,-0.01046,-0.0293,0,0.3612,0.264,0.3748,1.129,0.5333,-0.08711,-0.14047,2.272,65.719,0.9667,0.0167,0.0167,0.9581,0.0253,0.0167,0.3655,0.2587,0.3758,0.9667,0.0167,0.0167,0.9667,0.0167,0.0167,0.6575,0.2009,0.1416,1.0594,1.0084,0.9256,1.0226,0.9984,0.9408,1.003,0.9801,1.006,1.01,1.0061,0.9921,1.0028,0.998,0.9856,1.0004,1.0003,1.0001,39.001,25.012,0.0,26.718,643.697,104.949,764.316
155,2026-05-14T17:44:48.922700+00:00,mixed,ISL,29.244,26.086,29.244,0.6618,0.3382,54.706,33.539,0.3801,0.6199,0.8429,0.3291,0,0.9667,0.0167,0.0167,1.535,0.3341,0.00354,0.00981,0,0.9581,0.0253,0.0167,0.314,0.3175,-0.06857,-0.21004,1,0.3655,0.2587,0.3758,3.622,0.6519,0.1622,0.17785,5.472,60.177,0.9667,0.0167,0.0167,0.9597,0.0236,0.0167,0.3688,0.2533,0.3779,0.9667,0.0167,0.0167,0.9667,0.0167,0.0167,0.6575,0.2009,0.1416,1.0594,1.0082,0.9248,1.0232,0.9983,0.9401,1.0036,0.9779,1.0062,1.01,1.0061,0.9921,1.0028,0.998,0.9856,1.0004,1.0003,1.0001,34.104,21.167,2.668,26.073,664.864,107.617,790.389
156,2026-05-14T17:44:54.929208+00:00,mixed,ISL,19.633,21.275,19.633,0.6488,0.3512,44.466,28.67,0.392,0.608,0.8389,0.3239,0,0.9667,0.0167,0.0167,0.713,0.346,-0.07872,-0.24725,0,0.9597,0.0236,0.0167,0.207,0.3097,-0.07926,-0.24736,2,0.3688,0.2533,0.3779,2.127,0.5333,0.01273,0.01902,3.047,47.514,0.9667,0.0167,0.0167,0.9614,0.0219,0.0167,0.3721,0.249,0.3789,0.9667,0.0167,0.0167,0.9667,0.0167,0.0167,0.6575,0.2009,0.1416,1.0601,1.008,0.924,1.024,0.9981,0.9395,1.0041,0.9765,1.006,1.01,1.0061,0.9921,1.0028,0.998,0.9856,1.0004,1.0003,1.0001,29.236,15.796,0.237,18.278,680.66,107.854,808.666
157,2026-05-14T17:45:00.935745+00:00,mixed,ISL,26.469,22.952,26.469,0.6307,0.3693,50.579,30.29,0.3746,0.6254,0.8341,0.3187,0,0.9667,0.0167,0.0167,0.438,0.3594,-0.10619,-0.35075,0,0.9614,0.0219,0.0167,0.394,0.3036,-0.06062,-0.18354,2,0.3721,0.249,0.3789,2.384,0.5333,0.03844,0.05636,3.216,53.795,0.9667,0.0167,0.0167,0.9628,0.0206,0.0167,0.3758,0.2449,0.3793,0.9667,0.0167,0.0167,0.9667,0.0167,0.0167,0.6575,0.2009,0.1416,1.0613,1.0078,0.9231,1.0245,0.9979,0.9388,1.0047,0.9752,1.0055,1.01,1.0061,0.9921,1.0028,0.998,0.9856,1.0004,1.0003,1.0001,30.856,20.289,0.396,22.939,700.949,108.249,831.606
158,2026-05-14T17:45:06.945547+00:00,mixed,ISL,30.875,29.089,30.875,0.6133,0.3867,54.186,36.373,0.4016,0.5984,0.8284,0.3135,0,0.9667,0.0167,0.0167,0.548,0.3739,-0.09517,-0.3084,0,0.9628,0.0206,0.0167,0.386,0.2993,-0.06137,-0.18615,2,0.3758,0.2449,0.3793,4.408,0.5333,0.2408,0.30921,5.343,59.529,0.9667,0.0167,0.0167,0.964,0.0193,0.0167,0.3818,0.2424,0.3758,0.9667,0.0167,0.0167,0.9667,0.0167,0.0167,0.6575,0.2009,0.1416,1.0623,1.0076,0.9222,1.0251,0.9977,0.9381,1.0053,0.9738,1.0032,1.01,1.0061,0.9921,1.0028,0.998,0.9856,1.0004,1.0003,1.0001,36.939,17.814,2.508,22.59,718.762,110.757,854.196
159,2026-05-14T17:45:12.947359+00:00,mixed,ISL,18.498,21.691,18.498,0.6029,0.3971,40.958,28.919,0.4139,0.5861,0.8219,0.3083,0,0.9667,0.0167,0.0167,0.823,0.3891,-0.06775,-0.20952,0,0.964,0.0193,0.0167,0.468,0.2968,-0.05318,-0.15929,2,0.3818,0.2424,0.3758,1.281,0.5333,-0.07186,-0.11457,2.572,43.53,0.9667,0.0167,0.0167,0.9652,0.0181,0.0167,0.3837,0.2372,0.3792,0.9667,0.0167,0.0167,0.9667,0.0167,0.0167,0.6575,0.2009,0.1416,1.0629,1.0074,0.9213,1.0255,0.9975,0.9374,1.0059,0.9724,1.0042,1.01,1.0061,0.9921,1.0028,0.998,0.9856,1.0004,1.0003,1.0001,29.486,12.038,0.0,14.044,730.801,110.757,868.24
160,2026-05-14T17:45:18.958360+00:00,mixed,ISL,15.98,29.305,15.98,0.5864,0.4136,37.552,36.48,0.4928,0.5072,0.8146,0.3032,0,0.9667,0.0167,0.0167,0.473,0.4048,-0.10274,-0.33822,0,0.9652,0.0181,0.0167,0.221,0.2964,-0.07792,-0.24323,0,0.3837,0.2372,0.3792,1.49,0.5333,-0.05095,-0.08006,2.184,39.736,0.9667,0.0167,0.0167,0.9665,0.0168,0.0167,0.3869,0.2326,0.3805,0.9667,0.0167,0.0167,0.9667,0.0167,0.0167,0.6575,0.2009,0.1416,1.064,1.0072,0.9203,1.0263,0.9973,0.9367,1.0066,0.9711,1.0044,1.01,1.0061,0.9921,1.0028,0.998,0.9856,1.0004,1.0003,1.0001,37.047,1.072,0.0,2.689,731.873,110.757,870.929
161,2026-05-14T17:45:24.962275+00:00,mixed,GND,31.261,29.853,29.853,0.5835,0.4165,51.928,36.976,0.4159,0.5841,0.8065,0.298,0,0.9667,0.0167,0.0167,0.327,0.2043,-0.01725,-0.07931,0,0.9667,0.0167,0.0167,0.203,0.143,-0.00968,-0.05588,1,0.6575,0.2009,0.1416,0.444,0.1714,0.00441,0.0204,0.975,37.95,0.9667,0.0167,0.0167,0.9665,0.0168,0.0167,0.3869,0.2326,0.3805,0.9667,0.0167,0.0167,0.9667,0.0167,0.0167,0.7274,0.1641,0.1085,1.064,1.0072,0.9203,1.0263,0.9973,0.9367,1.0066,0.9711,1.0044,1.0101,1.0061,0.992,1.0028,0.998,0.9854,1.0005,1.0003,1.0001,37.543,0.0,0.407,0.407,731.873,111.165,871.337
162,2026-05-14T17:45:30.962675+00:00,mixed,ISL,7.809,21.829,7.809,0.5741,0.4259,27.569,28.9,0.5118,0.4882,0.7976,0.2929,0,0.9667,0.0167,0.0167,0.484,0.4357,-0.10163,-0.33426,0,0.9665,0.0168,0.0167,0.279,0.3012,-0.07211,-0.22305,0,0.3869,0.2326,0.3805,2.802,0.5333,0.08021,0.11422,3.565,31.133,0.9667,0.0167,0.0167,0.9667,0.0167,0.0167,0.3867,0.2293,0.384,0.9667,0.0167,0.0167,0.9667,0.0167,0.0167,0.7274,0.1641,0.1085,1.0651,1.0069,0.9193,1.0269,0.9971,0.936,1.0057,0.9697,1.0046,1.0101,1.0061,0.992,1.0028,0.998,0.9854,1.0005,1.0003,1.0001,29.468,0.0,0.64,1.665,731.873,111.804,873.002
163,2026-05-14T17:45:36.965548+00:00,mixed,GND,29.02,33.66,33.66,0.5718,0.4282,47.881,40.681,0.4593,0.5407,0.7879,0.2878,0,0.9667,0.0167,0.0167,0.386,0.2111,-0.01145,-0.05192,0,0.9667,0.0167,0.0167,0.241,0.1439,-0.00588,-0.0336,0,0.7274,0.1641,0.1085,0.027,0.0971,-0.03733,-0.36762,0.653,41.334,0.9667,0.0167,0.0167,0.9667,0.0167,0.0167,0.3867,0.2293,0.384,0.9667,0.0167,0.0167,0.9667,0.0167,0.0167,0.7953,0.1274,0.0772,1.0651,1.0069,0.9193,1.0269,0.9971,0.936,1.0057,0.9697,1.0046,1.0101,1.0062,0.9919,1.0028,0.998,0.9852,1.0006,1.0004,1.0001,41.249,0.0,0.085,0.085,731.873,111.889,873.087
164,2026-05-14T17:45:42.981253+00:00,mixed,GND,29.199,26.17,26.17,0.5668,0.4332,47.182,33.141,0.4126,0.5874,0.7776,0.2828,0,0.9667,0.0167,0.0167,0.211,0.2147,-0.02893,-0.13679,0,0.9667,0.0167,0.0167,0.107,0.1447,-0.01933,-0.11492,0,0.7953,0.1274,0.0772,0.088,0.0971,-0.03117,-0.29685,0.406,33.547,0.9667,0.0167,0.0167,0.9667,0.0167,0.0167,0.3867,0.2293,0.384,0.9667,0.0167,0.0167,0.9667,0.0167,0.0167,0.8444,0.1001,0.0555,1.0651,1.0069,0.9193,1.0269,0.9971,0.936,1.0057,0.9697,1.0046,1.0103,1.0063,0.9918,1.0029,0.998,0.985,1.0007,1.0004,1.0001,33.71,0.0,0.0,0.0,731.873,111.889,873.087
165,2026-05-14T17:45:48.986933+00:00,mixed,ISL,36.82,25.861,36.82,0.5545,0.4455,53.952,32.783,0.378,0.622,0.7665,0.2777,0,0.9667,0.0167,0.0167,0.627,0.4755,-0.08726,-0.27995,0,0.9667,0.0167,0.0167,0.45,0.322,-0.05503,-0.16564,0,0.3867,0.2293,0.384,1.086,0.5333,-0.09143,-0.14864,2.163,56.115,0.9667,0.0167,0.0167,0.9667,0.0167,0.0167,0.3913,0.2243,0.3844,0.9667,0.0167,0.0167,0.9667,0.0167,0.0167,0.8444,0.1001,0.0555,1.066,1.0068,0.9181,1.0274,0.9968,0.9351,1.0071,0.9684,1.0048,1.0103,1.0063,0.9918,1.0029,0.998,0.985,1.0007,1.0004,1.0001,33.353,21.168,0.0,22.761,753.041,111.889,895.849
166,2026-05-14T17:45:54.991818+00:00,mixed,ISL,43.891,38.55,43.891,0.5393,0.4607,60.205,45.425,0.43,0.57,0.7548,0.2727,0,0.9667,0.0167,0.0167,0.7,0.4857,-0.07997,-0.25352,0,0.9667,0.0167,0.0167,0.523,0.332,-0.04766,-0.14188,0,0.3913,0.2243,0.3844,1.032,0.5333,-0.09677,-0.1583,2.256,62.461,0.9667,0.0167,0.0167,0.9667,0.0167,0.0167,0.3961,0.2192,0.3847,0.9667,0.0167,0.0167,0.9667,0.0167,0.0167,0.8444,0.1001,0.0555,1.0667,1.0067,0.9168,1.0278,0.9966,0.9343,1.0086,0.967,1.005,1.0103,1.0063,0.9918,1.0029,0.998,0.985,1.0007,1.0004,1.0001,45.996,14.779,0.0,16.465,767.821,111.889,912.314
167,2026-05-14T17:46:01.001681+00:00,mixed,GND,23.546,25.54,25.54,0.5336,0.4664,39.078,32.369,0.4531,0.5469,0.7425,0.2678,0,0.9667,0.0167,0.0167,0.292,0.2263,-0.02083,-0.09658,0,0.9667,0.0167,0.0167,0.245,0.1486,-0.00555,-0.03165,0,0.8444,0.1001,0.0555,0.036,0.0971,-0.03644,-0.35717,0.572,32.941,0.9667,0.0167,0.0167,0.9667,0.0167,0.0167,0.3961,0.2192,0.3847,0.9667,0.0167,0.0167,0.9667,0.0167,0.0167,0.8867,0.0751,0.0382,1.0667,1.0067,0.9168,1.0278,0.9966,0.9343,1.0086,0.967,1.005,1.0104,1.0064,0.9916,1.0029,0.998,0.9849,1.0008,1.0005,1.0002,32.94,0.0,0.001,0.001,767.821,111.89,912.314
168,2026-05-14T17:46:07.006223+00:00,mixed,ISL,32.864,22.94,32.864,0.5242,0.4758,47.653,29.723,0.3841,0.6159,0.7295,0.2629,0,0.9667,0.0167,0.0167,0.654,0.4999,-0.08459,-0.27058,0,0.9667,0.0167,0.0167,1.002,0.3556,0.00022,0.00061,0,0.3961,0.2192,0.3847,1.183,0.5333,-0.08167,-0.13206,2.84,50.493,0.9667,0.0167,0.0167,0.9667,0.0167,0.0167,0.4003,0.2145,0.3852,0.9667,0.0167,0.0167,0.9667,0.0167,0.0167,0.8867,0.0751,0.0382,1.0676,1.0066,0.9155,1.0278,0.9963,0.9334,1.0098,0.9657,1.0051,1.0104,1.0064,0.9916,1.0029,0.998,0.9849,1.0008,1.0005,1.0002,30.295,17.93,0.0,20.198,785.751,111.89,932.512
169,2026-05-14T17:46:13.017421+00:00,mixed,GND,21.85,29.457,29.457,0.5055,0.4945,35.936,36.196,0.5018,0.4982,0.716,0.258,0,0.9667,0.0167,0.0167,0.27,0.2345,-0.02302,-0.10734,0,0.9667,0.0167,0.0167,0.097,0.1522,-0.02032,-0.12122,0,0.8867,0.0751,0.0382,0.092,0.0971,-0.0308,-0.29285,0.459,36.654,0.9667,0.0167,0.0167,0.9667,0.0167,0.0167,0.4003,0.2145,0.3852,0.9667,0.0167,0.0167,0.9667,0.0167,0.0167,0.9157,0.0575,0.0268,1.0676,1.0066,0.9155,1.0278,0.9963,0.9334,1.0098,0.9657,1.0051,1.0105,1.0064,0.9915,1.003,0.998,0.9847,1.0009,1.0006,1.0002,36.768,0.259,0.0,0.0,786.01,111.89,932.512
170,2026-05-14T17:46:19.021656+00:00,mixed,GND,29.415,25.885,25.885,0.5033,0.4967,42.838,32.579,0.432,0.568,0.702,0.2531,0,0.9667,0.0167,0.0167,0.264,0.2387,-0.02359,-0.11013,0,0.9667,0.0167,0.0167,0.23,0.1543,-0.00703,-0.04027,0,0.9157,0.0575,0.0268,0.124,0.0971,-0.02763,-0.25844,0.618,33.197,0.9667,0.0167,0.0167,0.9667,0.0167,0.0167,0.4003,0.2145,0.3852,0.9667,0.0167,0.0167,0.9667,0.0167,0.0167,0.9367,0.0444,0.0189,1.0676,1.0066,0.9155,1.0278,0.9963,0.9334,1.0098,0.9657,1.0051,1.0106,1.0065,0.9914,1.003,0.9979,0.9845,1.001,1.0007,1.0002,33.153,0.0,0.044,0.044,786.01,111.934,932.556
171,2026-05-14T17:46:25.036339+00:00,mixed,ISL,17.05,26.565,17.05,0.4919,0.5081,29.85,33.217,0.5267,0.4733,0.6875,0.2483,0,0.9667,0.0167,0.0167,0.647,0.5035,-0.08525,-0.27327,0,0.9667,0.0167,0.0167,0.638,0.3963,-0.03615,-0.10576,0,0.4003,0.2145,0.3852,2.623,0.5333,0.06233,0.09016,3.909,33.759,0.9667,0.0167,0.0167,0.9667,0.0167,0.0167,0.4005,0.2112,0.3884,0.9667,0.0167,0.0167,0.9667,0.0167,0.0167,0.9367,0.0444,0.0189,1.0684,1.0067,0.9141,1.0281,0.9961,0.9324,1.0091,0.9643,1.0053,1.0106,1.0065,0.9914,1.003,0.9979,0.9845,1.001,1.0007,1.0002,32.998,0.0,0.761,0.761,786.01,112.695,933.317
172,2026-05-14T17:46:31.034392+00:00,mixed,GND,21.639,25.083,25.083,0.4931,0.5069,33.855,31.693,0.4835,0.5165,0.6725,0.2436,0,0.9667,0.0167,0.0167,0.13,0.247,-0.03704,-0.17889,2,0.9667,0.0167,0.0167,0.595,0.348,0.0295,0.06872,0,0.9367,0.0444,0.0189,0.062,0.0971,-0.03381,-0.32678,0.786,32.479,0.9667,0.0167,0.0167,0.9667,0.0167,0.0167,0.4005,0.2112,0.3884,0.9667,0.0167,0.0167,0.9667,0.0167,0.0167,0.9506,0.0328,0.0167,1.0684,1.0067,0.9141,1.0281,0.9961,0.9324,1.0091,0.9643,1.0053,1.0108,1.0066,0.9913,1.0031,0.9979,0.9843,1.0011,1.0007,1.0002,32.268,0.0,0.211,0.211,786.01,112.906,933.528
173,2026-05-14T17:46:37.042678+00:00,mixed,GND,21.688,26.649,26.649,0.4868,0.5132,33.356,33.217,0.499,0.501,0.6572,0.2388,0,0.9667,0.0167,0.0167,0.592,0.2512,0.00923,0.04001,0,0.9667,0.0167,0.0167,0.422,0.1618,0.01222,0.06639,0,0.9506,0.0328,0.0167,0.174,0.0971,-0.02256,-0.20579,1.189,34.406,0.9667,0.0167,0.0167,0.9667,0.0167,0.0167,0.4005,0.2112,0.3884,0.9667,0.0167,0.0167,0.9667,0.0167,0.0167,0.9577,0.0256,0.0167,1.0684,1.0067,0.9141,1.0281,0.9961,0.9324,1.0091,0.9643,1.0053,1.0108,1.0066,0.9911,1.003,0.9979,0.9841,1.0012,1.0008,1.0003,33.794,0.0,0.613,0.613,786.01,113.519,934.141
174,2026-05-14T17:46:43.060564+00:00,mixed,ISL,21.503,36.632,21.503,0.4835,0.5165,32.66,43.161,0.5692,0.4308,0.6415,0.2342,0,0.9667,0.0167,0.0167,0.483,0.4857,-0.10172,-0.33629,0,0.9667,0.0167,0.0167,0.673,0.437,-0.03273,-0.09527,2,0.4005,0.2112,0.3884,1.311,0.5333,-0.06886,-0.10976,2.467,35.127,0.9667,0.0167,0.0167,0.9667,0.0167,0.0167,0.4022,0.2064,0.3914,0.9667,0.0167,0.0167,0.9667,0.0167,0.0167,0.9577,0.0256,0.0167,1.0695,1.0069,0.9126,1.0284,0.9959,0.9313,1.0097,0.963,1.0064,1.0108,1.0066,0.9911,1.003,0.9979,0.9841,1.0012,1.0008,1.0003,35.827,0.0,0.0,0.0,786.01,113.519,934.141
175,2026-05-14T17:46:49.063719+00:00,mixed,ISL,44.045,36.544,44.045,0.4901,0.5099,54.724,43.034,0.4402,0.5598,0.6254,0.2296,0,0.9667,0.0167,0.0167,0.717,0.4755,-0.07834,-0.24859,0,0.9667,0.0167,0.0167,0.415,0.4493,-0.05854,-0.17748,1,0.4022,0.2064,0.3914,2.161,0.6519,0.01608,0.01883,3.292,58.016,0.9667,0.0167,0.0167,0.9667,0.0167,0.0167,0.4047,0.203,0.3923,0.9667,0.0167,0.0167,0.9667,0.0167,0.0167,0.9577,0.0256,0.0167,1.0703,1.0071,0.911,1.0289,0.9958,0.9302,1.0102,0.9627,1.0065,1.0108,1.0066,0.9911,1.003,0.9979,0.9841,1.0012,1.0008,1.0003,43.612,11.691,0.126,14.405,797.701,113.645,948.545
176,2026-05-14T17:46:55.075878+00:00,mixed,GND,13.079,23.194,23.194,0.4843,0.5157,23.313,29.645,0.5598,0.4402,0.6091,0.225,0,0.9667,0.0167,0.0167,0.2,0.2634,-0.03004,-0.14255,0,0.9667,0.0167,0.0167,0.084,0.1707,-0.02158,-0.12923,0,0.9577,0.0256,0.0167,0.216,0.0971,-0.01835,-0.16407,0.5,30.146,0.9667,0.0167,0.0167,0.9667,0.0167,0.0167,0.4047,0.203,0.3923,0.9667,0.0167,0.0167,0.9667,0.0167,0.0167,0.9629,0.0204,0.0167,1.0703,1.0071,0.911,1.0289,0.9958,0.9302,1.0102,0.9627,1.0065,1.0109,1.0067,0.991,1.0031,0.9979,0.9839,1.0013,1.0009,1.0003,26.474,6.333,0.0,3.672,804.033,113.645,952.217
177,2026-05-14T17:47:01.079120+00:00,mixed,GND,12.46,21.619,21.619,0.495,0.505,22.277,28.034,0.5572,0.4428,0.5926,0.2205,0,0.9667,0.0167,0.0167,0.155,0.2673,-0.03445,-0.16537,0,0.9667,0.0167,0.0167,0.217,0.174,-0.00827,-0.04758,0,0.9629,0.0204,0.0167,0.08,0.0971,-0.03203,-0.30674,0.452,28.486,0.9667,0.0167,0.0167,0.9667,0.0167,0.0167,0.4047,0.203,0.3923,0.9667,0.0167,0.0167,0.9667,0.0167,0.0167,0.9667,0.0167,0.0167,1.0703,1.0071,0.911,1.0289,0.9958,0.9302,1.0102,0.9627,1.0065,1.0111,1.0068,0.9909,1.0032,0.9979,0.9837,1.0014,1.001,1.0003,25.432,5.756,0.0,3.054,809.79,113.645,955.271
178,2026-05-14T17:47:07.087676+00:00,mixed,ISL,22.718,25.664,22.718,0.5062,0.4938,32.148,32.042,0.4992,0.5008,0.5758,0.216,0,0.9667,0.0167,0.0167,0.474,0.4357,-0.10264,-0.34062,0,0.9667,0.0167,0.0167,0.812,0.4792,-0.0188,-0.05364,2,0.4047,0.203,0.3923,1.674,0.5333,-0.03258,-0.05047,2.96,35.108,0.9667,0.0167,0.0167,0.9667,0.0167,0.0167,0.4071,0.1987,0.3942,0.9667,0.0167,0.0167,0.9667,0.0167,0.0167,0.9667,0.0167,0.0167,1.0714,1.0073,0.9095,1.0291,0.9957,0.9291,1.0108,0.9614,1.007,1.0111,1.0068,0.9909,1.0032,0.9979,0.9837,1.0014,1.001,1.0003,32.623,0.106,0.0,2.485,809.896,113.645,957.756
