ho_id,timestamp,task_type,path,isl_ms,gnd_ms,prop_ms,path_p_isl,path_p_gnd,access_cost_isl,access_cost_gnd,inv_cost_p_isl,inv_cost_p_gnd,trgsat_bg,tn_bg,amf_inst,amf_p0,amf_p1,amf_p2,amf_ms,amf_rho,amf_x,amf_cost,smf_inst,smf_p0,smf_p1,smf_p2,smf_ms,smf_rho,smf_x,smf_cost,upf_inst,upf_p0,upf_p1,upf_p2,upf_ms,upf_rho,upf_x,upf_cost,core_ms,total_ms,on_amf_p0,on_amf_p1,on_amf_p2,on_smf_p0,on_smf_p1,on_smf_p2,on_upf_p0,on_upf_p1,on_upf_p2,gnd_amf_p0,gnd_amf_p1,gnd_amf_p2,gnd_smf_p0,gnd_smf_p1,gnd_smf_p2,gnd_upf_p0,gnd_upf_p1,gnd_upf_p2,on_amf_B0,on_amf_B1,on_amf_B2,on_smf_B0,on_smf_B1,on_smf_B2,on_upf_B0,on_upf_B1,on_upf_B2,gnd_amf_B0,gnd_amf_B1,gnd_amf_B2,gnd_smf_B0,gnd_smf_B1,gnd_smf_B2,gnd_upf_B0,gnd_upf_B1,gnd_upf_B2,global_oracle_ms,access_regret_ms,inst_regret_ms,global_regret_ms,cum_access_regret_ms,cum_inst_regret_ms,cum_global_regret_ms
1,2026-05-14T16:56:39.708334+00:00,youtube,GND,16.107,40.227,40.227,0.5,0.5,24.528,47.919,0.6614,0.3386,0.525,0.35,2,0.3333,0.3333,0.3333,0.225,0.3296,-0.12751,-0.32765,0,0.3333,0.3333,0.3333,0.127,0.2357,-0.08725,-0.6712,2,0.3333,0.3333,0.3333,0.057,0.2,-0.14432,-0.70516,0.409,48.328,0.3333,0.3333,0.3333,0.3333,0.3333,0.3333,0.3333,0.3333,0.3333,0.3994,0.3125,0.2882,0.4181,0.3041,0.2779,0.9667,0.0167,0.0167,1.0,1.0,1.0,1.0,1.0,1.0,1.0,1.0,1.0,1.0012,1.0011,1.0016,1.0006,1.0005,1.0004,1.0071,1.0013,1.0017,26.955,23.391,0.0,21.373,23.391,0.0,21.373
2,2026-05-14T16:56:45.708955+00:00,youtube,ISL,41.521,43.497,41.521,0.5269,0.4731,50.255,51.252,0.5049,0.4951,0.542,0.3552,0,0.3333,0.3333,0.3333,1.126,0.3976,-0.2874,-1.43198,1,0.3333,0.3333,0.3333,2.057,0.4007,-0.09427,-0.22087,2,0.3333,0.3333,0.3333,0.876,0.4148,-0.51244,-2.339,4.059,54.314,0.4233,0.2982,0.2784,0.3841,0.3106,0.3053,0.4583,0.203,0.3387,0.3994,0.3125,0.2882,0.4181,0.3041,0.2779,0.9667,0.0167,0.0167,1.0089,1.0055,1.0048,1.0042,1.0011,1.0028,1.0574,1.011,1.0449,1.0012,1.0011,1.0016,1.0006,1.0005,1.0004,1.0071,1.0013,1.0017,51.86,0.0,1.609,2.454,23.391,1.609,23.828
3,2026-05-14T16:56:51.721532+00:00,youtube,ISL,14.458,21.703,14.458,0.5266,0.4734,23.528,29.521,0.5565,0.4435,0.559,0.3605,0,0.4233,0.2982,0.2784,0.649,0.4121,-0.33506,-2.37859,0,0.3841,0.3106,0.3053,0.495,0.4587,-0.25048,-1.14906,2,0.4583,0.203,0.3387,0.861,0.4148,-0.51388,-3.28008,2.006,25.533,0.671,0.176,0.153,0.4498,0.2876,0.2626,0.7734,0.0472,0.1795,0.3994,0.3125,0.2882,0.4181,0.3041,0.2779,0.9667,0.0167,0.0167,1.0316,1.0111,1.0096,1.01,1.0047,1.0056,1.1802,1.0221,1.1098,1.0012,1.0011,1.0016,1.0006,1.0005,1.0004,1.0071,1.0013,1.0017,25.997,0.0,0.0,0.0,23.391,1.609,23.828
4,2026-05-14T16:56:57.727598+00:00,youtube,GND,13.966,21.83,21.83,0.5389,0.4611,23.397,29.712,0.5595,0.4405,0.5758,0.3657,1,0.3994,0.3125,0.2882,0.21,0.2536,-0.12901,-0.50431,2,0.4181,0.3041,0.2779,0.395,0.3127,-0.06047,-0.16052,0,0.9667,0.0167,0.0167,0.082,0.1,-0.14185,-6.90776,0.687,30.399,0.671,0.176,0.153,0.4498,0.2876,0.2626,0.7734,0.0472,0.1795,0.4679,0.2923,0.2398,0.497,0.2735,0.2295,0.9667,0.0166,0.0166,1.0316,1.0111,1.0096,1.01,1.0047,1.0056,1.1802,1.0221,1.1098,1.0025,1.0025,1.0026,1.0011,1.001,1.001,1.4124,1.0027,1.0028,25.883,6.315,0.077,4.516,29.707,1.686,28.344
5,2026-05-14T16:57:03.799188+00:00,youtube,GND,35.248,21.576,21.576,0.5521,0.4479,45.065,29.524,0.3958,0.6042,0.5926,0.3709,1,0.4679,0.2923,0.2398,0.273,0.2513,-0.12266,-0.4733,0,0.497,0.2735,0.2295,0.203,0.2421,-0.0797,-0.59251,0,0.9667,0.0166,0.0166,0.182,0.1,-0.13184,-6.90776,0.658,30.182,0.671,0.176,0.153,0.4498,0.2876,0.2626,0.7734,0.0472,0.1795,0.5381,0.2662,0.1957,0.5758,0.2402,0.184,0.9667,0.0166,0.0166,1.0316,1.0111,1.0096,1.01,1.0047,1.0056,1.1802,1.0221,1.1098,1.0037,1.0038,1.0037,1.0016,1.0015,1.0015,1.7891,1.004,1.0039,30.134,0.0,0.048,0.048,29.707,1.734,28.392
6,2026-05-14T16:57:09.743586+00:00,youtube,ISL,43.594,36.448,43.594,0.5346,0.4654,53.827,44.462,0.4524,0.5476,0.6091,0.3761,0,0.671,0.176,0.153,0.654,0.4476,-0.3346,-2.65805,1,0.4498,0.2876,0.2626,3.148,0.3684,0.0148,0.03074,0,0.7734,0.0472,0.1795,0.552,0.3889,-0.54479,-6.90776,4.354,58.181,0.8801,0.0665,0.0534,0.512,0.2537,0.2343,0.9667,0.0167,0.0167,0.5381,0.2662,0.1957,0.5758,0.2402,0.184,0.9667,0.0166,0.0166,1.0587,1.0171,1.0144,1.0144,1.0046,1.0083,2.0,1.0333,1.1604,1.0037,1.0038,1.0037,1.0016,1.0015,1.0015,1.7891,1.004,1.0039,45.073,9.365,1.848,13.108,39.071,3.583,41.5
7,2026-05-14T16:57:15.749670+00:00,youtube,ISL,30.054,31.269,30.054,0.5301,0.4699,40.733,39.351,0.4914,0.5086,0.6254,0.3813,0,0.8801,0.0665,0.0534,0.547,0.4558,-0.3453,-6.90776,2,0.512,0.2537,0.2343,1.084,0.4489,-0.19158,-0.38538,0,0.9667,0.0167,0.0167,0.508,0.3889,-0.54922,-6.90776,2.139,42.872,0.9667,0.0167,0.0167,0.5629,0.235,0.2021,0.9667,0.0166,0.0166,0.5381,0.2662,0.1957,0.5758,0.2402,0.184,0.9667,0.0166,0.0166,1.1239,1.0233,1.0193,1.0189,1.0083,1.0117,2.0,1.0446,1.2403,1.0037,1.0038,1.0037,1.0016,1.0015,1.0015,1.7891,1.004,1.0039,39.962,1.382,0.0,2.91,40.453,3.583,44.41
8,2026-05-14T16:57:21.762017+00:00,youtube,GND,26.419,22.993,22.993,0.5278,0.4722,37.576,31.143,0.4532,0.5468,0.6415,0.3865,0,0.5381,0.2662,0.1957,0.283,0.2756,-0.12174,-0.76621,0,0.5758,0.2402,0.184,0.261,0.2445,-0.07389,-0.53552,0,0.9667,0.0166,0.0166,0.211,0.1,-0.12891,-6.90776,0.755,31.898,0.9667,0.0167,0.0167,0.5629,0.235,0.2021,0.9667,0.0166,0.0166,0.606,0.2364,0.1576,0.6441,0.2094,0.1465,0.9667,0.0166,0.0166,1.1239,1.0233,1.0193,1.0189,1.0083,1.0117,2.0,1.0446,1.2403,1.0049,1.0049,1.0047,1.0021,1.002,1.0019,2.0,1.0053,1.0051,31.755,0.0,0.143,0.143,40.453,3.726,44.554
9,2026-05-14T16:57:27.772684+00:00,youtube,GND,29.078,26.227,26.227,0.5179,0.4821,40.747,34.446,0.4581,0.5419,0.6572,0.3917,0,0.606,0.2364,0.1576,0.265,0.2771,-0.12354,-0.78489,1,0.6441,0.2094,0.1465,0.613,0.2063,-0.03873,-0.14601,0,0.9667,0.0166,0.0166,0.159,0.1,-0.13406,-6.90776,1.037,35.483,0.9667,0.0167,0.0167,0.5629,0.235,0.2021,0.9667,0.0166,0.0166,0.6714,0.2048,0.1238,0.7162,0.1714,0.1124,0.9667,0.0166,0.0166,1.1239,1.0233,1.0193,1.0189,1.0083,1.0117,2.0,1.0446,1.2403,1.0061,1.006,1.0057,1.0026,1.0023,1.0023,2.0,1.0067,1.0062,35.058,0.0,0.425,0.425,40.453,4.151,44.979
10,2026-05-14T16:57:33.777592+00:00,youtube,GND,16.307,25.57,25.57,0.5107,0.4893,28.523,33.86,0.5428,0.4572,0.6725,0.3968,1,0.6714,0.2048,0.1238,0.738,0.2414,-0.07616,-0.2676,0,0.7162,0.1714,0.1124,0.163,0.245,-0.08366,-0.63484,0,0.9667,0.0166,0.0166,0.064,0.1,-0.14363,-6.90776,0.966,34.826,0.9667,0.0167,0.0167,0.5629,0.235,0.2021,0.9667,0.0166,0.0166,0.735,0.1691,0.0958,0.779,0.1382,0.0828,0.9667,0.0166,0.0166,1.1239,1.0233,1.0193,1.0189,1.0083,1.0117,2.0,1.0446,1.2403,1.0074,1.0067,1.0067,1.0032,1.0028,1.0028,2.0,1.008,1.0074,31.007,5.337,0.354,3.818,45.791,4.505,48.797
11,2026-05-14T16:57:39.782122+00:00,youtube,ISL,15.654,25.167,15.654,0.5162,0.4838,28.454,33.528,0.5409,0.4591,0.6875,0.402,2,0.9667,0.0167,0.0167,1.433,0.4808,-0.25671,-0.50194,1,0.5629,0.235,0.2021,0.76,0.3407,-0.22402,-0.64677,0,0.9667,0.0166,0.0166,0.567,0.3889,-0.54333,-6.90776,2.759,31.213,0.9667,0.0167,0.0167,0.6171,0.2143,0.1686,0.9667,0.0167,0.0167,0.735,0.1691,0.0958,0.779,0.1382,0.0828,0.9667,0.0166,0.0166,1.163,1.0301,1.0249,1.0238,1.0124,1.0142,2.0,1.056,2.0,1.0074,1.0067,1.0067,1.0032,1.0028,1.0028,2.0,1.008,1.0074,30.92,0.0,0.293,0.293,45.791,4.798,49.09
12,2026-05-14T16:57:45.790179+00:00,youtube,ISL,17.285,24.778,17.285,0.5215,0.4785,30.709,33.211,0.5196,0.4804,0.702,0.4071,0,0.9667,0.0167,0.0167,0.761,0.4618,-0.32391,-6.90776,2,0.6171,0.2143,0.1686,0.89,0.4731,-0.21096,-0.43759,0,0.9667,0.0167,0.0167,0.43,0.3889,-0.55704,-6.90776,2.081,32.79,0.9667,0.0166,0.0166,0.6691,0.1908,0.1401,0.9667,0.0167,0.0167,0.735,0.1691,0.0958,0.779,0.1382,0.0828,0.9667,0.0166,0.0166,1.3844,1.037,1.0295,1.0288,1.0163,1.0182,2.0,1.0676,2.0,1.0074,1.0067,1.0067,1.0032,1.0028,1.0028,2.0,1.008,1.0074,33.152,0.0,0.0,0.0,45.791,4.798,49.09
13,2026-05-14T16:57:51.795282+00:00,youtube,ISL,17.755,21.772,17.755,0.5225,0.4775,31.841,30.278,0.4874,0.5126,0.716,0.4122,0,0.9667,0.0166,0.0166,0.441,0.4558,-0.35595,-6.90776,0,0.6691,0.1908,0.1401,0.338,0.3662,-0.26623,-1.36626,0,0.9667,0.0167,0.0167,0.444,0.3889,-0.5556,-6.90776,1.222,33.063,0.9667,0.0166,0.0166,0.7452,0.1524,0.1025,0.9667,0.0167,0.0167,0.735,0.1691,0.0958,0.779,0.1382,0.0828,0.9667,0.0166,0.0166,2.0,1.0441,1.0341,1.0363,1.0202,1.0207,2.0,1.0792,2.0,1.0074,1.0067,1.0067,1.0032,1.0028,1.0028,2.0,1.008,1.0074,30.89,1.563,0.0,2.174,47.354,4.798,51.264
14,2026-05-14T16:57:57.806723+00:00,youtube,ISL,16.377,28.907,16.377,0.517,0.483,31.166,37.487,0.546,0.454,0.7295,0.4172,0,0.9667,0.0166,0.0166,0.733,0.4476,-0.32669,-6.90776,0,0.7452,0.1524,0.1025,0.63,0.3523,-0.23699,-1.098,0,0.9667,0.0167,0.0167,0.461,0.3889,-0.55393,-6.90776,1.824,32.99,0.9667,0.0166,0.0166,0.7894,0.1304,0.0802,0.9667,0.0167,0.0167,0.735,0.1691,0.0958,0.779,0.1382,0.0828,0.9667,0.0166,0.0166,2.0,1.0514,1.0387,1.0416,1.0241,1.0231,2.0,1.091,2.0,1.0074,1.0067,1.0067,1.0032,1.0028,1.0028,2.0,1.008,1.0074,33.555,0.0,0.0,0.0,47.354,4.798,51.264
15,2026-05-14T16:58:03.815305+00:00,gaming,GND,16.088,28.895,28.895,0.5,0.5,31.62,37.55,0.5429,0.4571,0.7425,0.4223,1,0.735,0.1691,0.0958,0.609,0.1361,-0.08915,-0.32166,0,0.779,0.1382,0.0828,0.16,0.1885,-0.08398,-0.63872,0,0.3333,0.3333,0.3333,0.047,0.0229,-0.14532,-6.90776,0.816,38.365,0.9667,0.0166,0.0166,0.7894,0.1304,0.0802,0.3333,0.3333,0.3333,0.7896,0.1378,0.0726,0.831,0.1093,0.0597,0.4917,0.4917,0.0167,2.0,1.0514,1.0387,1.0416,1.0241,1.0231,1.0,1.0,1.0,1.0087,1.0075,1.0078,1.0037,1.0033,1.0033,1.1661,1.0073,1.0011,33.064,5.929,0.311,5.301,53.283,5.11,56.565
16,2026-05-14T16:58:09.825897+00:00,gaming,ISL,16.445,29.104,16.445,0.506,0.494,32.758,37.834,0.536,0.464,0.7548,0.4273,0,0.9667,0.0166,0.0166,0.296,0.3112,-0.37043,-6.90776,0,0.7894,0.1304,0.0802,0.199,0.2139,-0.28006,-1.58463,1,0.3333,0.3333,0.3333,0.839,0.237,-0.51606,-2.43147,1.335,34.093,0.9667,0.0166,0.0166,0.858,0.091,0.051,0.9667,0.0167,0.0167,0.7896,0.1378,0.0726,0.831,0.1093,0.0597,0.4917,0.4917,0.0167,2.0,1.0608,1.0455,1.0513,1.0287,1.0267,2.0,1.0474,1.0113,1.0087,1.0075,1.0078,1.0037,1.0033,1.0033,1.1661,1.0073,1.0011,34.18,0.0,0.0,0.0,53.283,5.11,56.565
17,2026-05-14T16:58:15.829181+00:00,gaming,ISL,18.146,29.03,18.146,0.5106,0.4894,35.278,37.837,0.5175,0.4825,0.7665,0.4322,0,0.9667,0.0166,0.0166,0.406,0.2978,-0.35943,-6.90776,0,0.858,0.091,0.051,0.114,0.2012,-0.28859,-1.76253,0,0.9667,0.0167,0.0167,0.32,0.1111,-0.56796,-6.90776,0.84,36.118,0.9667,0.0166,0.0166,0.9165,0.0553,0.0282,0.9667,0.0166,0.0166,0.7896,0.1378,0.0726,0.831,0.1093,0.0597,0.4917,0.4917,0.0167,2.0,1.0705,1.0522,1.0631,1.0334,1.0302,2.0,1.1158,1.0227,1.0087,1.0075,1.0078,1.0037,1.0033,1.0033,1.1661,1.0073,1.0011,36.677,0.0,0.0,0.0,53.283,5.11,56.565
18,2026-05-14T16:58:21.840743+00:00,gaming,GND,29.467,26.399,26.399,0.5123,0.4877,47.45,35.282,0.4265,0.5735,0.7776,0.4371,0,0.7896,0.1378,0.0726,0.36,0.2085,-0.11402,-0.7005,0,0.831,0.1093,0.0597,0.336,0.184,-0.06642,-0.46759,0,0.4917,0.4917,0.0167,0.126,0.0229,-0.13738,-6.90776,0.822,36.104,0.9667,0.0166,0.0166,0.9165,0.0553,0.0282,0.9667,0.0166,0.0166,0.8265,0.1175,0.056,0.863,0.0914,0.0456,0.4917,0.4917,0.0167,2.0,1.0705,1.0522,1.0631,1.0334,1.0302,2.0,1.1158,1.0227,1.0097,1.0086,1.0089,1.0041,1.0038,1.0038,1.3231,1.0157,1.0023,35.786,0.0,0.319,0.319,53.283,5.428,56.883
19,2026-05-14T16:58:27.855589+00:00,gaming,ISL,29.429,21.257,29.429,0.503,0.497,48.291,30.218,0.3849,0.6151,0.7879,0.442,0,0.9667,0.0166,0.0166,1.281,0.268,-0.27191,-6.90776,1,0.9165,0.0553,0.0282,0.257,0.1978,-0.27431,-0.91377,0,0.9667,0.0166,0.0166,0.194,0.1111,-0.5806,-6.90776,1.732,50.022,0.9667,0.0166,0.0166,0.9369,0.0437,0.0194,0.9667,0.0167,0.0167,0.8265,0.1175,0.056,0.863,0.0914,0.0456,0.4917,0.4917,0.0167,2.0,1.0804,1.0589,1.07,1.0398,1.0337,2.0,1.3214,1.0341,1.0097,1.0086,1.0089,1.0041,1.0038,1.0038,1.3231,1.0157,1.0023,30.721,18.073,0.378,19.301,71.356,5.806,76.185
20,2026-05-14T16:58:33.859502+00:00,gaming,ISL,25.405,33.396,25.405,0.4856,0.5144,45.164,42.436,0.4844,0.5156,0.7976,0.4469,0,0.9667,0.0166,0.0166,0.335,0.2524,-0.36646,-6.90776,0,0.9369,0.0437,0.0194,0.704,0.1693,-0.22956,-1.09757,0,0.9667,0.0167,0.0167,0.042,0.1111,-0.59577,-6.90776,1.082,46.246,0.9667,0.0166,0.0166,0.9473,0.0361,0.0167,0.9667,0.0167,0.0167,0.8265,0.1175,0.056,0.863,0.0914,0.0456,0.4917,0.4917,0.0167,2.0,1.0905,1.0656,1.0751,1.0444,1.0371,2.0,2.0,1.0456,1.0097,1.0086,1.0089,1.0041,1.0038,1.0038,1.3231,1.0157,1.0023,42.938,2.729,0.0,3.308,74.085,5.806,79.493
21,2026-05-14T16:58:39.860319+00:00,gaming,ISL,18.069,25.485,18.069,0.4836,0.5164,38.736,34.604,0.4718,0.5282,0.8065,0.4517,0,0.9667,0.0166,0.0166,0.387,0.2367,-0.36126,-6.90776,0,0.9473,0.0361,0.0167,0.421,0.1615,-0.2579,-1.40194,0,0.9667,0.0167,0.0167,0.052,0.1111,-0.59481,-6.90776,0.86,39.597,0.9667,0.0166,0.0166,0.9577,0.0257,0.0167,0.9667,0.0167,0.0167,0.8265,0.1175,0.056,0.863,0.0914,0.0456,0.4917,0.4917,0.0167,2.0,1.1008,1.0722,1.0827,1.0491,1.0405,2.0,2.0,1.0572,1.0097,1.0086,1.0089,1.0041,1.0038,1.0038,1.3231,1.0157,1.0023,35.106,4.132,0.0,4.491,78.217,5.806,83.984
22,2026-05-14T16:58:45.876668+00:00,gaming,ISL,14.065,21.685,14.065,0.4787,0.5213,35.638,30.884,0.4643,0.5357,0.8146,0.4564,0,0.9667,0.0166,0.0166,0.28,0.2215,-0.37203,-6.90776,0,0.9577,0.0257,0.0167,0.719,0.1554,-0.22806,-1.10796,0,0.9667,0.0167,0.0167,0.662,0.1111,-0.53379,-6.90776,1.661,37.299,0.9667,0.0166,0.0166,0.9624,0.0209,0.0167,0.9667,0.0167,0.0167,0.8265,0.1175,0.056,0.863,0.0914,0.0456,0.4917,0.4917,0.0167,2.0,1.1113,1.0788,1.0877,1.0537,1.0439,2.0,2.0,1.0688,1.0097,1.0086,1.0089,1.0041,1.0038,1.0038,1.3231,1.0157,1.0023,31.386,4.754,0.364,5.913,82.97,6.17,89.897
23,2026-05-14T16:58:51.876768+00:00,gaming,GND,11.076,21.461,21.461,0.471,0.529,33.536,30.74,0.4783,0.5217,0.8219,0.4612,0,0.8265,0.1175,0.056,0.195,0.1987,-0.13053,-0.86136,0,0.863,0.0914,0.0456,0.069,0.1725,-0.09313,-0.74248,1,0.4917,0.4917,0.0167,0.189,0.0571,-0.13111,-2.7686,0.452,31.193,0.9667,0.0166,0.0166,0.9624,0.0209,0.0167,0.9667,0.0167,0.0167,0.867,0.0929,0.0401,0.9027,0.0669,0.0304,0.4917,0.4917,0.0167,2.0,1.1113,1.0788,1.0877,1.0537,1.0439,2.0,2.0,1.0688,1.0111,1.0098,1.01,1.0048,1.0044,1.0042,1.4879,1.0212,1.0034,31.241,0.0,0.0,0.0,82.97,6.17,89.897
24,2026-05-14T16:58:57.883304+00:00,gaming,GND,14.015,25.885,25.885,0.4655,0.5345,37.327,35.246,0.4857,0.5143,0.8284,0.4658,0,0.867,0.0929,0.0401,0.325,0.196,-0.11745,-0.73427,0,0.9027,0.0669,0.0304,0.148,0.1697,-0.08517,-0.65306,1,0.4917,0.4917,0.0167,0.24,0.0571,-0.12598,-2.34102,0.714,35.959,0.9667,0.0166,0.0166,0.9624,0.0209,0.0167,0.9667,0.0167,0.0167,0.8932,0.0768,0.03,0.9284,0.0506,0.021,0.7896,0.1937,0.0167,2.0,1.1113,1.0788,1.0877,1.0537,1.0439,2.0,2.0,1.0688,1.0122,1.011,1.0111,1.0054,1.0049,1.0047,1.6528,1.0248,1.0046,35.746,0.0,0.214,0.214,82.97,6.384,90.111
25,2026-05-14T16:59:03.888354+00:00,gaming,GND,19.434,28.105,28.105,0.4626,0.5374,43.544,37.547,0.463,0.537,0.8341,0.4704,1,0.8932,0.0768,0.03,0.144,0.1307,-0.1356,-0.54554,0,0.9284,0.0506,0.021,0.131,0.1667,-0.08688,-0.67232,1,0.7896,0.1937,0.0167,0.093,0.0571,-0.14067,-6.90776,0.368,37.916,0.9667,0.0166,0.0166,0.9624,0.0209,0.0167,0.9667,0.0167,0.0167,0.9158,0.0626,0.0215,0.9459,0.0375,0.0167,0.7896,0.1937,0.0167,2.0,1.1113,1.0788,1.0877,1.0537,1.0439,2.0,2.0,1.0688,1.0135,1.0125,1.0122,1.006,1.0054,1.0052,1.8176,1.4268,1.0057,38.047,0.0,0.0,0.0,82.97,6.384,90.111
26,2026-05-14T16:59:09.894636+00:00,gaming,ISL,32.073,25.323,32.073,0.4577,0.5423,56.907,34.847,0.3798,0.6202,0.8389,0.475,0,0.9667,0.0166,0.0166,0.782,0.1715,-0.32177,-6.90776,0,0.9624,0.0209,0.0167,0.134,0.1497,-0.28655,-1.90999,0,0.9667,0.0167,0.0167,0.19,0.1111,-0.58097,-6.90776,1.107,58.014,0.9667,0.0166,0.0166,0.9667,0.0167,0.0167,0.9667,0.0167,0.0167,0.9158,0.0626,0.0215,0.9459,0.0375,0.0167,0.7896,0.1937,0.0167,2.0,1.1219,1.0852,1.1011,1.0582,1.0473,2.0,2.0,1.0805,1.0135,1.0125,1.0122,1.006,1.0054,1.0052,1.8176,1.4268,1.0057,35.345,22.06,0.0,22.668,105.03,6.384,112.779
27,2026-05-14T16:59:15.903481+00:00,gaming,ISL,38.386,35.039,38.386,0.4448,0.5552,63.847,44.645,0.4115,0.5885,0.8429,0.4795,0,0.9667,0.0166,0.0166,0.142,0.1633,-0.38584,-6.90776,0,0.9667,0.0167,0.0167,0.208,0.153,-0.27919,-1.82769,0,0.9667,0.0167,0.0167,0.126,0.1111,-0.58744,-6.90776,0.475,64.323,0.9667,0.0166,0.0166,0.9667,0.0167,0.0167,0.9667,0.0167,0.0167,0.9158,0.0626,0.0215,0.9459,0.0375,0.0167,0.7896,0.1937,0.0167,2.0,1.1327,1.0915,1.1133,1.0627,1.0506,2.0,2.0,1.0922,1.0135,1.0125,1.0122,1.006,1.0054,1.0052,1.8176,1.4268,1.0057,45.143,19.202,0.0,19.179,124.232,6.384,131.959
28,2026-05-14T16:59:21.911045+00:00,gaming,GND,16.406,29.23,29.23,0.4383,0.5617,42.38,38.919,0.4787,0.5213,0.846,0.484,0,0.9158,0.0626,0.0215,0.189,0.1832,-0.13105,-0.87206,0,0.9459,0.0375,0.0167,0.058,0.157,-0.09424,-0.75777,1,0.7896,0.1937,0.0167,0.12,0.0571,-0.13798,-6.90776,0.367,39.287,0.9667,0.0166,0.0166,0.9667,0.0167,0.0167,0.9667,0.0167,0.0167,0.9354,0.0479,0.0167,0.9571,0.0263,0.0167,0.7896,0.1937,0.0167,2.0,1.1327,1.0915,1.1133,1.0627,1.0506,2.0,2.0,1.0922,1.0149,1.0137,1.0133,1.0067,1.0059,1.0057,1.9825,1.821,1.0069,39.417,0.0,0.0,0.0,124.232,6.384,131.959
29,2026-05-14T16:59:27.918046+00:00,gaming,GND,19.448,29.181,29.181,0.4353,0.5647,45.802,38.953,0.4596,0.5404,0.8482,0.4883,0,0.9354,0.0479,0.0167,0.16,0.1796,-0.13401,-0.90623,0,0.9571,0.0263,0.0167,0.051,0.1535,-0.09495,-0.76719,0,0.7896,0.1937,0.0167,0.037,0.0229,-0.14629,-6.90776,0.247,39.201,0.9667,0.0166,0.0166,0.9667,0.0167,0.0167,0.9667,0.0167,0.0167,0.9476,0.0357,0.0167,0.9651,0.0182,0.0167,0.7896,0.1937,0.0167,2.0,1.1327,1.0915,1.1133,1.0627,1.0506,2.0,2.0,1.0922,1.0165,1.0148,1.0144,1.0075,1.0065,1.0062,2.0,2.0,1.008,39.45,0.0,0.0,0.0,124.232,6.384,131.959
30,2026-05-14T16:59:33.918485+00:00,mixed,ISL,28.483,25.446,28.483,0.5,0.5,55.071,35.302,0.3906,0.6094,0.8496,0.4927,0,0.9667,0.0166,0.0166,0.5,0.3048,-0.35002,-6.90776,1,0.9667,0.0167,0.0167,0.972,0.466,-0.20277,-0.60516,1,0.3333,0.3333,0.3333,2.307,0.6519,-0.36926,-0.61281,3.78,58.85,0.9667,0.0166,0.0166,0.9667,0.0167,0.0167,0.3481,0.3121,0.3398,0.9476,0.0357,0.0167,0.9651,0.0182,0.0167,0.3333,0.3333,0.3333,2.0,1.14,1.0937,1.1198,1.0662,1.0518,1.0174,1.011,1.0145,1.0165,1.0148,1.0144,1.0075,1.0065,1.0062,1.0,1.0,1.0,35.886,19.769,1.003,22.964,144.001,7.387,154.923
31,2026-05-14T16:59:39.924762+00:00,mixed,ISL,20.743,21.589,20.743,0.4877,0.5123,47.41,31.528,0.3994,0.6006,0.85,0.4969,0,0.9667,0.0166,0.0166,0.235,0.306,-0.37654,-6.90776,2,0.9667,0.0167,0.0167,1.551,0.6131,-0.14488,-0.29037,2,0.3481,0.3121,0.3398,1.211,0.5333,-0.47885,-1.3689,2.997,50.407,0.9667,0.0166,0.0166,0.9667,0.0167,0.0167,0.3561,0.2795,0.3644,0.9476,0.0357,0.0167,0.9651,0.0182,0.0167,0.3333,0.3333,0.3333,2.0,1.1472,1.0957,1.1264,1.0695,1.0542,1.0353,1.0191,1.0381,1.0165,1.0148,1.0144,1.0075,1.0065,1.0062,1.0,1.0,1.0,32.112,15.881,0.21,18.295,159.883,7.597,173.217
32,2026-05-14T16:59:45.929551+00:00,mixed,ISL,26.355,22.707,26.355,0.4727,0.5273,52.942,32.731,0.382,0.618,0.8496,0.5011,0,0.9667,0.0166,0.0166,1.87,0.3097,-0.21305,-6.90776,0,0.9667,0.0167,0.0167,0.623,0.3433,-0.23768,-1.29797,1,0.3561,0.2795,0.3644,2.797,0.6519,-0.3203,-0.51758,5.29,58.232,0.9667,0.0166,0.0166,0.9667,0.0167,0.0167,0.3736,0.2544,0.3719,0.9476,0.0357,0.0167,0.9651,0.0182,0.0167,0.3333,0.3333,0.3333,2.0,1.1543,1.0977,1.1327,1.0727,1.0554,1.054,1.0278,1.0535,1.0165,1.0148,1.0144,1.0075,1.0065,1.0062,1.0,1.0,1.0,33.313,20.212,2.487,24.919,180.094,10.084,198.136
33,2026-05-14T16:59:51.934115+00:00,mixed,ISL,40.196,26.054,40.196,0.4578,0.5422,66.55,36.161,0.3521,0.6479,0.8482,0.5053,0,0.9667,0.0166,0.0166,0.294,0.3157,-0.37058,-6.90776,0,0.9667,0.0167,0.0167,0.752,0.3556,-0.22476,-1.17322,2,0.3736,0.2544,0.3719,1.262,0.5333,-0.47385,-1.45544,2.308,68.858,0.9667,0.0166,0.0166,0.9667,0.0167,0.0167,0.38,0.221,0.3991,0.9476,0.0357,0.0167,0.9651,0.0182,0.0167,0.3333,0.3333,0.3333,2.0,1.1613,1.0997,1.138,1.0758,1.0567,1.0734,1.036,1.0787,1.0165,1.0148,1.0144,1.0075,1.0065,1.0062,1.0,1.0,1.0,36.743,30.389,0.0,32.115,210.483,10.084,230.251
34,2026-05-14T16:59:57.945892+00:00,mixed,GND,19.687,30.496,30.496,0.4441,0.5559,45.661,40.687,0.4712,0.5288,0.846,0.5094,0,0.9476,0.0357,0.0167,0.36,0.2512,-0.11404,-0.70855,0,0.9651,0.0182,0.0167,0.112,0.2066,-0.08884,-0.69626,0,0.3333,0.3333,0.3333,0.1,0.0971,-0.14003,-6.90776,0.571,41.258,0.9667,0.0166,0.0166,0.9667,0.0167,0.0167,0.38,0.221,0.3991,0.9543,0.0291,0.0167,0.9667,0.0167,0.0167,0.9667,0.0167,0.0167,2.0,1.1613,1.0997,1.138,1.0758,1.0567,1.0734,1.036,1.0787,1.0175,1.0159,1.0153,1.0081,1.007,1.0065,1.3401,1.0013,1.0011,41.268,0.0,0.0,0.0,210.483,10.084,230.251
35,2026-05-14T17:00:03.954538+00:00,mixed,GND,37.349,30.063,30.063,0.4401,0.5599,62.811,40.338,0.3911,0.6089,0.8429,0.5134,2,0.9543,0.0291,0.0167,0.378,0.4446,-0.11218,-0.28701,0,0.9667,0.0167,0.0167,0.347,0.2029,-0.0653,-0.46005,0,0.9667,0.0167,0.0167,0.135,0.0971,-0.13648,-6.90776,0.86,41.198,0.9667,0.0166,0.0166,0.9667,0.0167,0.0167,0.38,0.221,0.3991,0.9608,0.0226,0.0167,0.9667,0.0167,0.0167,0.9667,0.0166,0.0166,2.0,1.1613,1.0997,1.138,1.0758,1.0567,1.0734,1.036,1.0787,1.0188,1.0171,1.0167,1.0085,1.0075,1.0069,1.6715,1.0026,1.0022,40.917,0.0,0.281,0.281,210.483,10.364,230.532
36,2026-05-14T17:00:09.963395+00:00,mixed,GND,16.407,29.207,29.207,0.4308,0.5692,41.24,39.565,0.4896,0.5104,0.8389,0.5173,0,0.9608,0.0226,0.0167,0.266,0.2429,-0.12344,-0.8004,0,0.9667,0.0167,0.0167,0.122,0.1991,-0.08785,-0.68602,0,0.9667,0.0166,0.0166,0.216,0.0971,-0.12842,-6.90776,0.603,40.168,0.9667,0.0166,0.0166,0.9667,0.0167,0.0167,0.38,0.221,0.3991,0.9658,0.0175,0.0167,0.9667,0.0167,0.0167,0.9667,0.0166,0.0166,2.0,1.1613,1.0997,1.138,1.0758,1.0567,1.0734,1.036,1.0787,1.02,1.0182,1.0176,1.0091,1.008,1.0073,1.9834,1.004,1.0033,40.144,0.0,0.024,0.024,210.483,10.389,230.557
37,2026-05-14T17:00:15.967486+00:00,mixed,GND,36.726,29.219,29.219,0.4281,0.5719,60.835,39.661,0.3946,0.6054,0.8341,0.5211,1,0.9658,0.0175,0.0167,0.155,0.2724,-0.13446,-0.54456,0,0.9667,0.0167,0.0167,0.272,0.1953,-0.07283,-0.53056,0,0.9667,0.0166,0.0166,0.171,0.0971,-0.13291,-6.90776,0.598,40.259,0.9667,0.0166,0.0166,0.9667,0.0167,0.0167,0.38,0.221,0.3991,0.9667,0.0167,0.0167,0.9667,0.0167,0.0167,0.9667,0.0166,0.0166,2.0,1.1613,1.0997,1.138,1.0758,1.0567,1.0734,1.036,1.0787,1.0213,1.0197,1.0186,1.0095,1.0085,1.0077,2.0,1.0053,1.0044,40.238,0.0,0.021,0.021,210.483,10.41,230.577
38,2026-05-14T17:00:21.972673+00:00,mixed,GND,27.481,23.201,23.201,0.4188,0.5812,50.793,33.725,0.399,0.601,0.8284,0.5249,0,0.9667,0.0167,0.0167,0.288,0.2345,-0.12124,-0.78174,0,0.9667,0.0167,0.0167,0.295,0.1916,-0.07045,-0.50824,0,0.9667,0.0166,0.0166,0.08,0.0971,-0.14195,-6.90776,0.664,34.389,0.9667,0.0166,0.0166,0.9667,0.0167,0.0167,0.38,0.221,0.3991,0.9667,0.0167,0.0167,0.9667,0.0167,0.0167,0.9667,0.0166,0.0166,2.0,1.1613,1.0997,1.138,1.0758,1.0567,1.0734,1.036,1.0787,1.0225,1.0208,1.0195,1.0099,1.009,1.0081,2.0,1.0066,1.0055,34.302,0.0,0.087,0.087,210.483,10.497,230.665
39,2026-05-14T17:00:28.004667+00:00,mixed,ISL,40.388,26.675,40.388,0.4062,0.5938,62.848,37.282,0.3723,0.6277,0.8219,0.5286,0,0.9667,0.0166,0.0166,0.383,0.3891,-0.36171,-6.90776,0,0.9667,0.0167,0.0167,0.85,0.437,-0.21498,-1.08856,0,0.38,0.221,0.3991,1.509,0.5333,-0.44914,-1.33842,2.742,65.59,0.9667,0.0166,0.0166,0.9667,0.0167,0.0167,0.4024,0.1942,0.4034,0.9667,0.0167,0.0167,0.9667,0.0167,0.0167,0.9667,0.0166,0.0166,2.0,1.1672,1.1015,1.1427,1.0786,1.058,1.095,1.0443,1.0954,1.0225,1.0208,1.0195,1.0099,1.009,1.0081,2.0,1.0066,1.0055,37.858,25.566,0.0,27.732,236.049,10.497,258.396
40,2026-05-14T17:00:33.997358+00:00,mixed,ISL,37.465,30.244,37.465,0.3946,0.6054,59.037,40.934,0.4095,0.5905,0.8146,0.5322,0,0.9667,0.0166,0.0166,0.984,0.4048,-0.30161,-6.90776,0,0.9667,0.0167,0.0167,0.535,0.4493,-0.24651,-1.45101,0,0.4024,0.1942,0.4034,1.819,0.5333,-0.41809,-1.19697,3.338,62.375,0.9667,0.0166,0.0166,0.9667,0.0167,0.0167,0.415,0.1713,0.4137,0.9667,0.0167,0.0167,0.9667,0.0167,0.0167,0.9667,0.0166,0.0166,2.0,1.173,1.1033,1.1504,1.0813,1.0593,1.1128,1.0526,1.1126,1.0225,1.0208,1.0195,1.0099,1.009,1.0081,2.0,1.0066,1.0055,41.508,18.103,0.286,20.866,254.152,10.783,279.263
41,2026-05-14T17:00:40.080554+00:00,mixed,GND,23.429,33.814,33.814,0.3868,0.6132,44.096,44.584,0.5028,0.4972,0.8065,0.5358,0,0.9667,0.0167,0.0167,0.192,0.2223,-0.13083,-0.88215,0,0.9667,0.0167,0.0167,0.057,0.1808,-0.09433,-0.76332,0,0.9667,0.0166,0.0166,0.064,0.0971,-0.14361,-6.90776,0.312,44.897,0.9667,0.0166,0.0166,0.9667,0.0167,0.0167,0.415,0.1713,0.4137,0.9667,0.0167,0.0167,0.9667,0.0167,0.0167,0.9667,0.0166,0.0166,2.0,1.173,1.1033,1.1504,1.0813,1.0593,1.1128,1.0526,1.1126,1.024,1.0219,1.0204,1.0107,1.0095,1.0085,2.0,1.008,1.0066,45.158,0.488,0.0,0.0,254.64,10.783,279.263
42,2026-05-14T17:00:46.029914+00:00,mixed,GND,42.139,28.653,28.653,0.3858,0.6142,61.899,39.505,0.3896,0.6104,0.7976,0.5392,0,0.9667,0.0167,0.0167,0.201,0.2185,-0.12994,-0.87448,0,0.9667,0.0167,0.0167,0.113,0.1773,-0.0887,-0.69782,0,0.9667,0.0166,0.0166,0.034,0.0971,-0.14656,-6.90776,0.348,39.853,0.9667,0.0166,0.0166,0.9667,0.0167,0.0167,0.415,0.1713,0.4137,0.9667,0.0167,0.0167,0.9667,0.0167,0.0167,0.9667,0.0166,0.0166,2.0,1.173,1.1033,1.1504,1.0813,1.0593,1.1128,1.0526,1.1126,1.0254,1.023,1.0213,1.0113,1.01,1.0089,2.0,1.0093,1.0077,40.078,0.0,0.0,0.0,254.64,10.783,279.263
43,2026-05-14T17:00:52.042462+00:00,mixed,GND,26.317,33.375,33.375,0.3764,0.6236,45.179,44.307,0.4951,0.5049,0.7879,0.5426,0,0.9667,0.0167,0.0167,0.197,0.2147,-0.13031,-0.88042,0,0.9667,0.0167,0.0167,0.162,0.174,-0.08383,-0.64441,0,0.9667,0.0166,0.0166,0.15,0.0971,-0.13497,-6.90776,0.509,44.816,0.9667,0.0166,0.0166,0.9667,0.0167,0.0167,0.415,0.1713,0.4137,0.9667,0.0167,0.0167,0.9667,0.0167,0.0167,0.9667,0.0166,0.0166,2.0,1.173,1.1033,1.1504,1.0813,1.0593,1.1128,1.0526,1.1126,1.0268,1.0241,1.0223,1.0119,1.0105,1.0093,2.0,1.0106,1.0088,44.879,0.0,0.0,0.0,254.64,10.783,279.263
44,2026-05-14T17:00:58.055420+00:00,mixed,GND,19.375,22.279,22.279,0.3748,0.6252,37.358,33.29,0.4712,0.5288,0.7776,0.5459,0,0.9667,0.0167,0.0167,0.514,0.2111,-0.09862,-0.58585,0,0.9667,0.0167,0.0167,0.164,0.1707,-0.08356,-0.64197,0,0.9667,0.0166,0.0166,0.215,0.0971,-0.12848,-6.90776,0.894,34.184,0.9667,0.0166,0.0166,0.9667,0.0167,0.0167,0.415,0.1713,0.4137,0.9667,0.0167,0.0167,0.9667,0.0167,0.0167,0.9667,0.0166,0.0166,2.0,1.173,1.1033,1.1504,1.0813,1.0593,1.1128,1.0526,1.1126,1.0276,1.0252,1.0232,1.0124,1.011,1.0097,2.0,1.012,1.01,33.861,0.0,0.323,0.323,254.64,11.106,279.585
45,2026-05-14T17:01:04.065708+00:00,gaming,GND,19.466,29.69,29.69,0.4306,0.5694,36.598,40.78,0.527,0.473,0.7665,0.5491,0,0.9667,0.0167,0.0167,0.343,0.1162,-0.11571,-0.73557,0,0.9667,0.0167,0.0167,0.143,0.0962,-0.08568,-0.6656,1,0.7896,0.1937,0.0167,0.294,0.0571,-0.12058,-6.90776,0.78,41.56,0.9667,0.0166,0.0166,0.9667,0.0167,0.0167,0.9667,0.0167,0.0167,0.9667,0.0167,0.0167,0.9667,0.0167,0.0167,0.7896,0.1937,0.0167,2.0,1.173,1.1033,1.1504,1.0813,1.0593,2.0,2.0,1.0922,1.0287,1.0264,1.0243,1.013,1.0115,1.0102,2.0,2.0,1.0092,38.145,4.182,0.297,3.415,258.822,11.403,283.001
46,2026-05-14T17:01:10.072403+00:00,gaming,ISL,34.812,25.998,34.812,0.4331,0.5669,51.125,37.165,0.4209,0.5791,0.7548,0.5523,0,0.9667,0.0166,0.0166,0.433,0.3333,-0.35666,-6.90776,0,0.9667,0.0167,0.0167,0.634,0.3466,-0.23664,-1.34405,0,0.9667,0.0167,0.0167,0.834,0.1111,-0.51661,-6.90776,1.901,53.026,0.9667,0.0166,0.0166,0.9667,0.0167,0.0167,0.9667,0.0167,0.0167,0.9667,0.0167,0.0167,0.9667,0.0167,0.0167,0.7896,0.1937,0.0167,2.0,1.1823,1.1095,1.157,1.0854,1.0628,2.0,2.0,1.104,1.0287,1.0264,1.0243,1.013,1.0115,1.0102,2.0,2.0,1.0092,37.648,13.96,0.339,15.379,272.782,11.742,298.379
47,2026-05-14T17:01:16.078253+00:00,gaming,GND,39.44,22.779,22.779,0.4245,0.5755,54.972,34.022,0.3823,0.6177,0.7425,0.5553,0,0.9667,0.0167,0.0167,0.088,0.1097,-0.14123,-1.01264,0,0.9667,0.0167,0.0167,0.067,0.0904,-0.0933,-0.75436,0,0.7896,0.1937,0.0167,0.045,0.0229,-0.14548,-6.90776,0.2,34.222,0.9667,0.0166,0.0166,0.9667,0.0167,0.0167,0.9667,0.0167,0.0167,0.9667,0.0167,0.0167,0.9667,0.0167,0.0167,0.7896,0.1937,0.0167,2.0,1.1823,1.1095,1.157,1.0854,1.0628,2.0,2.0,1.104,1.0305,1.0276,1.0254,1.0137,1.012,1.0107,2.0,2.0,1.0103,34.505,0.0,0.0,0.0,272.782,11.742,298.379
48,2026-05-14T17:01:22.095238+00:00,gaming,ISL,43.66,38.403,43.66,0.4112,0.5888,58.449,49.721,0.4597,0.5403,0.7295,0.5582,0,0.9667,0.0166,0.0166,0.356,0.3475,-0.36441,-6.90776,0,0.9667,0.0167,0.0167,0.696,0.3476,-0.23037,-1.28527,0,0.9667,0.0167,0.0167,0.166,0.1111,-0.58344,-6.90776,1.218,59.667,0.9667,0.0166,0.0166,0.9667,0.0167,0.0167,0.9667,0.0167,0.0167,0.9667,0.0167,0.0167,0.9667,0.0167,0.0167,0.7896,0.1937,0.0167,2.0,1.1916,1.1158,1.1631,1.0894,1.0663,2.0,2.0,1.1159,1.0305,1.0276,1.0254,1.0137,1.012,1.0107,2.0,2.0,1.0103,50.203,8.728,0.0,9.464,281.51,11.742,307.843
49,2026-05-14T17:01:28.109100+00:00,gaming,ISL,20.031,25.414,20.031,0.4082,0.5918,34.117,36.805,0.519,0.481,0.716,0.5611,1,0.9667,0.0166,0.0166,0.527,0.3832,-0.34727,-1.54471,0,0.9667,0.0167,0.0167,0.663,0.3452,-0.23369,-1.33924,0,0.9667,0.0167,0.0167,0.087,0.1111,-0.59134,-6.90776,1.277,35.394,0.9667,0.0166,0.0166,0.9667,0.0167,0.0167,0.9667,0.0167,0.0167,0.9667,0.0167,0.0167,0.9667,0.0167,0.0167,0.7896,0.1937,0.0167,2.0,1.2081,1.1223,1.1696,1.0935,1.0699,2.0,2.0,1.1278,1.0305,1.0276,1.0254,1.0137,1.012,1.0107,2.0,2.0,1.0103,35.698,0.0,0.0,0.0,281.51,11.742,307.843
50,2026-05-14T17:01:34.133823+00:00,gaming,ISL,36.614,29.135,36.614,0.4099,0.5901,50.037,40.599,0.4479,0.5521,0.702,0.5638,0,0.9667,0.0166,0.0166,0.59,0.3524,-0.34096,-6.90776,0,0.9667,0.0167,0.0167,0.318,0.3409,-0.26818,-1.93986,0,0.9667,0.0167,0.0167,0.711,0.1111,-0.52889,-6.90776,1.62,51.657,0.9667,0.0166,0.0166,0.9667,0.0167,0.0167,0.9667,0.0167,0.0167,0.9667,0.0167,0.0167,0.9667,0.0167,0.0167,0.7896,0.1937,0.0167,2.0,1.2178,1.1288,1.1825,1.0976,1.0734,2.0,2.0,1.1399,1.0305,1.0276,1.0254,1.0137,1.012,1.0107,2.0,2.0,1.0103,41.08,9.438,0.042,10.577,290.949,11.783,318.421
51,2026-05-14T17:01:40.149880+00:00,gaming,GND,10.579,22.774,22.774,0.4046,0.5954,23.379,34.308,0.5947,0.4053,0.6875,0.5665,0,0.9667,0.0167,0.0167,0.114,0.0995,-0.13858,-0.98299,0,0.9667,0.0167,0.0167,0.331,0.0808,-0.06689,-0.47783,1,0.7896,0.1937,0.0167,0.129,0.0571,-0.13711,-6.90776,0.574,34.883,0.9667,0.0166,0.0166,0.9667,0.0167,0.0167,0.9667,0.0167,0.0167,0.9667,0.0167,0.0167,0.9667,0.0167,0.0167,0.7896,0.1937,0.0167,2.0,1.2178,1.1288,1.1825,1.0976,1.0734,2.0,2.0,1.1399,1.0322,1.0287,1.0266,1.0141,1.0125,1.0112,2.0,2.0,1.0115,24.949,10.93,0.094,9.933,301.878,11.877,328.354
52,2026-05-14T17:01:46.159521+00:00,gaming,ISL,19.536,25.145,19.536,0.4289,0.5711,31.751,36.748,0.5365,0.4635,0.6725,0.5691,0,0.9667,0.0166,0.0166,0.276,0.3475,-0.37238,-6.90776,0,0.9667,0.0167,0.0167,0.222,0.3269,-0.27782,-2.30973,0,0.9667,0.0167,0.0167,1.219,0.1111,-0.47814,-6.90776,1.717,33.468,0.9667,0.0166,0.0166,0.9667,0.0167,0.0167,0.9667,0.0167,0.0167,0.9667,0.0167,0.0167,0.9667,0.0167,0.0167,0.7896,0.1937,0.0167,2.0,1.2277,1.1355,1.2008,1.1018,1.0771,2.0,2.0,1.1519,1.0322,1.0287,1.0266,1.0141,1.0125,1.0112,2.0,2.0,1.0115,33.309,0.0,0.158,0.158,301.878,12.036,328.513
53,2026-05-14T17:01:52.167943+00:00,gaming,ISL,16.299,29.289,16.299,0.4336,0.5664,27.967,40.959,0.5942,0.4058,0.6572,0.5716,0,0.9667,0.0166,0.0166,0.526,0.3415,-0.34738,-6.90776,0,0.9667,0.0167,0.0167,0.922,0.3176,-0.20779,-1.12801,0,0.9667,0.0167,0.0167,0.083,0.1111,-0.59173,-6.90776,1.531,29.498,0.9667,0.0166,0.0166,0.9667,0.0167,0.0167,0.9667,0.0167,0.0167,0.9667,0.0167,0.0167,0.9667,0.0167,0.0167,0.7896,0.1937,0.0167,2.0,1.2378,1.1423,1.2055,1.1061,1.0808,2.0,2.0,1.1641,1.0322,1.0287,1.0266,1.0141,1.0125,1.0112,2.0,2.0,1.0115,29.509,0.0,0.0,0.0,301.878,12.036,328.513
54,2026-05-14T17:01:58.185708+00:00,gaming,GND,18.696,29.318,29.318,0.4489,0.5511,29.853,41.053,0.579,0.421,0.6415,0.5739,0,0.9667,0.0167,0.0167,0.338,0.0944,-0.11622,-0.7453,0,0.9667,0.0167,0.0167,0.228,0.0756,-0.07719,-0.57726,1,0.7896,0.1937,0.0167,0.077,0.0571,-0.14233,-6.90776,0.643,41.695,0.9667,0.0166,0.0166,0.9667,0.0167,0.0167,0.9667,0.0167,0.0167,0.9667,0.0167,0.0167,0.9667,0.0167,0.0167,0.7896,0.1937,0.0167,2.0,1.2378,1.1423,1.2055,1.1061,1.0808,2.0,2.0,1.1641,1.0333,1.0299,1.0277,1.0146,1.013,1.0117,2.0,2.0,1.0126,31.375,11.2,0.163,10.32,313.078,12.199,338.833
55,2026-05-14T17:02:04.200956+00:00,gaming,ISL,29.577,26.223,29.577,0.4605,0.5395,40.256,38.021,0.4857,0.5143,0.6254,0.5762,0,0.9667,0.0166,0.0166,0.289,0.3231,-0.37108,-6.90776,0,0.9667,0.0167,0.0167,0.188,0.2951,-0.28117,-2.71504,0,0.9667,0.0167,0.0167,1.381,0.1111,-0.46193,-6.90776,1.858,42.114,0.9667,0.0166,0.0166,0.9667,0.0167,0.0167,0.9667,0.0167,0.0167,0.9667,0.0167,0.0167,0.9667,0.0167,0.0167,0.7896,0.1937,0.0167,2.0,1.2484,1.1492,1.23,1.1104,1.0845,2.0,2.0,1.1763,1.0333,1.0299,1.0277,1.0146,1.013,1.0117,2.0,2.0,1.0126,38.501,2.234,0.358,3.613,315.313,12.557,342.446
56,2026-05-14T17:02:10.203379+00:00,gaming,GND,24.099,31.258,31.258,0.4579,0.5421,34.332,43.117,0.5567,0.4433,0.6091,0.5784,0,0.9667,0.0167,0.0167,0.246,0.0923,-0.1254,-0.8385,0,0.9667,0.0167,0.0167,0.059,0.0733,-0.09413,-0.76622,0,0.7896,0.1937,0.0167,0.1,0.0229,-0.13999,-6.90776,0.405,43.522,0.9667,0.0166,0.0166,0.9667,0.0167,0.0167,0.9667,0.0167,0.0167,0.9667,0.0167,0.0167,0.9667,0.0167,0.0167,0.7896,0.1937,0.0167,2.0,1.2484,1.1492,1.23,1.1104,1.0845,2.0,2.0,1.1763,1.0346,1.031,1.0288,1.0153,1.0136,1.0122,2.0,2.0,1.0138,35.808,8.785,0.0,7.714,324.098,12.557,350.16
57,2026-05-14T17:02:16.220131+00:00,gaming,GND,20.386,22.609,22.609,0.4644,0.5356,30.204,34.527,0.5334,0.4666,0.5926,0.5805,0,0.9667,0.0167,0.0167,0.249,0.0918,-0.12515,-0.8375,0,0.9667,0.0167,0.0167,0.055,0.0725,-0.09446,-0.77112,0,0.7896,0.1937,0.0167,0.071,0.0229,-0.14285,-6.90776,0.375,34.903,0.9667,0.0166,0.0166,0.9667,0.0167,0.0167,0.9667,0.0167,0.0167,0.9667,0.0167,0.0167,0.9667,0.0167,0.0167,0.7896,0.1937,0.0167,2.0,1.2484,1.1492,1.23,1.1104,1.0845,2.0,2.0,1.1763,1.0359,1.0322,1.03,1.0161,1.0141,1.0127,2.0,2.0,1.0149,31.654,4.323,0.0,3.248,328.422,12.557,353.409
58,2026-05-14T17:02:22.240352+00:00,gaming,ISL,29.786,26.793,29.786,0.4695,0.5305,39.216,38.767,0.4971,0.5029,0.5758,0.5824,0,0.9667,0.0166,0.0166,0.777,0.2833,-0.32227,-6.90776,0,0.9667,0.0167,0.0167,0.285,0.2551,-0.27151,-2.48536,0,0.9667,0.0167,0.0167,0.414,0.1111,-0.55863,-6.90776,1.476,40.692,0.9667,0.0166,0.0166,0.9667,0.0167,0.0167,0.9667,0.0167,0.0167,0.9667,0.0167,0.0167,0.9667,0.0167,0.0167,0.7896,0.1937,0.0167,2.0,1.2597,1.1564,1.2505,1.1149,1.0884,2.0,2.0,1.1886,1.0359,1.0322,1.03,1.0161,1.0141,1.0127,2.0,2.0,1.0149,39.246,0.449,0.051,1.446,328.871,12.608,354.855
59,2026-05-14T17:02:28.251984+00:00,gaming,GND,11.342,21.506,21.506,0.4683,0.5317,20.412,33.534,0.6216,0.3784,0.559,0.5843,0,0.9667,0.0167,0.0167,0.292,0.0915,-0.12081,-0.79448,0,0.9667,0.0167,0.0167,0.126,0.0715,-0.08743,-0.68872,0,0.7896,0.1937,0.0167,0.055,0.0229,-0.14447,-6.90776,0.473,34.007,0.9667,0.0166,0.0166,0.9667,0.0167,0.0167,0.9667,0.0167,0.0167,0.9667,0.0167,0.0167,0.9667,0.0167,0.0167,0.7896,0.1937,0.0167,2.0,1.2597,1.1564,1.2505,1.1149,1.0884,2.0,2.0,1.1886,1.0372,1.0334,1.0311,1.0167,1.0146,1.0132,2.0,2.0,1.0161,21.811,13.122,0.0,12.197,341.993,12.608,367.051
60,2026-05-14T17:02:34.260747+00:00,gaming,GND,32.83,25.001,25.001,0.5154,0.4846,41.564,37.081,0.4715,0.5285,0.542,0.5861,0,0.9667,0.0167,0.0167,0.257,0.0918,-0.12434,-0.83226,0,0.9667,0.0167,0.0167,0.099,0.0714,-0.0901,-0.72014,1,0.7896,0.1937,0.0167,0.106,0.0571,-0.1394,-6.90776,0.462,37.543,0.9667,0.0166,0.0166,0.9667,0.0167,0.0167,0.9667,0.0167,0.0167,0.9667,0.0167,0.0167,0.9667,0.0167,0.0167,0.7896,0.1937,0.0167,2.0,1.2597,1.1564,1.2505,1.1149,1.0884,2.0,2.0,1.1886,1.0385,1.0345,1.0323,1.0174,1.0151,1.0137,2.0,2.0,1.0172,37.56,0.0,0.0,0.0,341.993,12.608,367.051
61,2026-05-14T17:02:40.281325+00:00,gaming,ISL,19.949,30.614,19.949,0.5111,0.4889,28.37,42.743,0.6011,0.3989,0.525,0.5878,0,0.9667,0.0166,0.0166,0.188,0.2367,-0.38118,-6.90776,0,0.9667,0.0167,0.0167,0.151,0.2139,-0.28487,-6.90776,0,0.9667,0.0167,0.0167,0.173,0.1111,-0.58272,-6.90776,0.512,28.882,0.9667,0.0166,0.0166,0.9667,0.0166,0.0166,0.9667,0.0167,0.0167,0.9667,0.0167,0.0167,0.9667,0.0167,0.0167,0.7896,0.1937,0.0167,2.0,1.2719,1.1639,1.3058,1.1196,1.0923,2.0,2.0,1.201,1.0385,1.0345,1.0323,1.0174,1.0151,1.0137,2.0,2.0,1.0172,29.72,0.0,0.0,0.0,341.993,12.608,367.051
62,2026-05-14T17:02:46.304016+00:00,gaming,GND,10.922,23.03,23.03,0.5274,0.4726,19.052,35.205,0.6489,0.3511,0.508,0.5893,0,0.9667,0.0167,0.0167,0.298,0.0932,-0.12018,-0.79111,0,0.9667,0.0167,0.0167,0.245,0.0719,-0.07545,-0.56222,1,0.7896,0.1937,0.0167,0.137,0.0571,-0.13626,-6.90776,0.681,35.886,0.9667,0.0166,0.0166,0.9667,0.0166,0.0166,0.9667,0.0167,0.0167,0.9667,0.0167,0.0167,0.9667,0.0167,0.0167,0.7896,0.1937,0.0167,2.0,1.2719,1.1639,1.3058,1.1196,1.0923,2.0,2.0,1.201,1.0397,1.0357,1.0334,1.0178,1.0156,1.0142,2.0,2.0,1.0184,20.38,16.153,0.202,15.507,358.147,12.81,382.558
63,2026-05-14T17:02:52.306363+00:00,gaming,GND,31.847,24.95,24.95,0.595,0.405,39.706,37.169,0.4835,0.5165,0.491,0.5908,0,0.9667,0.0167,0.0167,0.15,0.0944,-0.13503,-0.95493,2,0.9667,0.0167,0.0167,0.949,0.1723,-0.0051,-0.01275,0,0.7896,0.1937,0.0167,0.066,0.0229,-0.14345,-6.90776,1.164,38.333,0.9667,0.0166,0.0166,0.9667,0.0166,0.0166,0.9667,0.0167,0.0167,0.9667,0.0167,0.0167,0.9667,0.0167,0.0167,0.7896,0.1937,0.0167,2.0,1.2719,1.1639,1.3058,1.1196,1.0923,2.0,2.0,1.201,1.0413,1.0368,1.0345,1.0184,1.0161,1.0142,2.0,2.0,1.0196,37.648,0.0,0.685,0.685,358.147,13.495,383.243
64,2026-05-14T17:02:58.320050+00:00,gaming,ISL,37.871,32.366,37.871,0.5922,0.4078,45.478,44.626,0.4953,0.5047,0.4742,0.5921,0,0.9667,0.0166,0.0166,1.388,0.1936,-0.26124,-6.90776,0,0.9667,0.0166,0.0166,0.234,0.1787,-0.27656,-6.90776,0,0.9667,0.0167,0.0167,0.274,0.1111,-0.57257,-6.90776,1.896,47.374,0.9667,0.0166,0.0166,0.9667,0.0166,0.0166,0.9667,0.0167,0.0167,0.9667,0.0167,0.0167,0.9667,0.0167,0.0167,0.7896,0.1937,0.0167,2.0,1.2852,1.1716,1.3877,1.1245,1.0963,2.0,2.0,1.2135,1.0413,1.0368,1.0345,1.0184,1.0161,1.0142,2.0,2.0,1.0196,45.105,0.852,0.606,2.269,358.999,14.101,385.512
65,2026-05-14T17:03:04.340109+00:00,gaming,ISL,30.087,28.881,30.087,0.5914,0.4086,37.46,41.178,0.5236,0.4764,0.4574,0.5934,0,0.9667,0.0166,0.0166,0.306,0.1817,-0.36938,-6.90776,0,0.9667,0.0166,0.0166,0.18,0.1693,-0.28204,-6.90776,0,0.9667,0.0167,0.0167,0.603,0.1111,-0.53969,-6.90776,1.089,38.549,0.9667,0.0166,0.0166,0.9667,0.0166,0.0166,0.9667,0.0167,0.0167,0.9667,0.0167,0.0167,0.9667,0.0167,0.0167,0.7896,0.1937,0.0167,2.0,1.2992,1.1794,2.0,1.1294,1.1004,2.0,2.0,1.226,1.0413,1.0368,1.0345,1.0184,1.0161,1.0142,2.0,2.0,1.0196,38.734,0.0,0.0,0.0,358.999,14.101,385.512
66,2026-05-14T17:03:10.370371+00:00,gaming,ISL,32.494,25.191,32.494,0.5936,0.4064,39.648,37.522,0.4862,0.5138,0.4409,0.5945,0,0.9667,0.0166,0.0166,0.211,0.1715,-0.37887,-6.90776,0,0.9667,0.0166,0.0166,0.898,0.1615,-0.21019,-6.90776,0,0.9667,0.0167,0.0167,0.433,0.1111,-0.55674,-6.90776,1.542,41.19,0.9667,0.0166,0.0166,0.9667,0.0166,0.0166,0.9667,0.0167,0.0167,0.9667,0.0167,0.0167,0.9667,0.0167,0.0167,0.7896,0.1937,0.0167,2.0,1.314,1.1873,2.0,1.1343,1.1044,2.0,2.0,1.2386,1.0413,1.0368,1.0345,1.0184,1.0161,1.0142,2.0,2.0,1.0196,38.003,2.126,0.28,3.188,361.125,14.381,388.7
67,2026-05-14T17:03:16.384988+00:00,gaming,ISL,24.481,30.496,24.481,0.5913,0.4087,31.432,42.86,0.5769,0.4231,0.4246,0.5956,0,0.9667,0.0166,0.0166,0.464,0.1633,-0.35355,-6.90776,0,0.9667,0.0166,0.0166,0.635,0.1554,-0.23647,-6.90776,0,0.9667,0.0167,0.0167,0.073,0.1111,-0.59266,-6.90776,1.173,32.605,0.9667,0.0166,0.0166,0.9667,0.0166,0.0166,0.9667,0.0167,0.0167,0.9667,0.0167,0.0167,0.9667,0.0167,0.0167,0.7896,0.1937,0.0167,2.0,1.3296,1.1952,2.0,1.1394,1.1085,2.0,2.0,1.2513,1.0413,1.0368,1.0345,1.0184,1.0161,1.0142,2.0,2.0,1.0196,32.684,0.0,0.0,0.0,361.125,14.381,388.7
68,2026-05-14T17:03:22.423432+00:00,gaming,GND,13.937,21.517,21.517,0.6015,0.3985,20.7,33.908,0.6209,0.3791,0.4085,0.5965,0,0.9667,0.0167,0.0167,0.409,0.1041,-0.10911,-0.68825,0,0.9667,0.0167,0.0167,0.089,0.0789,-0.09111,-0.73388,0,0.7896,0.1937,0.0167,0.022,0.0229,-0.14785,-6.90776,0.519,34.427,0.9667,0.0166,0.0166,0.9667,0.0166,0.0166,0.9667,0.0167,0.0167,0.9667,0.0167,0.0167,0.9667,0.0167,0.0167,0.7896,0.1937,0.0167,2.0,1.3296,1.1952,2.0,1.1394,1.1085,2.0,2.0,1.2513,1.0423,1.038,1.0357,1.0191,1.0166,1.0148,2.0,2.0,1.0207,21.946,13.208,0.038,12.482,374.333,14.419,401.182
69,2026-05-14T17:03:28.443683+00:00,gaming,GND,19.008,21.409,21.409,0.6449,0.3551,25.596,33.826,0.5693,0.4307,0.3928,0.5973,0,0.9667,0.0167,0.0167,0.095,0.1068,-0.14054,-1.02712,1,0.9667,0.0167,0.0167,0.384,0.2009,-0.06155,-0.24734,1,0.7896,0.1937,0.0167,0.336,0.0571,-0.11638,-6.90776,0.815,34.641,0.9667,0.0166,0.0166,0.9667,0.0166,0.0166,0.9667,0.0167,0.0167,0.9667,0.0167,0.0167,0.9667,0.0167,0.0167,0.7896,0.1937,0.0167,2.0,1.3296,1.1952,2.0,1.1394,1.1085,2.0,2.0,1.2513,1.0441,1.0391,1.0368,1.0196,1.0171,1.0153,2.0,2.0,1.0219,26.837,8.23,0.334,7.804,382.563,14.753,408.986
70,2026-05-14T17:03:34.487505+00:00,gaming,GND,28.801,25.885,25.885,0.6597,0.3403,35.226,38.324,0.5211,0.4789,0.3775,0.598,0,0.9667,0.0167,0.0167,0.213,0.1097,-0.12869,-0.88826,0,0.9667,0.0167,0.0167,0.145,0.0829,-0.08547,-0.67,0,0.7896,0.1937,0.0167,0.039,0.0229,-0.14608,-6.90776,0.398,38.722,0.9667,0.0166,0.0166,0.9667,0.0166,0.0166,0.9667,0.0167,0.0167,0.9667,0.0167,0.0167,0.9667,0.0167,0.0167,0.7896,0.1937,0.0167,2.0,1.3296,1.1952,2.0,1.1394,1.1085,2.0,2.0,1.2513,1.0455,1.0403,1.038,1.0202,1.0176,1.0158,2.0,2.0,1.023,36.466,3.098,0.0,2.256,385.661,14.753,411.241
71,2026-05-14T17:03:40.503118+00:00,gaming,ISL,12.536,21.951,12.536,0.6618,0.3382,18.81,34.408,0.6465,0.3535,0.3625,0.5986,0,0.9667,0.0166,0.0166,0.276,0.1536,-0.37239,-6.90776,0,0.9667,0.0166,0.0166,0.43,0.1497,-0.25702,-6.90776,0,0.9667,0.0167,0.0167,0.113,0.1111,-0.58871,-6.90776,0.819,19.629,0.9667,0.0166,0.0166,0.9667,0.0166,0.0166,0.9667,0.0167,0.0167,0.9667,0.0167,0.0167,0.9667,0.0167,0.0167,0.7896,0.1937,0.0167,2.0,1.3472,1.2034,2.0,1.1445,1.1126,2.0,2.0,1.2641,1.0455,1.0403,1.038,1.0202,1.0176,1.0158,2.0,2.0,1.023,20.052,0.0,0.0,0.0,385.661,14.753,411.241
72,2026-05-14T17:03:46.522470+00:00,gaming,ISL,22.543,25.703,22.543,0.7244,0.2756,28.678,38.176,0.571,0.429,0.348,0.5991,0,0.9667,0.0166,0.0166,1.171,0.1573,-0.28286,-6.90776,0,0.9667,0.0166,0.0166,0.631,0.153,-0.23685,-6.90776,0,0.9667,0.0167,0.0167,0.213,0.1111,-0.57866,-6.90776,2.016,30.694,0.9667,0.0166,0.0166,0.9667,0.0166,0.0166,0.9667,0.0167,0.0167,0.9667,0.0167,0.0167,0.9667,0.0167,0.0167,0.7896,0.1937,0.0167,2.0,1.3659,1.2116,2.0,1.1498,1.1167,2.0,2.0,1.277,1.0455,1.0403,1.038,1.0202,1.0176,1.0158,2.0,2.0,1.023,29.924,0.0,0.77,0.77,385.661,15.523,412.011
73,2026-05-14T17:03:52.545773+00:00,gaming,ISL,40.362,26.54,40.362,0.7342,0.2658,46.368,39.025,0.457,0.543,0.334,0.5995,0,0.9667,0.0166,0.0166,0.639,0.1633,-0.33606,-6.90776,0,0.9667,0.0166,0.0166,1.339,0.1583,-0.1661,-2.27265,0,0.9667,0.0167,0.0167,0.06,0.1111,-0.59404,-6.90776,2.038,48.406,0.9667,0.0166,0.0166,0.9667,0.0167,0.0167,0.9667,0.0167,0.0167,0.9667,0.0167,0.0167,0.9667,0.0167,0.0167,0.7896,0.1937,0.0167,2.0,1.3862,1.2199,2.0,1.155,1.1208,2.0,2.0,1.29,1.0455,1.0403,1.038,1.0202,1.0176,1.0158,2.0,2.0,1.023,39.509,7.343,0.784,8.898,393.004,16.307,420.909
74,2026-05-14T17:03:58.556466+00:00,gaming,GND,37.799,30.169,30.169,0.7302,0.2698,43.686,42.662,0.4941,0.5059,0.3205,0.5998,1,0.9667,0.0167,0.0167,0.662,0.2239,-0.08381,-0.31089,0,0.9667,0.0167,0.0167,0.159,0.0932,-0.0841,-0.65532,1,0.7896,0.1937,0.0167,0.257,0.0571,-0.12426,-6.90776,1.078,43.74,0.9667,0.0166,0.0166,0.9667,0.0167,0.0167,0.9667,0.0167,0.0167,0.9667,0.0167,0.0167,0.9667,0.0167,0.0167,0.7896,0.1937,0.0167,2.0,1.3862,1.2199,2.0,1.155,1.1208,2.0,2.0,1.29,1.0468,1.041,1.0392,1.0208,1.0181,1.0163,2.0,2.0,1.0242,43.146,0.0,0.594,0.594,393.004,16.901,421.503
75,2026-05-14T17:04:04.564984+00:00,mixed,GND,23.103,33.767,33.767,0.3683,0.6317,28.879,46.266,0.6157,0.3843,0.3075,0.5999,0,0.9667,0.0167,0.0167,0.238,0.2185,-0.12624,-0.86491,0,0.9667,0.0167,0.0167,0.127,0.1676,-0.08729,-0.6917,0,0.9667,0.0166,0.0166,0.146,0.0971,-0.13544,-6.90776,0.51,46.776,0.9667,0.0166,0.0166,0.9667,0.0167,0.0167,0.415,0.1713,0.4137,0.9667,0.0167,0.0167,0.9667,0.0167,0.0167,0.9667,0.0166,0.0166,2.0,1.3862,1.2199,2.0,1.155,1.1208,1.1128,1.0526,1.1126,1.0482,1.0421,1.0402,1.0214,1.0186,1.0167,2.0,1.0133,1.0111,31.687,17.386,0.0,15.089,410.39,16.901,436.591
76,2026-05-14T17:04:10.587572+00:00,mixed,GND,15.747,28.972,28.972,0.3816,0.6184,21.422,41.472,0.6594,0.3406,0.2952,0.6,0,0.9667,0.0167,0.0167,0.163,0.2223,-0.13372,-0.95232,0,0.9667,0.0167,0.0167,0.17,0.1707,-0.083,-0.64433,0,0.9667,0.0166,0.0166,0.124,0.0971,-0.13758,-6.90776,0.457,41.929,0.9667,0.0166,0.0166,0.9667,0.0167,0.0167,0.415,0.1713,0.4137,0.9667,0.0167,0.0167,0.9667,0.0167,0.0167,0.9667,0.0166,0.0166,2.0,1.3862,1.2199,2.0,1.155,1.1208,1.1128,1.0526,1.1126,1.0498,1.0432,1.0412,1.022,1.0191,1.0172,2.0,1.0147,1.0122,24.254,20.05,0.0,17.675,430.44,16.901,454.266
77,2026-05-14T17:04:16.610172+00:00,mixed,ISL,31.718,29.418,31.718,0.4157,0.5843,37.301,41.916,0.5291,0.4709,0.2835,0.5999,0,0.9667,0.0166,0.0166,0.545,0.3594,-0.34553,-6.90776,0,0.9667,0.0167,0.0167,0.407,0.3433,-0.25931,-6.90776,2,0.415,0.1713,0.4137,3.147,0.5333,-0.28535,-0.65259,4.098,41.399,0.9667,0.0166,0.0166,0.9667,0.0166,0.0166,0.4573,0.1531,0.3896,0.9667,0.0167,0.0167,0.9667,0.0167,0.0167,0.9667,0.0166,0.0166,2.0,1.3982,1.2242,2.0,1.1592,1.1232,1.1351,1.0609,1.1198,1.0498,1.0432,1.0412,1.022,1.0191,1.0172,2.0,1.0147,1.0122,40.16,0.0,1.238,1.238,430.44,18.139,455.505
78,2026-05-14T17:04:22.630669+00:00,mixed,GND,19.17,21.925,21.925,0.4173,0.5827,24.668,34.419,0.5825,0.4175,0.2724,0.5998,0,0.9667,0.0167,0.0167,0.478,0.2304,-0.10217,-0.63417,0,0.9667,0.0167,0.0167,0.187,0.1773,-0.08127,-0.62611,0,0.9667,0.0166,0.0166,0.13,0.0971,-0.13699,-6.90776,0.796,35.214,0.9667,0.0166,0.0166,0.9667,0.0166,0.0166,0.4573,0.1531,0.3896,0.9667,0.0167,0.0167,0.9667,0.0167,0.0167,0.9667,0.0166,0.0166,2.0,1.3982,1.2242,2.0,1.1592,1.1232,1.1351,1.0609,1.1198,1.0507,1.0443,1.0422,1.0225,1.0196,1.0176,2.0,1.016,1.0133,27.559,9.751,0.221,7.655,440.191,18.361,463.16
79,2026-05-14T17:04:28.643018+00:00,mixed,ISL,29.946,29.517,29.946,0.4318,0.5682,35.366,42.002,0.5429,0.4571,0.2621,0.5995,0,0.9667,0.0166,0.0166,0.511,0.3891,-0.34894,-6.90776,0,0.9667,0.0166,0.0166,0.553,0.3687,-0.2447,-6.90776,1,0.4573,0.1531,0.3896,2.267,0.6519,-0.37328,-0.67615,3.331,38.697,0.9667,0.0166,0.0166,0.9667,0.0166,0.0166,0.4837,0.1307,0.3856,0.9667,0.0167,0.0167,0.9667,0.0167,0.0167,0.9667,0.0166,0.0166,2.0,1.4105,1.2284,2.0,1.1633,1.1256,1.1587,1.0727,1.1379,1.0507,1.0443,1.0422,1.0225,1.0196,1.0176,2.0,1.016,1.0133,38.292,0.0,0.405,0.405,440.191,18.766,463.565
80,2026-05-14T17:04:34.657585+00:00,mixed,GND,26.052,32.227,32.227,0.4351,0.5649,31.402,44.699,0.5874,0.4126,0.2524,0.5991,0,0.9667,0.0167,0.0167,0.216,0.2387,-0.12841,-0.89421,0,0.9667,0.0167,0.0167,0.295,0.1843,-0.07046,-0.51688,0,0.9667,0.0166,0.0166,0.085,0.0971,-0.14147,-6.90776,0.597,45.296,0.9667,0.0166,0.0166,0.9667,0.0166,0.0166,0.4837,0.1307,0.3856,0.9667,0.0167,0.0167,0.9667,0.0167,0.0167,0.9667,0.0166,0.0166,2.0,1.4105,1.2284,2.0,1.1633,1.1256,1.1587,1.0727,1.1379,1.0521,1.0453,1.0432,1.0229,1.02,1.018,2.0,1.0174,1.0144,34.365,13.297,0.02,10.93,453.488,18.786,474.496
81,2026-05-14T17:04:40.660803+00:00,mixed,ISL,19.131,22.019,19.131,0.4442,0.5558,24.418,34.476,0.5854,0.4146,0.2435,0.5986,0,0.9667,0.0166,0.0166,0.598,0.4204,-0.3402,-6.90776,0,0.9667,0.0166,0.0166,1.154,0.3963,-0.18456,-5.69386,0,0.4837,0.1307,0.3856,1.272,0.5333,-0.47276,-1.87567,3.025,27.443,0.9667,0.0166,0.0166,0.9667,0.0166,0.0166,0.5435,0.1007,0.3557,0.9667,0.0167,0.0167,0.9667,0.0167,0.0167,0.9667,0.0166,0.0166,2.0,1.4229,1.2325,2.0,1.1673,1.128,1.194,1.0811,1.1566,1.0521,1.0453,1.0432,1.0229,1.02,1.018,2.0,1.0174,1.0144,27.421,0.0,0.022,0.022,453.488,18.809,474.518
82,2026-05-14T17:04:46.677203+00:00,mixed,GND,15.895,29.084,29.084,0.4594,0.5406,21.127,41.523,0.6628,0.3372,0.2354,0.598,0,0.9667,0.0167,0.0167,0.277,0.247,-0.12233,-0.82961,2,0.9667,0.0167,0.0167,1.241,0.3365,0.02407,0.05828,0,0.9667,0.0166,0.0166,0.052,0.0971,-0.14479,-6.90776,1.569,43.092,0.9667,0.0166,0.0166,0.9667,0.0166,0.0166,0.5435,0.1007,0.3557,0.9667,0.0167,0.0167,0.9667,0.0167,0.0167,0.9667,0.0166,0.0166,2.0,1.4229,1.2325,2.0,1.1673,1.128,1.194,1.0811,1.1566,1.0534,1.0464,1.0442,1.0235,1.0205,1.0179,2.0,1.0187,1.0155,24.171,20.396,0.991,18.922,473.884,19.8,493.44
83,2026-05-14T17:04:52.705872+00:00,mixed,ISL,31.27,29.748,31.27,0.4954,0.5046,36.452,42.165,0.5363,0.4637,0.2281,0.5973,0,0.9667,0.0166,0.0166,0.535,0.4502,-0.34652,-6.90776,0,0.9667,0.0166,0.0166,0.548,0.4239,-0.24517,-6.90776,2,0.5435,0.1007,0.3557,1.26,0.5333,-0.474,-1.8816,2.343,38.795,0.9667,0.0166,0.0166,0.9667,0.0166,0.0166,0.5459,0.0739,0.3802,0.9667,0.0167,0.0167,0.9667,0.0167,0.0167,0.9667,0.0166,0.0166,2.0,1.4351,1.2365,2.0,1.1713,1.1302,1.222,1.0896,1.1922,1.0534,1.0464,1.0442,1.0235,1.0205,1.0179,2.0,1.0187,1.0155,39.537,0.0,0.0,0.0,473.884,19.8,493.44
84,2026-05-14T17:04:58.729522+00:00,mixed,ISL,29.748,25.788,29.748,0.4978,0.5022,34.886,38.179,0.5225,0.4775,0.2216,0.5965,0,0.9667,0.0166,0.0166,1.515,0.4635,-0.2485,-6.90776,0,0.9667,0.0166,0.0166,0.629,0.437,-0.23708,-6.90776,0,0.5459,0.0739,0.3802,0.982,0.5333,-0.50177,-4.04577,3.127,38.013,0.9667,0.0166,0.0166,0.9667,0.0166,0.0166,0.7344,0.0356,0.2301,0.9667,0.0167,0.0167,0.9667,0.0167,0.0167,0.9667,0.0166,0.0166,2.0,1.4473,1.2404,2.0,1.1753,1.1325,1.3054,1.0982,1.2134,1.0534,1.0464,1.0442,1.0235,1.0205,1.0179,2.0,1.0187,1.0155,38.013,0.0,0.0,0.0,473.884,19.8,493.44
85,2026-05-14T17:05:04.749048+00:00,mixed,ISL,36.365,29.686,36.365,0.4984,0.5016,41.467,42.049,0.5035,0.4965,0.2159,0.5956,0,0.9667,0.0166,0.0166,0.667,0.4755,-0.3333,-6.90776,0,0.9667,0.0166,0.0166,0.381,0.4493,-0.26188,-6.90776,0,0.7344,0.0356,0.2301,1.026,0.5333,-0.49744,-6.90776,2.074,43.54,0.9667,0.0166,0.0166,0.9667,0.0166,0.0166,0.9667,0.0167,0.0167,0.9667,0.0167,0.0167,0.9667,0.0167,0.0167,0.9667,0.0166,0.0166,2.0,1.4594,1.2442,2.0,1.1792,1.1346,1.5607,1.1067,1.2356,1.0534,1.0464,1.0442,1.0235,1.0205,1.0179,2.0,1.0187,1.0155,42.63,0.0,0.0,0.91,473.884,19.8,494.35
86,2026-05-14T17:05:10.770929+00:00,mixed,ISL,15.483,25.238,15.483,0.4972,0.5028,20.553,37.57,0.6464,0.3536,0.2111,0.5945,0,0.9667,0.0166,0.0166,0.573,0.4857,-0.34267,-6.90776,0,0.9667,0.0166,0.0166,1.012,0.4606,-0.1988,-6.90776,0,0.9667,0.0167,0.0167,1.013,0.5333,-0.49867,-6.90776,2.599,23.152,0.9667,0.0166,0.0166,0.9667,0.0166,0.0166,0.9667,0.0166,0.0166,0.9667,0.0167,0.0167,0.9667,0.0167,0.0167,0.9667,0.0166,0.0166,2.0,1.4715,1.2479,2.0,1.1831,1.1368,2.0,1.1153,1.2593,1.0534,1.0464,1.0442,1.0235,1.0205,1.0179,2.0,1.0187,1.0155,23.755,0.0,0.0,0.0,473.884,19.8,494.35
87,2026-05-14T17:05:16.789458+00:00,mixed,GND,24.318,25.544,25.544,0.5327,0.4673,29.363,37.841,0.5631,0.4369,0.2071,0.5934,0,0.9667,0.0167,0.0167,0.646,0.2673,-0.08536,-0.50028,0,0.9667,0.0167,0.0167,0.222,0.2104,-0.07776,-0.5904,0,0.9667,0.0166,0.0166,0.24,0.0971,-0.126,-6.90776,1.109,38.95,0.9667,0.0166,0.0166,0.9667,0.0166,0.0166,0.9667,0.0166,0.0166,0.9667,0.0167,0.0167,0.9667,0.0167,0.0167,0.9667,0.0166,0.0166,2.0,1.4715,1.2479,2.0,1.1831,1.1368,2.0,1.1153,1.2593,1.054,1.0475,1.0452,1.024,1.021,1.0183,2.0,1.0201,1.0166,32.597,8.478,0.525,6.353,482.362,20.325,500.703
88,2026-05-14T17:05:22.810918+00:00,mixed,ISL,25.782,22.345,25.782,0.5397,0.4603,30.807,34.604,0.529,0.471,0.204,0.5921,0,0.9667,0.0166,0.0166,1.196,0.4999,-0.28038,-6.90776,0,0.9667,0.0166,0.0166,0.732,0.4792,-0.22684,-6.90776,0,0.9667,0.0166,0.0166,1.452,0.5333,-0.45484,-6.90776,3.379,34.187,0.9667,0.0166,0.0166,0.9667,0.0166,0.0166,0.9667,0.0166,0.0166,0.9667,0.0167,0.0167,0.9667,0.0167,0.0167,0.9667,0.0166,0.0166,2.0,1.483,1.2514,2.0,1.1868,1.1388,2.0,1.124,1.2844,1.054,1.0475,1.0452,1.024,1.021,1.0183,2.0,1.0201,1.0166,34.067,0.0,0.12,0.12,482.362,20.445,500.823
89,2026-05-14T17:05:28.813656+00:00,mixed,GND,15.343,28.53,28.53,0.5412,0.4588,20.354,40.748,0.6669,0.3331,0.2018,0.5908,0,0.9667,0.0167,0.0167,0.074,0.2747,-0.14257,-1.07474,0,0.9667,0.0167,0.0167,0.279,0.2178,-0.07205,-0.53329,0,0.9667,0.0166,0.0166,0.052,0.0971,-0.1448,-6.90776,0.406,41.154,0.9667,0.0166,0.0166,0.9667,0.0166,0.0166,0.9667,0.0166,0.0166,0.9667,0.0167,0.0167,0.9667,0.0167,0.0167,0.9667,0.0166,0.0166,2.0,1.483,1.2514,2.0,1.1868,1.1388,2.0,1.124,1.2844,1.0559,1.0486,1.0462,1.0244,1.0215,1.0187,2.0,1.0214,1.0177,23.633,20.394,0.0,17.522,502.757,20.445,518.345
90,2026-05-14T17:05:34.825416+00:00,mixed,GND,17.918,29.286,29.286,0.5795,0.4205,22.92,41.461,0.644,0.356,0.2004,0.5893,0,0.9667,0.0167,0.0167,0.364,0.2781,-0.11361,-0.74522,0,0.9667,0.0167,0.0167,0.111,0.2214,-0.0889,-0.71397,0,0.9667,0.0166,0.0166,0.025,0.0971,-0.14747,-6.90776,0.5,41.961,0.9667,0.0166,0.0166,0.9667,0.0166,0.0166,0.9667,0.0166,0.0166,0.9667,0.0167,0.0167,0.9667,0.0167,0.0167,0.9667,0.0166,0.0166,2.0,1.483,1.2514,2.0,1.1868,1.1388,2.0,1.124,1.2844,1.057,1.0497,1.0471,1.025,1.022,1.0191,2.0,1.0228,1.0189,26.21,18.541,0.0,15.751,521.297,20.445,534.096
91,2026-05-14T17:05:40.835149+00:00,mixed,GND,16.274,26.91,26.91,0.6047,0.3953,21.274,39.039,0.6473,0.3527,0.2,0.5878,0,0.9667,0.0167,0.0167,0.122,0.2814,-0.13781,-1.01706,0,0.9667,0.0167,0.0167,0.504,0.2249,-0.04958,-0.33503,0,0.9667,0.0166,0.0166,0.14,0.0971,-0.13599,-6.90776,0.766,39.805,0.9667,0.0166,0.0166,0.9667,0.0166,0.0166,0.9667,0.0166,0.0166,0.9667,0.0167,0.0167,0.9667,0.0167,0.0167,0.9667,0.0166,0.0166,2.0,1.483,1.2514,2.0,1.1868,1.1388,2.0,1.124,1.2844,1.0588,1.0508,1.0481,1.0253,1.0224,1.0195,2.0,1.0242,1.02,24.567,17.765,0.179,15.238,539.063,20.623,549.334
92,2026-05-14T17:05:46.853022+00:00,mixed,GND,9.262,25.995,25.995,0.6348,0.3652,14.265,38.075,0.7275,0.2725,0.2004,0.5861,0,0.9667,0.0167,0.0167,0.274,0.2845,-0.12257,-0.8404,0,0.9667,0.0167,0.0167,0.211,0.2284,-0.07885,-0.60323,0,0.9667,0.0166,0.0166,0.085,0.0971,-0.1415,-6.90776,0.571,38.646,0.9667,0.0166,0.0166,0.9667,0.0166,0.0166,0.9667,0.0166,0.0166,0.9667,0.0167,0.0167,0.9667,0.0167,0.0167,0.9667,0.0166,0.0166,2.0,1.483,1.2514,2.0,1.1868,1.1388,2.0,1.124,1.2844,1.0601,1.0519,1.0491,1.0258,1.0229,1.02,2.0,1.0255,1.0211,17.553,23.81,0.0,21.092,562.873,20.623,570.426
93,2026-05-14T17:05:52.861522+00:00,mixed,ISL,26.604,33.922,26.604,0.7776,0.2224,31.615,45.95,0.5924,0.4076,0.2018,0.5843,0,0.9667,0.0166,0.0166,0.526,0.4939,-0.34736,-6.90776,0,0.9667,0.0166,0.0166,0.477,0.4957,-0.25235,-6.90776,1,0.9667,0.0166,0.0166,2.121,0.6519,-0.38788,-0.77989,3.124,34.739,0.9667,0.0166,0.0166,0.9667,0.0166,0.0166,0.9667,0.0166,0.0166,0.9667,0.0167,0.0167,0.9667,0.0167,0.0167,0.9667,0.0166,0.0166,2.0,1.4924,1.2543,2.0,1.1902,1.1406,2.0,1.1376,1.3116,1.0601,1.0519,1.0491,1.0258,1.0229,1.02,2.0,1.0255,1.0211,34.891,0.0,0.0,0.0,562.873,20.623,570.426
94,2026-05-14T17:05:58.879665+00:00,mixed,ISL,43.063,40.855,43.063,0.784,0.216,48.088,52.83,0.5235,0.4765,0.204,0.5824,0,0.9667,0.0166,0.0166,0.576,0.4857,-0.34235,-6.90776,0,0.9667,0.0166,0.0166,0.787,0.4933,-0.22131,-6.90776,0,0.9667,0.0166,0.0166,2.843,0.5333,-0.31567,-2.93786,4.207,52.295,0.9667,0.0166,0.0166,0.9667,0.0166,0.0166,0.9667,0.0167,0.0167,0.9667,0.0167,0.0167,0.9667,0.0167,0.0167,0.9667,0.0166,0.0166,2.0,1.5014,1.2571,2.0,1.1935,1.1423,2.0,1.1464,1.3411,1.0601,1.0519,1.0491,1.0258,1.0229,1.02,2.0,1.0255,1.0211,51.344,0.0,0.951,0.951,562.873,21.574,571.377
95,2026-05-14T17:06:04.894344+00:00,mixed,GND,18.456,25.696,25.696,0.7845,0.2155,23.501,37.614,0.6155,0.3845,0.2071,0.5805,0,0.9667,0.0167,0.0167,0.333,0.2926,-0.11665,-0.78001,0,0.9667,0.0167,0.0167,0.038,0.2381,-0.09617,-0.80495,0,0.9667,0.0166,0.0166,0.116,0.0971,-0.13839,-6.90776,0.488,38.102,0.9667,0.0166,0.0166,0.9667,0.0166,0.0166,0.9667,0.0167,0.0167,0.9667,0.0167,0.0167,0.9667,0.0167,0.0167,0.9667,0.0166,0.0166,2.0,1.5014,1.2571,2.0,1.1935,1.1423,2.0,1.1464,1.3411,1.0612,1.0529,1.0501,1.0266,1.0234,1.0204,2.0,1.0269,1.0222,26.73,14.113,0.0,11.371,576.985,21.574,582.748
96,2026-05-14T17:06:10.934273+00:00,mixed,GND,24.572,34.979,34.979,0.7984,0.2016,29.642,46.838,0.6124,0.3876,0.2111,0.5784,0,0.9667,0.0167,0.0167,0.184,0.2948,-0.13163,-0.94685,0,0.9667,0.0167,0.0167,0.266,0.2411,-0.0734,-0.54841,0,0.9667,0.0166,0.0166,0.199,0.0971,-0.13007,-6.90776,0.649,47.487,0.9667,0.0166,0.0166,0.9667,0.0166,0.0166,0.9667,0.0167,0.0167,0.9667,0.0167,0.0167,0.9667,0.0167,0.0167,0.9667,0.0166,0.0166,2.0,1.5014,1.2571,2.0,1.1935,1.1423,2.0,1.1464,1.3411,1.0628,1.054,1.051,1.027,1.0239,1.0208,2.0,1.0283,1.0233,32.839,17.196,0.057,14.648,594.181,21.632,597.396
97,2026-05-14T17:06:16.945281+00:00,mixed,GND,17.392,29.511,29.511,0.8064,0.1936,22.493,41.309,0.6475,0.3525,0.2159,0.5762,0,0.9667,0.0167,0.0167,0.237,0.2968,-0.12635,-0.88732,0,0.9667,0.0167,0.0167,0.16,0.2439,-0.08398,-0.66022,0,0.9667,0.0166,0.0166,0.118,0.0971,-0.13819,-6.90776,0.515,41.824,0.9667,0.0166,0.0166,0.9667,0.0166,0.0166,0.9667,0.0167,0.0167,0.9667,0.0167,0.0167,0.9667,0.0167,0.0167,0.9667,0.0166,0.0166,2.0,1.5014,1.2571,2.0,1.1935,1.1423,2.0,1.1464,1.3411,1.0642,1.0551,1.052,1.0276,1.0244,1.0212,2.0,1.0297,1.0244,25.655,18.816,0.0,16.169,612.997,21.632,613.565
98,2026-05-14T17:06:22.952856+00:00,mixed,ISL,30.647,28.75,30.647,0.8235,0.1765,35.785,40.485,0.5308,0.4692,0.2216,0.5739,0,0.9667,0.0166,0.0166,0.397,0.4357,-0.36034,-6.90776,0,0.9667,0.0166,0.0166,0.583,0.4658,-0.24171,-6.90776,0,0.9667,0.0167,0.0167,1.146,0.5333,-0.4854,-6.90776,2.126,37.911,0.9667,0.0166,0.0166,0.9667,0.0166,0.0166,0.9667,0.0166,0.0166,0.9667,0.0167,0.0167,0.9667,0.0167,0.0167,0.9667,0.0166,0.0166,2.0,1.5092,1.2596,2.0,1.1966,1.1439,2.0,1.1552,1.3739,1.0642,1.0551,1.052,1.0276,1.0244,1.0212,2.0,1.0297,1.0244,38.908,0.0,0.0,0.0,612.997,21.632,613.565
99,2026-05-14T17:06:28.968247+00:00,mixed,ISL,26.163,21.896,26.163,0.8245,0.1755,31.345,33.566,0.5171,0.4829,0.2281,0.5716,0,0.9667,0.0166,0.0166,0.387,0.4204,-0.36127,-6.90776,0,0.9667,0.0166,0.0166,0.539,0.4551,-0.24613,-6.90776,0,0.9667,0.0166,0.0166,1.118,0.5333,-0.4882,-6.90776,2.044,33.389,0.9667,0.0166,0.0166,0.9667,0.0166,0.0166,0.9667,0.0166,0.0166,0.9667,0.0167,0.0167,0.9667,0.0167,0.0167,0.9667,0.0166,0.0166,2.0,1.5168,1.2619,2.0,1.1997,1.1454,2.0,1.1641,1.4112,1.0642,1.0551,1.052,1.0276,1.0244,1.0212,2.0,1.0297,1.0244,34.159,0.0,0.0,0.0,612.997,21.632,613.565
100,2026-05-14T17:06:34.990723+00:00,mixed,ISL,21.88,29.698,21.88,0.8243,0.1757,27.112,41.301,0.6037,0.3963,0.2354,0.5691,0,0.9667,0.0166,0.0166,0.462,0.4048,-0.3538,-6.90776,0,0.9667,0.0166,0.0166,1.09,0.4432,-0.19105,-6.90776,0,0.9667,0.0166,0.0166,1.003,0.5333,-0.49965,-6.90776,2.555,29.667,0.9667,0.0166,0.0166,0.9667,0.0166,0.0166,0.9667,0.0166,0.0166,0.9667,0.0167,0.0167,0.9667,0.0167,0.0167,0.9667,0.0166,0.0166,2.0,1.5242,1.2641,2.0,1.2026,1.1468,2.0,1.1731,1.4555,1.0642,1.0551,1.052,1.0276,1.0244,1.0212,2.0,1.0297,1.0244,30.154,0.0,0.0,0.0,612.997,21.632,613.565
101,2026-05-14T17:06:41.003952+00:00,mixed,ISL,29.36,26.189,29.36,0.8325,0.1675,34.648,37.723,0.5212,0.4788,0.2435,0.5665,0,0.9667,0.0166,0.0166,0.524,0.3891,-0.34762,-6.90776,0,0.9667,0.0166,0.0166,0.755,0.4305,-0.22455,-6.90776,0,0.9667,0.0166,0.0166,1.382,0.5333,-0.46184,-6.90776,2.66,37.308,0.9667,0.0166,0.0166,0.9667,0.0166,0.0166,0.9667,0.0166,0.0166,0.9667,0.0167,0.0167,0.9667,0.0167,0.0167,0.9667,0.0166,0.0166,2.0,1.5315,1.2663,2.0,1.2056,1.1482,2.0,1.1821,1.5122,1.0642,1.0551,1.052,1.0276,1.0244,1.0212,2.0,1.0297,1.0244,37.65,0.0,0.0,0.0,612.997,21.632,613.565
102,2026-05-14T17:06:47.026074+00:00,mixed,ISL,16.775,20.96,16.775,0.8328,0.1672,22.126,32.424,0.5944,0.4056,0.2524,0.5638,0,0.9667,0.0166,0.0166,0.779,0.3739,-0.32213,-6.90776,0,0.9667,0.0166,0.0166,1.324,0.4171,-0.16756,-2.35214,0,0.9667,0.0166,0.0166,0.976,0.5333,-0.5024,-6.90776,3.079,25.205,0.9667,0.0166,0.0166,0.9667,0.0167,0.0167,0.9667,0.0166,0.0166,0.9667,0.0167,0.0167,0.9667,0.0167,0.0167,0.9667,0.0166,0.0166,2.0,1.5387,1.2683,2.0,1.2085,1.1496,2.0,1.1912,1.6012,1.0642,1.0551,1.052,1.0276,1.0244,1.0212,2.0,1.0297,1.0244,25.09,0.0,0.115,0.115,612.997,21.746,613.68
103,2026-05-14T17:06:53.038096+00:00,mixed,ISL,18.897,28.971,18.897,0.8446,0.1554,24.318,40.362,0.624,0.376,0.2621,0.5611,0,0.9667,0.0166,0.0166,0.492,0.3594,-0.35082,-6.90776,0,0.9667,0.0167,0.0167,0.657,0.4033,-0.23429,-6.90776,0,0.9667,0.0166,0.0166,1.044,0.5333,-0.49556,-6.90776,2.193,26.511,0.9667,0.0166,0.0166,0.9667,0.0166,0.0166,0.9667,0.0167,0.0167,0.9667,0.0167,0.0167,0.9667,0.0167,0.0167,0.9667,0.0166,0.0166,2.0,1.5459,1.2704,2.0,1.2114,1.1509,2.0,1.2003,2.0,1.0642,1.0551,1.052,1.0276,1.0244,1.0212,2.0,1.0297,1.0244,27.246,0.0,0.0,0.0,612.997,21.746,613.68
104,2026-05-14T17:06:59.063570+00:00,mixed,GND,35.771,29.798,29.798,0.8556,0.1444,41.269,41.116,0.4991,0.5009,0.2724,0.5582,0,0.9667,0.0167,0.0167,0.168,0.3028,-0.13318,-0.97014,0,0.9667,0.0167,0.0167,0.108,0.2586,-0.08924,-0.72128,0,0.9667,0.0166,0.0166,0.13,0.0971,-0.137,-6.90776,0.406,41.522,0.9667,0.0166,0.0166,0.9667,0.0166,0.0166,0.9667,0.0167,0.0167,0.9667,0.0167,0.0167,0.9667,0.0167,0.0167,0.9667,0.0166,0.0166,2.0,1.5459,1.2704,2.0,1.2114,1.1509,2.0,1.2003,2.0,1.0658,1.0562,1.0529,1.0283,1.0248,1.0216,2.0,1.031,1.0256,41.712,0.0,0.0,0.0,612.997,21.746,613.68
105,2026-05-14T17:07:05.081487+00:00,mixed,ISL,34.555,21.51,34.555,0.8548,0.1452,40.138,32.753,0.4493,0.5507,0.2835,0.5553,0,0.9667,0.0166,0.0166,0.896,0.3341,-0.31039,-6.90776,0,0.9667,0.0166,0.0166,1.342,0.3755,-0.16582,-2.25809,0,0.9667,0.0167,0.0167,1.317,0.5333,-0.46826,-6.90776,3.555,43.693,0.9667,0.0166,0.0166,0.9667,0.0167,0.0167,0.9667,0.0167,0.0167,0.9667,0.0167,0.0167,0.9667,0.0167,0.0167,0.9667,0.0166,0.0166,2.0,1.5531,1.2723,2.0,1.2144,1.1522,2.0,1.2095,2.0,1.0658,1.0562,1.0529,1.0283,1.0248,1.0216,2.0,1.031,1.0256,33.349,7.384,0.69,10.344,620.382,22.436,624.024
106,2026-05-14T17:07:11.079435+00:00,mixed,ISL,42.256,36.681,42.256,0.8501,0.1499,47.931,47.848,0.4996,0.5004,0.2952,0.5523,0,0.9667,0.0166,0.0166,0.826,0.3239,-0.31736,-6.90776,0,0.9667,0.0167,0.0167,0.591,0.3621,-0.2409,-6.90776,0,0.9667,0.0167,0.0167,1.264,0.5333,-0.47359,-6.90776,2.682,50.613,0.9667,0.0166,0.0166,0.9667,0.0166,0.0166,0.9667,0.0167,0.0167,0.9667,0.0167,0.0167,0.9667,0.0167,0.0167,0.9667,0.0166,0.0166,2.0,1.5604,1.2742,2.0,1.2173,1.1535,2.0,1.2187,2.0,1.0658,1.0562,1.0529,1.0283,1.0248,1.0216,2.0,1.031,1.0256,48.444,0.083,0.0,2.169,620.465,22.436,626.193
107,2026-05-14T17:07:17.083165+00:00,mixed,GND,21.353,30.382,30.382,0.8496,0.1504,27.129,41.472,0.6045,0.3955,0.3075,0.5491,0,0.9667,0.0167,0.0167,0.382,0.3011,-0.11178,-0.73759,0,0.9667,0.0167,0.0167,0.341,0.2618,-0.06587,-0.4771,0,0.9667,0.0166,0.0166,0.118,0.0971,-0.13822,-6.90776,0.841,42.313,0.9667,0.0166,0.0166,0.9667,0.0166,0.0166,0.9667,0.0167,0.0167,0.9667,0.0167,0.0167,0.9667,0.0167,0.0167,0.9667,0.0166,0.0166,2.0,1.5604,1.2742,2.0,1.2173,1.1535,2.0,1.2187,2.0,1.0668,1.0573,1.0538,1.0286,1.0253,1.022,2.0,1.0324,1.0267,29.945,14.343,0.246,12.368,634.807,22.682,638.561
108,2026-05-14T17:07:23.099263+00:00,mixed,ISL,22.934,31.143,22.934,0.8571,0.1429,28.82,42.154,0.5939,0.4061,0.3205,0.5459,0,0.9667,0.0166,0.0166,0.568,0.3097,-0.34322,-6.90776,0,0.9667,0.0166,0.0166,0.391,0.3375,-0.26095,-6.90776,0,0.9667,0.0167,0.0167,0.972,0.5333,-0.50279,-6.90776,1.93,30.75,0.9667,0.0166,0.0166,0.9667,0.0166,0.0166,0.9667,0.0167,0.0167,0.9667,0.0167,0.0167,0.9667,0.0167,0.0167,0.9667,0.0166,0.0166,2.0,1.568,1.276,2.0,1.2202,1.1548,2.0,1.228,2.0,1.0668,1.0573,1.0538,1.0286,1.0253,1.022,2.0,1.0324,1.0267,31.617,0.0,0.0,0.0,634.807,22.682,638.561
109,2026-05-14T17:07:29.117289+00:00,mixed,GND,21.656,25.072,25.072,0.8629,0.1371,27.662,36.004,0.5655,0.4345,0.334,0.5426,0,0.9667,0.0167,0.0167,0.179,0.2985,-0.13206,-0.96043,0,0.9667,0.0167,0.0167,0.147,0.2627,-0.0853,-0.67663,0,0.9667,0.0166,0.0166,0.068,0.0971,-0.14325,-6.90776,0.394,36.398,0.9667,0.0166,0.0166,0.9667,0.0166,0.0166,0.9667,0.0167,0.0167,0.9667,0.0167,0.0167,0.9667,0.0167,0.0167,0.9667,0.0166,0.0166,2.0,1.568,1.276,2.0,1.2202,1.1548,2.0,1.228,2.0,1.0684,1.0584,1.0548,1.0292,1.0258,1.0224,2.0,1.0338,1.0278,30.444,8.342,0.0,5.953,643.149,22.682,644.515
110,2026-05-14T17:07:35.136150+00:00,mixed,GND,13.579,26.317,26.317,0.8672,0.1328,19.714,37.169,0.6534,0.3466,0.348,0.5392,0,0.9667,0.0167,0.0167,0.17,0.2968,-0.13295,-0.9739,0,0.9667,0.0167,0.0167,0.191,0.2629,-0.08091,-0.6285,0,0.9667,0.0166,0.0166,0.106,0.0971,-0.13939,-6.90776,0.467,37.636,0.9667,0.0166,0.0166,0.9667,0.0166,0.0166,0.9667,0.0167,0.0167,0.9667,0.0167,0.0167,0.9667,0.0167,0.0167,0.9667,0.0166,0.0166,2.0,1.568,1.276,2.0,1.2202,1.1548,2.0,1.228,2.0,1.07,1.0596,1.0557,1.0298,1.0263,1.0228,2.0,1.0352,1.0289,22.486,17.455,0.0,15.151,660.604,22.682,659.665
111,2026-05-14T17:07:41.154273+00:00,mixed,ISL,36.734,31.072,36.734,0.8865,0.1135,43.008,41.842,0.4931,0.5069,0.3625,0.5358,0,0.9667,0.0166,0.0166,1.271,0.306,-0.27294,-6.90776,0,0.9667,0.0166,0.0166,0.295,0.3097,-0.27049,-6.90776,0,0.9667,0.0167,0.0167,1.076,0.5333,-0.49241,-6.90776,2.642,45.65,0.9667,0.0166,0.0166,0.9667,0.0166,0.0166,0.9667,0.0167,0.0167,0.9667,0.0167,0.0167,0.9667,0.0167,0.0167,0.9667,0.0166,0.0166,2.0,1.5766,1.2779,2.0,1.2233,1.1561,2.0,1.2374,2.0,1.07,1.0596,1.0557,1.0298,1.0263,1.0228,2.0,1.0352,1.0289,42.437,1.166,0.0,3.213,661.77,22.682,662.879
112,2026-05-14T17:07:47.168225+00:00,mixed,ISL,18.845,21.878,18.845,0.8857,0.1143,25.27,32.567,0.5631,0.4369,0.3775,0.5322,0,0.9667,0.0166,0.0166,2.546,0.3097,-0.14541,-1.44143,0,0.9667,0.0166,0.0166,0.327,0.3036,-0.26727,-6.90776,0,0.9667,0.0167,0.0167,1.462,0.5333,-0.45377,-6.90776,4.336,29.606,0.9667,0.0167,0.0167,0.9667,0.0166,0.0166,0.9667,0.0167,0.0167,0.9667,0.0167,0.0167,0.9667,0.0167,0.0167,0.9667,0.0166,0.0166,2.0,1.5856,1.2799,2.0,1.2264,1.1574,2.0,1.2468,2.0,1.07,1.0596,1.0557,1.0298,1.0263,1.0228,2.0,1.0352,1.0289,28.034,0.0,1.572,1.572,661.77,24.254,664.45
113,2026-05-14T17:07:53.177592+00:00,mixed,ISL,30.795,28.988,30.795,0.8901,0.1099,37.382,39.595,0.5144,0.4856,0.3928,0.5286,0,0.9667,0.0167,0.0167,1.556,0.3157,-0.2444,-6.90776,0,0.9667,0.0166,0.0166,0.274,0.2993,-0.27259,-6.90776,0,0.9667,0.0167,0.0167,1.024,0.5333,-0.49757,-6.90776,2.854,40.237,0.9667,0.0166,0.0166,0.9667,0.0166,0.0166,0.9667,0.0167,0.0167,0.9667,0.0167,0.0167,0.9667,0.0167,0.0167,0.9667,0.0166,0.0166,2.0,1.5952,1.2818,2.0,1.2296,1.1587,2.0,1.2563,2.0,1.07,1.0596,1.0557,1.0298,1.0263,1.0228,2.0,1.0352,1.0289,40.149,0.0,0.088,0.088,661.77,24.342,664.538
114,2026-05-14T17:07:59.202930+00:00,mixed,ISL,17.965,25.9,17.965,0.8901,0.1099,24.728,36.424,0.5956,0.4044,0.4085,0.5249,0,0.9667,0.0166,0.0166,0.592,0.3239,-0.34079,-6.90776,0,0.9667,0.0166,0.0166,0.405,0.2968,-0.2595,-6.90776,0,0.9667,0.0167,0.0167,1.197,0.5333,-0.4803,-6.90776,2.194,26.922,0.9667,0.0166,0.0166,0.9667,0.0166,0.0166,0.9667,0.0167,0.0167,0.9667,0.0167,0.0167,0.9667,0.0167,0.0167,0.9667,0.0166,0.0166,2.0,1.6055,1.2839,2.0,1.2329,1.16,2.0,1.2658,2.0,1.07,1.0596,1.0557,1.0298,1.0263,1.0228,2.0,1.0352,1.0289,27.501,0.0,0.0,0.0,661.77,24.342,664.538
115,2026-05-14T17:08:05.217167+00:00,mixed,ISL,17.952,21.846,17.952,0.8967,0.1033,24.903,32.287,0.5646,0.4354,0.4246,0.5211,0,0.9667,0.0166,0.0166,0.859,0.3341,-0.31407,-6.90776,0,0.9667,0.0166,0.0166,0.261,0.2964,-0.27393,-6.90776,0,0.9667,0.0167,0.0167,0.957,0.5333,-0.50427,-6.90776,2.077,26.98,0.9667,0.0166,0.0166,0.9667,0.0166,0.0166,0.9667,0.0167,0.0167,0.9667,0.0167,0.0167,0.9667,0.0167,0.0167,0.9667,0.0166,0.0166,2.0,1.6166,1.2859,2.0,1.2363,1.1614,2.0,1.2754,2.0,1.07,1.0596,1.0557,1.0298,1.0263,1.0228,2.0,1.0352,1.0289,27.687,0.0,0.0,0.0,661.77,24.342,664.538
116,2026-05-14T17:08:11.233052+00:00,mixed,ISL,28.614,25.766,28.614,0.9008,0.0992,35.769,36.124,0.5025,0.4975,0.4409,0.5173,0,0.9667,0.0166,0.0166,0.668,0.346,-0.33323,-6.90776,0,0.9667,0.0166,0.0166,0.704,0.2978,-0.22963,-6.90776,0,0.9667,0.0167,0.0167,1.216,0.5333,-0.47841,-6.90776,2.587,38.356,0.9667,0.0166,0.0166,0.9667,0.0166,0.0166,0.9667,0.0167,0.0167,0.9667,0.0167,0.0167,0.9667,0.0167,0.0167,0.9667,0.0166,0.0166,2.0,1.6286,1.2881,2.0,1.2397,1.1628,2.0,1.2851,2.0,1.07,1.0596,1.0557,1.0298,1.0263,1.0228,2.0,1.0352,1.0289,36.715,0.0,0.0,1.641,661.77,24.342,666.179
117,2026-05-14T17:08:17.236353+00:00,mixed,ISL,17.732,25.506,17.732,0.9002,0.0998,25.104,35.78,0.5877,0.4123,0.4574,0.5134,0,0.9667,0.0166,0.0166,0.397,0.3594,-0.36025,-6.90776,0,0.9667,0.0166,0.0166,0.466,0.3012,-0.25339,-6.90776,0,0.9667,0.0167,0.0167,1.316,0.5333,-0.46845,-6.90776,2.179,27.284,0.9667,0.0166,0.0166,0.9667,0.0166,0.0166,0.9667,0.0167,0.0167,0.9667,0.0167,0.0167,0.9667,0.0167,0.0167,0.9667,0.0166,0.0166,2.0,1.6417,1.2904,2.0,1.2433,1.1642,2.0,1.2948,2.0,1.07,1.0596,1.0557,1.0298,1.0263,1.0228,2.0,1.0352,1.0289,27.923,0.0,0.0,0.0,661.77,24.342,666.179
118,2026-05-14T17:08:23.252831+00:00,mixed,ISL,19.023,21.979,19.023,0.9055,0.0945,26.63,32.17,0.5471,0.4529,0.4742,0.5094,0,0.9667,0.0166,0.0166,0.324,0.3739,-0.36755,-6.90776,0,0.9667,0.0166,0.0166,0.387,0.3064,-0.26126,-6.90776,0,0.9667,0.0167,0.0167,0.97,0.5333,-0.50302,-6.90776,1.682,28.312,0.9667,0.0166,0.0166,0.9667,0.0166,0.0166,0.9667,0.0167,0.0167,0.9667,0.0167,0.0167,0.9667,0.0167,0.0167,0.9667,0.0166,0.0166,2.0,1.6561,1.2927,2.0,1.2469,1.1657,2.0,1.3047,2.0,1.07,1.0596,1.0557,1.0298,1.0263,1.0228,2.0,1.0352,1.0289,29.472,0.0,0.0,0.0,661.77,24.342,666.179
119,2026-05-14T17:08:29.270590+00:00,mixed,ISL,15.877,28.911,15.877,0.9077,0.0923,23.736,39.018,0.6218,0.3782,0.491,0.5053,0,0.9667,0.0166,0.0166,0.854,0.3891,-0.31462,-6.90776,0,0.9667,0.0166,0.0166,0.323,0.3134,-0.26773,-6.90776,0,0.9667,0.0167,0.0167,1.071,0.5333,-0.49293,-6.90776,2.247,25.983,0.9667,0.0166,0.0166,0.9667,0.0166,0.0166,0.9667,0.0167,0.0167,0.9667,0.0167,0.0167,0.9667,0.0167,0.0167,0.9667,0.0166,0.0166,2.0,1.6722,1.2951,2.0,1.2506,1.1672,2.0,1.3145,2.0,1.07,1.0596,1.0557,1.0298,1.0263,1.0228,2.0,1.0352,1.0289,26.605,0.0,0.0,0.0,661.77,24.342,666.179
120,2026-05-14T17:08:35.280290+00:00,instagram,GND,16.076,29.362,29.362,0.5,0.5,24.206,39.385,0.6193,0.3807,0.508,0.5011,0,0.9667,0.0167,0.0167,0.136,0.313,-0.1364,-1.02043,0,0.9667,0.0167,0.0167,0.31,0.2871,-0.06897,-0.50728,1,0.3333,0.3333,0.3333,0.161,0.2619,-0.13395,-0.71778,0.607,39.992,0.9667,0.0166,0.0166,0.9667,0.0166,0.0166,0.3333,0.3333,0.3333,0.9667,0.0167,0.0167,0.9667,0.0167,0.0167,0.4724,0.2851,0.2424,2.0,1.6722,1.2951,2.0,1.2506,1.1672,1.0,1.0,1.0,1.0717,1.0606,1.0565,1.0302,1.0268,1.0231,1.0016,1.0014,1.0011,28.483,15.179,0.0,11.509,676.949,24.342,677.688
121,2026-05-14T17:08:41.284214+00:00,instagram,ISL,15.926,29.547,15.926,0.5171,0.4829,24.347,39.486,0.6186,0.3814,0.525,0.4969,0,0.9667,0.0166,0.0166,0.528,0.4966,-0.34721,-6.90776,0,0.9667,0.0166,0.0166,0.593,0.4061,-0.24069,-6.90776,2,0.3333,0.3333,0.3333,2.392,0.6667,-0.36082,-0.79164,3.513,27.86,0.9667,0.0166,0.0166,0.9667,0.0166,0.0166,0.3148,0.3148,0.3705,0.9667,0.0167,0.0167,0.9667,0.0167,0.0167,0.4724,0.2851,0.2424,2.0,1.681,1.2948,2.0,1.2535,1.1674,0.9756,0.9722,1.0105,1.0717,1.0606,1.0565,1.0302,1.0268,1.0231,1.0016,1.0014,1.0011,28.667,0.0,0.0,0.0,676.949,24.342,677.688
122,2026-05-14T17:08:47.308524+00:00,instagram,ISL,42.758,30.05,42.758,0.5338,0.4662,51.492,39.906,0.4366,0.5634,0.542,0.4927,0,0.9667,0.0166,0.0166,0.848,0.5119,-0.31521,-6.90776,0,0.9667,0.0166,0.0166,0.323,0.4174,-0.26767,-6.90776,2,0.3148,0.3148,0.3705,2.142,0.6667,-0.38576,-0.89616,3.314,54.805,0.9667,0.0166,0.0166,0.9667,0.0166,0.0166,0.2931,0.2931,0.4138,0.9667,0.0167,0.0167,0.9667,0.0167,0.0167,0.4724,0.2851,0.2424,2.0,1.6906,1.2946,2.0,1.2566,1.1676,0.9506,0.9437,1.0229,1.0717,1.0606,1.0565,1.0302,1.0268,1.0231,1.0016,1.0014,1.0011,40.579,11.586,0.0,14.226,688.535,24.342,691.914
123,2026-05-14T17:08:53.326675+00:00,instagram,GND,25.447,33.244,33.244,0.5265,0.4735,34.516,43.017,0.5548,0.4452,0.559,0.4883,0,0.9667,0.0167,0.0167,0.413,0.301,-0.10869,-0.71361,0,0.9667,0.0167,0.0167,0.052,0.2796,-0.09478,-0.79227,0,0.4724,0.2851,0.2424,0.215,0.1857,-0.12854,-1.1853,0.68,43.697,0.9667,0.0166,0.0166,0.9667,0.0166,0.0166,0.2931,0.2931,0.4138,0.9667,0.0167,0.0167,0.9667,0.0167,0.0167,0.6158,0.2192,0.165,2.0,1.6906,1.2946,2.0,1.2566,1.1676,0.9506,0.9437,1.0229,1.0728,1.0617,1.0573,1.0309,1.0273,1.0234,1.0032,1.0026,1.0021,38.93,8.5,0.007,4.766,697.035,24.349,696.68
124,2026-05-14T17:08:59.335770+00:00,instagram,ISL,19.57,24.955,19.57,0.53,0.47,29.0,34.644,0.5443,0.4557,0.5758,0.484,0,0.9667,0.0166,0.0166,0.99,0.5397,-0.301,-6.90776,0,0.9667,0.0166,0.0166,1.034,0.4428,-0.19662,-6.90776,2,0.2931,0.2931,0.4138,4.878,0.6667,-0.11222,-0.18932,6.902,35.902,0.9667,0.0166,0.0166,0.9667,0.0166,0.0166,0.2818,0.2818,0.4363,0.9667,0.0167,0.0167,0.9667,0.0167,0.0167,0.6158,0.2192,0.165,2.0,1.7017,1.2947,2.0,1.2598,1.1679,0.9249,0.9143,1.0247,1.0728,1.0617,1.0573,1.0309,1.0273,1.0234,1.0032,1.0026,1.0021,33.463,0.0,2.438,2.438,697.035,26.788,699.118
125,2026-05-14T17:09:05.351713+00:00,instagram,GND,30.033,28.862,28.862,0.5324,0.4676,39.85,38.468,0.4912,0.5088,0.5926,0.4795,0,0.9667,0.0167,0.0167,0.223,0.2928,-0.1277,-0.91671,0,0.9667,0.0167,0.0167,0.18,0.2738,-0.08205,-0.64236,2,0.6158,0.2192,0.165,0.154,0.3265,-0.13458,-0.53379,0.557,39.025,0.9667,0.0166,0.0166,0.9667,0.0166,0.0166,0.2818,0.2818,0.4363,0.9667,0.0167,0.0167,0.9667,0.0167,0.0167,0.7432,0.1522,0.1046,2.0,1.7017,1.2947,2.0,1.2598,1.1679,0.9249,0.9143,1.0247,1.0742,1.0628,1.0581,1.0315,1.0278,1.0237,1.0048,1.0037,1.0036,39.138,0.0,0.0,0.0,697.035,26.788,699.118
126,2026-05-14T17:09:11.352288+00:00,instagram,GND,17.833,25.353,25.353,0.5288,0.4712,28.067,34.877,0.5541,0.4459,0.6091,0.475,0,0.9667,0.0167,0.0167,0.312,0.2886,-0.11882,-0.81881,0,0.9667,0.0167,0.0167,0.087,0.2707,-0.09131,-0.75029,0,0.7432,0.1522,0.1046,0.117,0.1857,-0.13833,-1.38602,0.515,35.393,0.9667,0.0166,0.0166,0.9667,0.0166,0.0166,0.2818,0.2818,0.4363,0.9667,0.0167,0.0167,0.9667,0.0167,0.0167,0.8622,0.0857,0.0521,2.0,1.7017,1.2947,2.0,1.2598,1.1679,0.9249,0.9143,1.0247,1.0754,1.0639,1.059,1.0322,1.0282,1.0241,1.0068,1.0049,1.0047,32.627,6.81,0.0,2.765,703.846,26.788,701.883
127,2026-05-14T17:09:17.376527+00:00,instagram,GND,17.322,21.829,21.829,0.5328,0.4672,28.001,31.271,0.5276,0.4724,0.6254,0.4704,0,0.9667,0.0167,0.0167,0.322,0.2844,-0.11777,-0.80909,0,0.9667,0.0167,0.0167,0.878,0.2675,-0.01223,-0.07334,0,0.8622,0.0857,0.0521,0.338,0.1857,-0.11618,-0.99583,1.538,32.809,0.9667,0.0166,0.0166,0.9667,0.0166,0.0166,0.2818,0.2818,0.4363,0.9667,0.0167,0.0167,0.9667,0.0167,0.0167,0.9053,0.0616,0.0331,2.0,1.7017,1.2947,2.0,1.2598,1.1679,0.9249,0.9143,1.0247,1.0767,1.065,1.0598,1.0322,1.0287,1.0244,1.008,1.006,1.0057,31.939,3.27,0.87,0.87,707.116,27.658,702.754
128,2026-05-14T17:09:23.395116+00:00,instagram,ISL,25.645,33.956,25.645,0.5317,0.4683,36.802,43.316,0.5407,0.4593,0.6415,0.4658,0,0.9667,0.0166,0.0166,1.206,0.5761,-0.27939,-6.90776,0,0.9667,0.0166,0.0166,0.456,0.4979,-0.2544,-6.90776,2,0.2818,0.2818,0.4363,2.184,0.6667,-0.38157,-0.90021,3.846,40.648,0.9667,0.0166,0.0166,0.9667,0.0166,0.0166,0.2588,0.2588,0.4823,0.9667,0.0167,0.0167,0.9667,0.0167,0.0167,0.9053,0.0616,0.0331,2.0,1.7154,1.2953,2.0,1.2634,1.1686,0.8985,0.884,1.037,1.0767,1.065,1.0598,1.0322,1.0287,1.0244,1.008,1.006,1.0057,41.448,0.0,0.0,0.0,707.116,27.658,702.754
129,2026-05-14T17:09:29.416160+00:00,instagram,ISL,9.24,25.665,9.24,0.5333,0.4667,20.909,34.944,0.6256,0.3744,0.6572,0.4612,0,0.9667,0.0166,0.0166,1.336,0.5797,-0.26643,-6.90776,0,0.9667,0.0166,0.0166,0.501,0.511,-0.24989,-6.90776,2,0.2588,0.2588,0.4823,2.097,0.6667,-0.39033,-0.95428,3.934,24.842,0.9667,0.0166,0.0166,0.9667,0.0166,0.0166,0.2342,0.2342,0.5317,0.9667,0.0167,0.0167,0.9667,0.0167,0.0167,0.9053,0.0616,0.0331,2.0,1.73,1.296,2.0,1.267,1.1693,0.8714,0.8526,1.0502,1.0767,1.065,1.0598,1.0322,1.0287,1.0244,1.008,1.006,1.0057,25.589,0.0,0.0,0.0,707.116,27.658,702.754
130,2026-05-14T17:09:35.436642+00:00,instagram,GND,33.192,32.574,32.574,0.5561,0.4439,45.408,41.773,0.4792,0.5208,0.6725,0.4564,0,0.9667,0.0167,0.0167,0.152,0.272,-0.1348,-1.01053,0,0.9667,0.0167,0.0167,0.201,0.2571,-0.0799,-0.62005,1,0.9053,0.0616,0.0331,0.313,0.2619,-0.1187,-0.60969,0.666,42.439,0.9667,0.0166,0.0166,0.9667,0.0166,0.0166,0.2342,0.2342,0.5317,0.9667,0.0167,0.0167,0.9667,0.0167,0.0167,0.9461,0.0365,0.0174,2.0,1.73,1.296,2.0,1.267,1.1693,0.8714,0.8526,1.0502,1.0783,1.0662,1.0607,1.0328,1.0292,1.0247,1.0096,1.0072,1.0068,42.437,0.0,0.002,0.002,707.116,27.659,702.755
131,2026-05-14T17:09:41.453530+00:00,instagram,ISL,19.103,21.974,19.103,0.5521,0.4479,31.903,31.093,0.4936,0.5064,0.6875,0.4517,0,0.9667,0.0166,0.0166,0.921,0.5797,-0.30787,-6.90776,0,0.9667,0.0166,0.0166,0.616,0.5346,-0.2384,-6.90776,2,0.2342,0.2342,0.5317,2.335,0.6667,-0.36647,-0.87628,3.873,35.775,0.9667,0.0166,0.0166,0.9667,0.0166,0.0166,0.2112,0.2112,0.5775,0.9667,0.0167,0.0167,0.9667,0.0167,0.0167,0.9461,0.0365,0.0174,2.0,1.7457,1.297,2.0,1.2707,1.1701,0.8434,0.8201,1.0618,1.0783,1.0662,1.0607,1.0328,1.0292,1.0247,1.0096,1.0072,1.0068,31.756,0.81,0.0,4.019,707.926,27.659,706.774
132,2026-05-14T17:09:47.467347+00:00,instagram,ISL,29.451,26.312,29.451,0.5455,0.4545,42.875,35.351,0.4519,0.5481,0.702,0.4469,0,0.9667,0.0166,0.0166,1.242,0.5761,-0.27584,-6.90776,0,0.9667,0.0166,0.0166,1.175,0.5447,-0.18253,-4.24398,2,0.2112,0.2112,0.5775,4.859,0.6667,-0.1141,-0.20094,7.275,50.15,0.9667,0.0166,0.0166,0.9667,0.0166,0.0166,0.1995,0.1995,0.601,0.9667,0.0167,0.0167,0.9667,0.0167,0.0167,0.9461,0.0365,0.0174,2.0,1.7623,1.2981,2.0,1.2744,1.171,0.8145,0.7863,1.0636,1.0783,1.0662,1.0607,1.0328,1.0292,1.0247,1.0096,1.0072,1.0068,36.014,7.523,2.538,14.136,715.449,30.197,720.91
133,2026-05-14T17:09:53.473810+00:00,instagram,ISL,29.252,21.343,29.252,0.5371,0.4629,43.338,30.305,0.4115,0.5885,0.716,0.442,0,0.9667,0.0166,0.0166,0.735,0.5701,-0.32652,-6.90776,0,0.9667,0.0166,0.0166,0.811,0.5533,-0.21886,-6.90776,2,0.1995,0.1995,0.601,2.647,0.6667,-0.33525,-0.77591,4.194,47.531,0.9667,0.0166,0.0166,0.9667,0.0166,0.0166,0.1794,0.1794,0.6412,0.9667,0.0167,0.0167,0.9667,0.0167,0.0167,0.9461,0.0365,0.0174,2.0,1.7795,1.2993,2.0,1.2782,1.172,0.7846,0.7512,1.0733,1.0783,1.0662,1.0607,1.0328,1.0292,1.0247,1.0096,1.0072,1.0068,30.966,13.033,0.0,16.566,728.482,30.197,737.476
134,2026-05-14T17:09:59.474670+00:00,instagram,ISL,44.1,30.517,44.1,0.5209,0.4791,58.889,39.4,0.4009,0.5991,0.7295,0.4371,0,0.9667,0.0166,0.0166,0.71,0.5619,-0.32901,-6.90776,0,0.9667,0.0166,0.0166,0.596,0.5602,-0.24036,-6.90776,2,0.1794,0.1794,0.6412,2.342,0.6667,-0.36585,-0.90507,3.648,62.536,0.9667,0.0166,0.0166,0.9667,0.0166,0.0166,0.1576,0.1576,0.6848,0.9667,0.0167,0.0167,0.9667,0.0167,0.0167,0.9461,0.0365,0.0174,2.0,1.7974,1.3006,2.0,1.282,1.173,0.7536,0.7143,1.0851,1.0783,1.0662,1.0607,1.0328,1.0292,1.0247,1.0096,1.0072,1.0068,40.061,19.488,0.0,22.476,747.97,30.197,759.952
135,2026-05-14T17:10:05.487613+00:00,mixed,ISL,43.68,38.607,43.68,0.9151,0.0849,59.212,47.413,0.4447,0.5553,0.7425,0.4322,0,0.9667,0.0166,0.0166,0.472,0.4755,-0.35281,-6.90776,0,0.9667,0.0166,0.0166,0.921,0.4914,-0.20791,-6.90776,0,0.9667,0.0167,0.0167,1.577,0.5333,-0.44234,-6.90776,2.969,62.182,0.9667,0.0167,0.0167,0.9667,0.0166,0.0166,0.9667,0.0167,0.0167,0.9667,0.0167,0.0167,0.9667,0.0167,0.0167,0.9667,0.0166,0.0166,2.0,1.8808,1.3048,2.0,1.2867,1.1753,2.0,1.3245,2.0,1.0783,1.0662,1.0607,1.0328,1.0292,1.0247,2.0,1.0352,1.0289,47.987,11.799,0.0,14.195,759.77,30.197,774.147
136,2026-05-14T17:10:11.496893+00:00,mixed,ISL,16.343,21.78,16.343,0.9136,0.0864,32.657,30.51,0.483,0.517,0.7548,0.4273,0,0.9667,0.0167,0.0167,1.295,0.4635,-0.2705,-6.90776,0,0.9667,0.0166,0.0166,0.709,0.4948,-0.22911,-6.90776,0,0.9667,0.0167,0.0167,1.752,0.5333,-0.42484,-6.90776,3.755,36.412,0.9667,0.0167,0.0167,0.9667,0.0166,0.0166,0.9667,0.0167,0.0167,0.9667,0.0167,0.0167,0.9667,0.0167,0.0167,0.9667,0.0166,0.0166,2.0,2.0,1.309,2.0,1.2914,1.1776,2.0,1.3345,2.0,1.0783,1.0662,1.0607,1.0328,1.0292,1.0247,2.0,1.0352,1.0289,31.083,2.147,0.538,5.33,761.917,30.735,779.477
137,2026-05-14T17:10:17.538718+00:00,mixed,ISL,27.359,34.458,27.359,0.9113,0.0887,44.491,43.113,0.4921,0.5079,0.7665,0.4223,0,0.9667,0.0167,0.0167,0.414,0.4502,-0.35859,-6.90776,0,0.9667,0.0166,0.0166,0.758,0.4962,-0.22415,-6.90776,0,0.9667,0.0167,0.0167,1.307,0.5333,-0.46927,-6.90776,2.48,46.971,0.9667,0.0167,0.0167,0.9667,0.0166,0.0166,0.9667,0.0167,0.0167,0.9667,0.0167,0.0167,0.9667,0.0167,0.0167,0.9667,0.0166,0.0166,2.0,2.0,1.3134,2.0,1.2961,1.18,2.0,1.3447,2.0,1.0783,1.0662,1.0607,1.0328,1.0292,1.0247,2.0,1.0352,1.0289,43.685,1.378,0.0,3.286,763.295,30.735,782.763
138,2026-05-14T17:10:23.599637+00:00,mixed,ISL,42.962,40.953,42.962,0.9106,0.0894,60.946,49.532,0.4483,0.5517,0.7776,0.4172,0,0.9667,0.0167,0.0167,0.427,0.4357,-0.3573,-6.90776,0,0.9667,0.0166,0.0166,0.503,0.4957,-0.24973,-6.90776,0,0.9667,0.0167,0.0167,2.441,0.5333,-0.35593,-6.90776,3.37,64.316,0.9667,0.0167,0.0167,0.9667,0.0166,0.0166,0.9667,0.0167,0.0167,0.9667,0.0167,0.0167,0.9667,0.0167,0.0167,0.9667,0.0166,0.0166,2.0,2.0,1.3177,2.0,1.3008,1.1825,2.0,1.3549,2.0,1.0783,1.0662,1.0607,1.0328,1.0292,1.0247,2.0,1.0352,1.0289,50.104,11.413,0.197,14.213,774.708,30.932,796.976
139,2026-05-14T17:10:29.612911+00:00,mixed,GND,16.274,26.309,26.309,0.9093,0.0907,35.135,34.815,0.4977,0.5023,0.7879,0.4122,0,0.9667,0.0167,0.0167,0.16,0.1956,-0.13397,-1.00241,0,0.9667,0.0167,0.0167,0.125,0.1879,-0.08755,-0.70651,0,0.9667,0.0166,0.0166,0.095,0.0971,-0.14045,-6.90776,0.38,35.195,0.9667,0.0167,0.0167,0.9667,0.0166,0.0166,0.9667,0.0167,0.0167,0.9667,0.0167,0.0167,0.9667,0.0167,0.0167,0.9667,0.0166,0.0166,2.0,2.0,1.3177,2.0,1.3008,1.1825,2.0,1.3549,2.0,1.08,1.0673,1.0617,1.0334,1.0297,1.0252,2.0,1.0366,1.03,35.385,0.0,0.0,0.0,774.708,30.932,796.976
140,2026-05-14T17:10:35.622210+00:00,mixed,ISL,21.507,25.662,21.507,0.9083,0.0917,41.267,34.095,0.4524,0.5476,0.7976,0.4071,0,0.9667,0.0167,0.0167,0.362,0.4048,-0.36377,-6.90776,0,0.9667,0.0166,0.0166,1.068,0.489,-0.19319,-6.90776,0,0.9667,0.0167,0.0167,1.281,0.5333,-0.47192,-6.90776,2.711,43.978,0.9667,0.0167,0.0167,0.9667,0.0166,0.0166,0.9667,0.0167,0.0167,0.9667,0.0167,0.0167,0.9667,0.0167,0.0167,0.9667,0.0166,0.0166,2.0,2.0,1.3222,2.0,1.3055,1.185,2.0,1.3651,2.0,1.08,1.0673,1.0617,1.0334,1.0297,1.0252,2.0,1.0366,1.03,34.664,7.172,0.0,9.314,781.881,30.932,806.29
141,2026-05-14T17:10:41.642435+00:00,mixed,ISL,29.655,26.554,29.655,0.9054,0.0946,50.322,34.915,0.4096,0.5904,0.8065,0.402,0,0.9667,0.0167,0.0167,0.865,0.3891,-0.31354,-6.90776,0,0.9667,0.0166,0.0166,0.757,0.4829,-0.22434,-6.90776,0,0.9667,0.0167,0.0167,0.931,0.5333,-0.50685,-6.90776,2.553,52.875,0.9667,0.0167,0.0167,0.9667,0.0166,0.0166,0.9667,0.0167,0.0167,0.9667,0.0167,0.0167,0.9667,0.0167,0.0167,0.9667,0.0166,0.0166,2.0,2.0,1.3268,2.0,1.3102,1.1875,2.0,1.3755,2.0,1.08,1.0673,1.0617,1.0334,1.0297,1.0252,2.0,1.0366,1.03,35.484,15.408,0.0,17.391,797.288,30.932,823.681
142,2026-05-14T17:10:47.642559+00:00,mixed,ISL,8.999,21.516,8.999,0.9015,0.0985,30.571,29.806,0.4937,0.5063,0.8146,0.3968,0,0.9667,0.0167,0.0167,0.934,0.3739,-0.30664,-6.90776,0,0.9667,0.0166,0.0166,1.002,0.4751,-0.19978,-6.90776,0,0.9667,0.0167,0.0167,1.652,0.5333,-0.43482,-6.90776,3.588,34.159,0.9667,0.0167,0.0167,0.9667,0.0166,0.0166,0.9667,0.0167,0.0167,0.9667,0.0167,0.0167,0.9667,0.0167,0.0167,0.9667,0.0166,0.0166,2.0,2.0,1.3313,2.0,1.3148,1.19,2.0,1.3859,2.0,1.08,1.0673,1.0617,1.0334,1.0297,1.0252,2.0,1.0366,1.03,30.374,0.765,0.538,3.785,798.054,31.47,827.466
143,2026-05-14T17:10:53.661354+00:00,mixed,ISL,35.056,31.104,35.056,0.8994,0.1006,57.515,39.323,0.4061,0.5939,0.8219,0.3917,0,0.9667,0.0167,0.0167,0.558,0.3594,-0.34422,-6.90776,0,0.9667,0.0166,0.0166,1.388,0.4658,-0.16117,-2.04281,0,0.9667,0.0167,0.0167,1.757,0.5333,-0.42429,-6.90776,3.703,61.219,0.9667,0.0167,0.0167,0.9667,0.0167,0.0167,0.9667,0.0167,0.0167,0.9667,0.0167,0.0167,0.9667,0.0167,0.0167,0.9667,0.0166,0.0166,2.0,2.0,1.3359,2.0,1.3194,1.1925,2.0,1.3965,2.0,1.08,1.0673,1.0617,1.0334,1.0297,1.0252,2.0,1.0366,1.03,39.891,18.192,0.687,21.328,816.246,32.157,848.793
144,2026-05-14T17:10:59.680435+00:00,mixed,ISL,42.452,35.104,42.452,0.8961,0.1039,65.764,43.254,0.3968,0.6032,0.8284,0.3865,0,0.9667,0.0167,0.0167,0.91,0.346,-0.30905,-6.90776,0,0.9667,0.0167,0.0167,1.083,0.4551,-0.19171,-6.90776,0,0.9667,0.0167,0.0167,1.32,0.5333,-0.46803,-6.90776,3.312,69.076,0.9667,0.0167,0.0167,0.9667,0.0166,0.0166,0.9667,0.0167,0.0167,0.9667,0.0167,0.0167,0.9667,0.0167,0.0167,0.9667,0.0166,0.0166,2.0,2.0,1.3405,2.0,1.324,1.1951,2.0,1.4071,2.0,1.08,1.0673,1.0617,1.0334,1.0297,1.0252,2.0,1.0366,1.03,43.821,22.51,0.328,25.255,838.756,32.485,874.048
145,2026-05-14T17:11:05.693278+00:00,mixed,GND,39.389,29.162,29.162,0.8931,0.1069,63.499,37.244,0.3697,0.6303,0.8341,0.3813,0,0.9667,0.0167,0.0167,0.344,0.1846,-0.11562,-0.79163,0,0.9667,0.0167,0.0167,0.14,0.1676,-0.08599,-0.68897,0,0.9667,0.0166,0.0166,0.195,0.0971,-0.13052,-6.90776,0.679,37.922,0.9667,0.0167,0.0167,0.9667,0.0166,0.0166,0.9667,0.0167,0.0167,0.9667,0.0167,0.0167,0.9667,0.0167,0.0167,0.9667,0.0166,0.0166,2.0,2.0,1.3405,2.0,1.324,1.1951,2.0,1.4071,2.0,1.0812,1.0684,1.0627,1.034,1.0302,1.0256,2.0,1.038,1.0312,37.81,0.0,0.112,0.112,838.756,32.597,874.16
146,2026-05-14T17:11:11.709845+00:00,mixed,ISL,26.798,23.011,26.798,0.8883,0.1117,51.631,31.026,0.3754,0.6246,0.8389,0.3761,0,0.9667,0.0167,0.0167,1.335,0.3239,-0.26653,-6.90776,0,0.9667,0.0166,0.0166,0.426,0.4305,-0.25739,-6.90776,0,0.9667,0.0167,0.0167,1.358,0.5333,-0.46417,-6.90776,3.119,54.75,0.9667,0.0167,0.0167,0.9667,0.0166,0.0166,0.9667,0.0167,0.0167,0.9667,0.0167,0.0167,0.9667,0.0167,0.0167,0.9667,0.0166,0.0166,2.0,2.0,1.3451,2.0,1.3284,1.1977,2.0,1.4178,2.0,1.0812,1.0684,1.0627,1.034,1.0302,1.0256,2.0,1.038,1.0312,31.592,20.606,0.196,23.158,859.362,32.793,897.319
147,2026-05-14T17:11:17.737900+00:00,mixed,ISL,29.364,26.242,29.364,0.8812,0.1188,54.826,34.19,0.3841,0.6159,0.8429,0.3709,0,0.9667,0.0167,0.0167,0.293,0.3157,-0.3707,-6.90776,0,0.9667,0.0166,0.0166,0.402,0.4171,-0.25979,-6.90776,0,0.9667,0.0167,0.0167,0.956,0.5333,-0.5044,-6.90776,1.651,56.477,0.9667,0.0167,0.0167,0.9667,0.0166,0.0166,0.9667,0.0167,0.0167,0.9667,0.0167,0.0167,0.9667,0.0167,0.0167,0.9667,0.0166,0.0166,2.0,2.0,1.3496,2.0,1.3327,1.2003,2.0,1.4286,2.0,1.0812,1.0684,1.0627,1.034,1.0302,1.0256,2.0,1.038,1.0312,34.756,20.636,0.0,21.721,879.997,32.793,919.039
148,2026-05-14T17:11:23.757829+00:00,mixed,ISL,17.719,25.447,17.719,0.8754,0.1246,43.693,33.329,0.4327,0.5673,0.846,0.3657,1,0.9667,0.0167,0.0167,1.316,0.5333,-0.26836,-6.90776,0,0.9667,0.0166,0.0166,0.581,0.4033,-0.24188,-6.90776,0,0.9667,0.0167,0.0167,1.289,0.5333,-0.47113,-6.90776,3.186,46.879,0.9667,0.0167,0.0167,0.9667,0.0166,0.0166,0.9667,0.0167,0.0167,0.9667,0.0167,0.0167,0.9667,0.0167,0.0167,0.9667,0.0166,0.0166,2.0,2.0,1.3541,2.0,1.337,1.2028,2.0,1.4395,2.0,1.0812,1.0684,1.0627,1.034,1.0302,1.0256,2.0,1.038,1.0312,33.895,10.363,0.315,12.984,890.36,33.108,932.023
149,2026-05-14T17:11:29.758951+00:00,mixed,ISL,18.708,22.142,18.708,0.8707,0.1293,45.062,29.961,0.3994,0.6006,0.8482,0.3605,0,0.9667,0.0167,0.0167,0.436,0.306,-0.35635,-6.90776,0,0.9667,0.0166,0.0166,1.303,0.3893,-0.16968,-2.48025,0,0.9667,0.0167,0.0167,0.931,0.5333,-0.50689,-6.90776,2.671,47.733,0.9667,0.0167,0.0167,0.9667,0.0166,0.0166,0.9667,0.0167,0.0167,0.9667,0.0167,0.0167,0.9667,0.0167,0.0167,0.9667,0.0166,0.0166,2.0,2.0,1.3586,2.0,1.3412,1.2054,2.0,1.4505,2.0,1.0812,1.0684,1.0627,1.034,1.0302,1.0256,2.0,1.038,1.0312,30.526,15.101,0.0,17.206,905.462,33.108,949.229
150,2026-05-14T17:11:35.759138+00:00,mixed,ISL,30.637,28.877,30.637,0.8628,0.1372,57.224,36.632,0.3903,0.6097,0.8496,0.3552,0,0.9667,0.0167,0.0167,0.271,0.3048,-0.37292,-6.90776,0,0.9667,0.0166,0.0166,0.298,0.3755,-0.27019,-6.90776,0,0.9667,0.0167,0.0167,1.23,0.5333,-0.47696,-6.90776,1.799,59.024,0.9667,0.0166,0.0166,0.9667,0.0166,0.0166,0.9667,0.0167,0.0167,0.9667,0.0167,0.0167,0.9667,0.0167,0.0167,0.9667,0.0166,0.0166,2.0,2.0,1.3631,2.0,1.3453,1.208,2.0,1.4616,2.0,1.0812,1.0684,1.0627,1.034,1.0302,1.0256,2.0,1.038,1.0312,37.197,20.593,0.0,21.826,926.054,33.108,971.056
151,2026-05-14T17:11:41.774918+00:00,mixed,ISL,16.139,21.163,16.139,0.8573,0.1427,42.805,28.856,0.4027,0.5973,0.85,0.35,0,0.9667,0.0166,0.0166,0.397,0.306,-0.36034,-6.90776,0,0.9667,0.0166,0.0166,1.101,0.3621,-0.18986,-6.90776,0,0.9667,0.0167,0.0167,1.217,0.5333,-0.47834,-6.90776,2.715,45.52,0.9667,0.0166,0.0166,0.9667,0.0166,0.0166,0.9667,0.0167,0.0167,0.9667,0.0167,0.0167,0.9667,0.0167,0.0167,0.9667,0.0166,0.0166,2.0,2.0,1.3674,2.0,1.3493,1.2105,2.0,1.4728,2.0,1.0812,1.0684,1.0627,1.034,1.0302,1.0256,2.0,1.038,1.0312,29.421,13.95,0.0,16.099,940.004,33.108,987.155
152,2026-05-14T17:11:47.785376+00:00,mixed,ISL,23.16,33.26,23.16,0.8481,0.1519,49.748,40.891,0.4511,0.5489,0.8496,0.3448,1,0.9667,0.0166,0.0166,1.965,0.5673,-0.2035,-1.44024,0,0.9667,0.0166,0.0166,0.324,0.3493,-0.26757,-6.90776,0,0.9667,0.0167,0.0167,1.196,0.5333,-0.4804,-6.90776,3.485,53.233,0.9667,0.0166,0.0166,0.9667,0.0166,0.0166,0.9667,0.0167,0.0167,0.9667,0.0167,0.0167,0.9667,0.0167,0.0167,0.9667,0.0166,0.0166,2.0,2.0,1.3717,2.0,1.3533,1.213,2.0,1.4841,2.0,1.0812,1.0684,1.0627,1.034,1.0302,1.0256,2.0,1.038,1.0312,41.456,8.857,0.676,11.777,948.861,33.784,998.932
153,2026-05-14T17:11:53.793731+00:00,mixed,ISL,13.944,27.318,13.944,0.8452,0.1548,40.298,34.889,0.464,0.536,0.8482,0.3395,0,0.9667,0.0166,0.0166,1.512,0.3157,-0.24876,-6.90776,0,0.9667,0.0166,0.0166,1.194,0.3375,-0.18064,-3.70688,0,0.9667,0.0167,0.0167,3.652,0.5333,-0.23482,-1.21893,6.358,46.656,0.9667,0.0166,0.0166,0.9667,0.0166,0.0166,0.3872,0.0167,0.5962,0.9667,0.0167,0.0167,0.9667,0.0167,0.0167,0.9667,0.0166,0.0166,2.0,2.0,1.3759,2.0,1.3572,1.2155,2.0,1.4955,2.0,1.0812,1.0684,1.0627,1.034,1.0302,1.0256,2.0,1.038,1.0312,35.454,5.41,3.554,11.202,954.271,37.338,1010.134
154,2026-05-14T17:11:59.799072+00:00,mixed,ISL,31.816,30.526,31.816,0.8417,0.1583,57.79,38.037,0.3969,0.6031,0.846,0.3343,0,0.9667,0.0166,0.0166,0.291,0.3239,-0.37091,-6.90776,0,0.9667,0.0166,0.0166,0.622,0.3268,-0.23776,-6.90776,0,0.3872,0.0167,0.5962,1.296,0.5333,-0.47042,-6.90776,2.209,59.999,0.9667,0.0166,0.0166,0.9667,0.0166,0.0166,0.3872,0.0167,0.5962,0.9667,0.0167,0.0167,0.9667,0.0167,0.0167,0.9667,0.0166,0.0166,2.0,2.0,1.3801,2.0,1.361,1.218,2.0,1.507,2.0,1.0812,1.0684,1.0627,1.034,1.0302,1.0256,2.0,1.038,1.0312,38.603,19.753,0.0,21.396,974.023,37.338,1031.53
155,2026-05-14T17:12:05.812575+00:00,mixed,ISL,20.386,21.948,20.386,0.8361,0.1639,45.847,29.4,0.3907,0.6093,0.8429,0.3291,0,0.9667,0.0166,0.0166,0.934,0.3341,-0.3066,-6.90776,0,0.9667,0.0166,0.0166,0.581,0.3175,-0.24188,-6.90776,2,0.3872,0.0167,0.5962,2.343,0.5333,-0.36569,-6.90776,3.858,49.705,0.9667,0.0166,0.0166,0.9667,0.0166,0.0166,0.3872,0.0167,0.5962,0.9667,0.0167,0.0167,0.9667,0.0167,0.0167,0.9667,0.0166,0.0166,2.0,2.0,1.3841,2.0,1.3647,1.2204,2.0,1.5187,2.0,1.0812,1.0684,1.0627,1.034,1.0302,1.0256,2.0,1.038,1.0312,29.966,16.447,1.054,19.74,990.47,38.392,1051.27
156,2026-05-14T17:12:11.817252+00:00,mixed,GND,12.305,26.294,26.294,0.8257,0.1743,37.138,33.689,0.4757,0.5243,0.8389,0.3239,0,0.9667,0.0167,0.0167,0.241,0.1909,-0.1259,-0.90709,0,0.9667,0.0167,0.0167,0.204,0.1447,-0.07961,-0.6184,0,0.9667,0.0166,0.0166,0.115,0.0971,-0.13846,-6.90776,0.56,34.249,0.9667,0.0166,0.0166,0.9667,0.0166,0.0166,0.3872,0.0167,0.5962,0.9667,0.0167,0.0167,0.9667,0.0167,0.0167,0.9667,0.0166,0.0166,2.0,2.0,1.3841,2.0,1.3647,1.2204,2.0,1.5187,2.0,1.0826,1.0696,1.0637,1.0345,1.0307,1.026,2.0,1.0394,1.0323,34.254,0.0,0.0,0.0,990.47,38.392,1051.27
157,2026-05-14T17:12:17.829215+00:00,mixed,ISL,37.514,30.507,37.514,0.8223,0.1777,61.624,37.845,0.3805,0.6195,0.8341,0.3187,0,0.9667,0.0166,0.0166,0.471,0.3594,-0.35291,-6.90776,0,0.9667,0.0166,0.0166,0.86,0.3036,-0.21403,-6.90776,0,0.3872,0.0167,0.5962,0.989,0.5333,-0.50107,-6.90776,2.32,63.943,0.9667,0.0166,0.0166,0.9667,0.0166,0.0166,0.3872,0.0167,0.5962,0.9667,0.0167,0.0167,0.9667,0.0167,0.0167,0.9667,0.0166,0.0166,2.0,2.0,1.3879,2.0,1.3682,1.2228,2.0,1.5304,2.0,1.0826,1.0696,1.0637,1.0345,1.0307,1.026,2.0,1.0394,1.0323,38.411,23.778,0.0,25.532,1014.248,38.392,1076.802
158,2026-05-14T17:12:23.843513+00:00,mixed,GND,21.691,23.261,23.261,0.8156,0.1844,45.002,30.544,0.4043,0.5957,0.8284,0.3135,1,0.9667,0.0167,0.0167,0.115,0.2741,-0.1385,-0.60583,0,0.9667,0.0167,0.0167,0.243,0.1433,-0.07575,-0.57811,0,0.9667,0.0166,0.0166,0.17,0.0971,-0.13305,-6.90776,0.527,31.071,0.9667,0.0166,0.0166,0.9667,0.0166,0.0166,0.3872,0.0167,0.5962,0.9667,0.0167,0.0167,0.9667,0.0167,0.0167,0.9667,0.0166,0.0166,2.0,2.0,1.3879,2.0,1.3682,1.2228,2.0,1.5304,2.0,1.084,1.0712,1.0647,1.035,1.0312,1.0265,2.0,1.0408,1.0334,31.11,0.0,0.0,0.0,1014.248,38.392,1076.802
159,2026-05-14T17:12:29.862847+00:00,mixed,ISL,21.235,33.711,21.235,0.8059,0.1941,43.695,40.94,0.4837,0.5163,0.8219,0.3083,0,0.9667,0.0166,0.0166,0.41,0.3891,-0.35903,-6.90776,1,0.9667,0.0166,0.0166,1.208,0.5347,-0.17916,-0.7259,2,0.3872,0.0167,0.5962,1.201,0.5333,-0.4799,-6.90776,2.819,46.514,0.9667,0.0166,0.0166,0.9667,0.0166,0.0166,0.3872,0.0167,0.5962,0.9667,0.0167,0.0167,0.9667,0.0167,0.0167,0.9667,0.0166,0.0166,2.0,2.0,1.3915,2.0,1.3717,1.2251,2.0,1.5423,2.0,1.084,1.0712,1.0647,1.035,1.0312,1.0265,2.0,1.0408,1.0334,41.506,2.755,0.0,5.007,1017.003,38.392,1081.81
160,2026-05-14T17:12:35.863927+00:00,mixed,ISL,38.991,35.384,38.991,0.804,0.196,60.563,42.559,0.4127,0.5873,0.8146,0.3032,0,0.9667,0.0166,0.0166,0.377,0.4048,-0.36233,-6.90776,0,0.9667,0.0166,0.0166,0.249,0.2964,-0.27509,-6.90776,2,0.3872,0.0167,0.5962,1.2,0.5333,-0.48002,-6.90776,1.826,62.389,0.9667,0.0166,0.0166,0.9667,0.0166,0.0166,0.3872,0.0167,0.5962,0.9667,0.0167,0.0167,0.9667,0.0167,0.0167,0.9667,0.0166,0.0166,2.0,2.0,1.395,2.0,1.3751,1.2273,2.0,1.5543,2.0,1.084,1.0712,1.0647,1.035,1.0312,1.0265,2.0,1.0408,1.0334,43.126,18.004,0.0,19.263,1035.007,38.392,1101.073
161,2026-05-14T17:12:41.877894+00:00,mixed,ISL,22.958,30.403,22.958,0.7993,0.2007,43.625,37.526,0.4624,0.5376,0.8065,0.298,2,0.9667,0.0166,0.0166,1.998,0.5983,-0.20025,-0.54541,0,0.9667,0.0166,0.0166,0.443,0.2978,-0.2557,-6.90776,0,0.3872,0.0167,0.5962,1.05,0.5333,-0.49502,-6.90776,3.49,47.116,0.9667,0.0166,0.0166,0.9667,0.0166,0.0166,0.3872,0.0167,0.5962,0.9667,0.0167,0.0167,0.9667,0.0167,0.0167,0.9667,0.0166,0.0166,2.0,2.0,1.3996,2.0,1.3784,1.2295,2.0,1.5665,2.0,1.084,1.0712,1.0647,1.035,1.0312,1.0265,2.0,1.0408,1.0334,38.093,6.1,0.592,9.023,1041.107,38.984,1110.095
162,2026-05-14T17:12:47.883992+00:00,mixed,ISL,17.155,26.274,17.155,0.7955,0.2045,36.915,33.345,0.4746,0.5254,0.7976,0.2929,0,0.9667,0.0166,0.0166,0.487,0.4357,-0.35128,-6.90776,0,0.9667,0.0166,0.0166,0.528,0.3012,-0.24717,-6.90776,0,0.3872,0.0167,0.5962,1.097,0.5333,-0.49028,-6.90776,2.113,39.027,0.9667,0.0166,0.0166,0.9667,0.0166,0.0166,0.3872,0.0167,0.5962,0.9667,0.0167,0.0167,0.9667,0.0167,0.0167,0.9667,0.0166,0.0166,2.0,2.0,1.4028,2.0,1.3817,1.2317,2.0,1.5788,2.0,1.084,1.0712,1.0647,1.035,1.0312,1.0265,2.0,1.0408,1.0334,33.913,3.57,0.0,5.114,1044.677,38.984,1115.21
163,2026-05-14T17:12:53.897590+00:00,mixed,ISL,17.669,24.988,17.669,0.7914,0.2086,36.53,32.009,0.467,0.533,0.7879,0.2878,0,0.9667,0.0166,0.0166,0.495,0.4502,-0.35049,-6.90776,0,0.9667,0.0166,0.0166,0.215,0.3064,-0.27845,-6.90776,2,0.3872,0.0167,0.5962,1.748,0.5333,-0.42517,-6.90776,2.459,38.989,0.9667,0.0166,0.0166,0.9667,0.0166,0.0166,0.3872,0.0167,0.5962,0.9667,0.0167,0.0167,0.9667,0.0167,0.0167,0.9667,0.0166,0.0166,2.0,2.0,1.4059,2.0,1.385,1.2338,2.0,1.5912,2.0,1.084,1.0712,1.0647,1.035,1.0312,1.0265,2.0,1.0408,1.0334,32.577,4.521,0.0,6.412,1049.198,38.984,1121.621
164,2026-05-14T17:12:59.906110+00:00,mixed,ISL,17.623,21.873,17.623,0.786,0.214,35.607,28.844,0.4475,0.5525,0.7776,0.2828,0,0.9667,0.0166,0.0166,0.47,0.4635,-0.35299,-6.90776,0,0.9667,0.0166,0.0166,0.921,0.3134,-0.20791,-6.90776,0,0.3872,0.0167,0.5962,3.44,0.5333,-0.25598,-1.4607,4.831,40.438,0.9667,0.0166,0.0166,0.9667,0.0166,0.0166,0.0167,0.0167,0.9667,0.9667,0.0167,0.0167,0.9667,0.0167,0.0167,0.9667,0.0166,0.0166,2.0,2.0,1.4089,2.0,1.3883,1.2358,2.0,1.6038,2.0,1.084,1.0712,1.0647,1.035,1.0312,1.0265,2.0,1.0408,1.0334,29.413,6.763,1.848,11.025,1055.961,40.833,1132.647
165,2026-05-14T17:13:05.931961+00:00,mixed,GND,21.874,31.281,31.281,0.7768,0.2232,39.006,38.204,0.4948,0.5052,0.7665,0.2777,0,0.9667,0.0167,0.0167,0.151,0.2185,-0.13486,-1.02325,0,0.9667,0.0167,0.0167,0.04,0.1458,-0.09596,-0.8133,0,0.9667,0.0166,0.0166,0.144,0.0971,-0.13556,-6.90776,0.336,38.54,0.9667,0.0166,0.0166,0.9667,0.0166,0.0166,0.0167,0.0167,0.9667,0.9667,0.0167,0.0167,0.9667,0.0167,0.0167,0.9667,0.0166,0.0166,2.0,2.0,1.4089,2.0,1.3883,1.2358,2.0,1.6038,2.0,1.0857,1.0724,1.0657,1.0358,1.0317,1.0269,2.0,1.0422,1.0345,38.774,0.0,0.0,0.0,1055.961,40.833,1132.647
166,2026-05-14T17:13:11.929775+00:00,mixed,ISL,40.137,25.681,40.137,0.7751,0.2249,56.451,32.556,0.3658,0.6342,0.7548,0.2727,2,0.9667,0.0166,0.0166,2.439,0.6265,-0.15611,-0.40142,0,0.9667,0.0166,0.0166,0.989,0.332,-0.20114,-6.90776,2,0.0167,0.0167,0.9667,1.199,0.5333,-0.48011,-6.90776,4.626,61.078,0.9667,0.0166,0.0166,0.9667,0.0166,0.0166,0.0167,0.0167,0.9667,0.9667,0.0167,0.0167,0.9667,0.0167,0.0167,0.9667,0.0166,0.0166,2.0,2.0,1.412,2.0,1.3916,1.2378,2.0,1.6165,2.0,1.0857,1.0724,1.0657,1.0358,1.0317,1.0269,2.0,1.0422,1.0345,33.126,23.896,1.585,27.952,1079.856,42.417,1160.598
167,2026-05-14T17:13:17.951299+00:00,mixed,GND,19.747,30.726,30.726,0.7635,0.2365,35.279,37.555,0.5156,0.4844,0.7425,0.2678,0,0.9667,0.0167,0.0167,0.16,0.2263,-0.13403,-1.01512,0,0.9667,0.0167,0.0167,0.094,0.1486,-0.09059,-0.74614,0,0.9667,0.0166,0.0166,0.183,0.0971,-0.13174,-6.90776,0.436,37.991,0.9667,0.0166,0.0166,0.9667,0.0166,0.0166,0.0167,0.0167,0.9667,0.9667,0.0167,0.0167,0.9667,0.0167,0.0167,0.9667,0.0166,0.0166,2.0,2.0,1.412,2.0,1.3916,1.2378,2.0,1.6165,2.0,1.0874,1.0735,1.0667,1.0365,1.0323,1.0273,2.0,1.0436,1.0357,38.126,2.276,0.0,0.0,1082.132,42.417,1160.598
168,2026-05-14T17:13:23.963491+00:00,mixed,GND,37.294,30.596,30.596,0.7633,0.2367,52.083,37.379,0.4178,0.5822,0.7295,0.2629,0,0.9667,0.0167,0.0167,0.401,0.2304,-0.1099,-0.74094,0,0.9667,0.0167,0.0167,0.142,0.1503,-0.08585,-0.69028,0,0.9667,0.0166,0.0166,0.116,0.0971,-0.13839,-6.90776,0.659,38.038,0.9667,0.0166,0.0166,0.9667,0.0166,0.0166,0.0167,0.0167,0.9667,0.9667,0.0167,0.0167,0.9667,0.0167,0.0167,0.9667,0.0166,0.0166,2.0,2.0,1.412,2.0,1.3916,1.2378,2.0,1.6165,2.0,1.0884,1.0747,1.0677,1.0371,1.0328,1.0278,2.0,1.045,1.0368,37.951,0.0,0.087,0.087,1082.132,42.504,1160.685
169,2026-05-14T17:13:29.984350+00:00,mixed,ISL,29.396,26.321,29.396,0.7565,0.2435,43.482,33.059,0.4319,0.5681,0.716,0.258,0,0.9667,0.0166,0.0166,0.688,0.5035,-0.33116,-6.90776,0,0.9667,0.0166,0.0166,0.441,0.3687,-0.25593,-6.90776,2,0.0167,0.0167,0.9667,2.258,0.5333,-0.37417,-6.90776,3.387,46.87,0.9667,0.0166,0.0166,0.9667,0.0166,0.0166,0.0167,0.0167,0.9667,0.9667,0.0167,0.0167,0.9667,0.0167,0.0167,0.9667,0.0166,0.0166,2.0,2.0,1.4144,2.0,1.3949,1.2395,2.0,1.6294,2.0,1.0884,1.0747,1.0677,1.0371,1.0328,1.0278,2.0,1.045,1.0368,33.631,10.423,0.271,13.238,1092.556,42.776,1173.923
170,2026-05-14T17:13:36.005984+00:00,mixed,ISL,18.087,21.414,18.087,0.7483,0.2517,31.51,28.109,0.4715,0.5285,0.702,0.2531,0,0.9667,0.0166,0.0166,0.578,0.5048,-0.34224,-6.90776,0,0.9667,0.0166,0.0166,0.292,0.3824,-0.2708,-6.90776,2,0.0167,0.0167,0.9667,1.818,0.5333,-0.41822,-6.90776,2.687,34.198,0.9667,0.0167,0.0167,0.9667,0.0166,0.0166,0.0167,0.0167,0.9667,0.9667,0.0167,0.0167,0.9667,0.0167,0.0167,0.9667,0.0166,0.0166,2.0,2.0,1.4167,2.0,1.3984,1.2412,2.0,1.6424,2.0,1.0884,1.0747,1.0677,1.0371,1.0328,1.0278,2.0,1.045,1.0368,28.682,3.401,0.0,5.515,1095.957,42.776,1179.438
171,2026-05-14T17:13:42.014175+00:00,mixed,ISL,16.2,28.951,16.2,0.7398,0.2602,29.0,35.603,0.5511,0.4489,0.6875,0.2483,0,0.9667,0.0167,0.0167,1.015,0.5035,-0.2985,-6.90776,0,0.9667,0.0166,0.0166,0.494,0.3963,-0.25056,-6.90776,2,0.0167,0.0167,0.9667,2.186,0.5333,-0.38142,-6.90776,3.695,32.695,0.9667,0.0167,0.0167,0.9667,0.0166,0.0166,0.0167,0.0167,0.9667,0.9667,0.0167,0.0167,0.9667,0.0167,0.0167,0.9667,0.0166,0.0166,2.0,2.0,1.419,2.0,1.4019,1.2429,2.0,1.6556,2.0,1.0884,1.0747,1.0677,1.0371,1.0328,1.0278,2.0,1.045,1.0368,32.149,0.0,0.547,0.547,1095.957,43.322,1179.985
172,2026-05-14T17:13:48.045477+00:00,mixed,ISL,17.412,29.148,17.412,0.7441,0.2559,29.628,35.758,0.5469,0.4531,0.6725,0.2436,0,0.9667,0.0167,0.0167,1.222,0.4999,-0.27776,-6.90776,0,0.9667,0.0166,0.0166,0.673,0.4102,-0.2327,-6.90776,2,0.0167,0.0167,0.9667,1.264,0.5333,-0.4736,-6.90776,3.159,32.787,0.9667,0.0167,0.0167,0.9667,0.0166,0.0166,0.0167,0.0167,0.9667,0.9667,0.0167,0.0167,0.9667,0.0167,0.0167,0.9667,0.0166,0.0166,2.0,2.0,1.4211,2.0,1.4055,1.2445,2.0,1.669,2.0,1.0884,1.0747,1.0677,1.0371,1.0328,1.0278,2.0,1.045,1.0368,32.786,0.0,0.001,0.001,1095.957,43.323,1179.986
173,2026-05-14T17:13:54.055369+00:00,mixed,ISL,29.918,27.621,29.918,0.7476,0.2524,41.586,34.19,0.4512,0.5488,0.6572,0.2388,1,0.9667,0.0167,0.0167,0.947,0.5141,-0.30534,-6.90776,0,0.9667,0.0166,0.0166,0.411,0.4239,-0.25892,-6.90776,2,0.0167,0.0167,0.9667,1.649,0.5333,-0.43511,-6.90776,3.006,44.592,0.9667,0.0167,0.0167,0.9667,0.0166,0.0166,0.0167,0.0167,0.9667,0.9667,0.0167,0.0167,0.9667,0.0167,0.0167,0.9667,0.0166,0.0166,2.0,2.0,1.4232,2.0,1.4091,1.2461,2.0,1.6826,2.0,1.0884,1.0747,1.0677,1.0371,1.0328,1.0278,2.0,1.045,1.0368,34.766,7.396,0.0,9.826,1103.353,43.323,1189.812
174,2026-05-14T17:14:00.082281+00:00,mixed,ISL,18.1,21.616,18.1,0.7412,0.2588,29.257,28.145,0.4903,0.5097,0.6415,0.2342,0,0.9667,0.0167,0.0167,0.763,0.4857,-0.32372,-6.90776,0,0.9667,0.0166,0.0166,0.725,0.437,-0.22753,-6.90776,2,0.0167,0.0167,0.9667,1.871,0.5333,-0.41288,-6.90776,3.359,32.615,0.9667,0.0167,0.0167,0.9667,0.0166,0.0166,0.0167,0.0167,0.9667,0.9667,0.0167,0.0167,0.9667,0.0167,0.0167,0.9667,0.0166,0.0166,2.0,2.0,1.4252,2.0,1.4129,1.2476,2.0,1.6964,2.0,1.0884,1.0747,1.0677,1.0371,1.0328,1.0278,2.0,1.045,1.0368,28.722,1.111,0.192,3.893,1104.464,43.515,1193.705
175,2026-05-14T17:14:06.098138+00:00,mixed,ISL,28.795,25.72,28.795,0.7352,0.2648,39.474,32.209,0.4493,0.5507,0.6254,0.2296,0,0.9667,0.0167,0.0167,0.837,0.4755,-0.3163,-6.90776,0,0.9667,0.0166,0.0166,0.543,0.4493,-0.24566,-6.90776,2,0.0167,0.0167,0.9667,1.599,0.5333,-0.44009,-6.90776,2.98,42.453,0.9667,0.0167,0.0167,0.9667,0.0166,0.0166,0.0167,0.0167,0.9667,0.9667,0.0167,0.0167,0.9667,0.0167,0.0167,0.9667,0.0166,0.0166,2.0,2.0,1.4272,2.0,1.4168,1.2491,2.0,1.7103,2.0,1.0884,1.0747,1.0677,1.0371,1.0328,1.0278,2.0,1.045,1.0368,32.787,7.265,0.0,9.666,1111.729,43.515,1203.371
176,2026-05-14T17:14:12.129722+00:00,mixed,ISL,15.05,25.653,15.05,0.7273,0.2727,25.283,32.105,0.5594,0.4406,0.6091,0.225,0,0.9667,0.0167,0.0167,1.313,0.4635,-0.26873,-6.90776,0,0.9667,0.0166,0.0166,0.486,0.4606,-0.25137,-6.90776,2,0.0167,0.0167,0.9667,1.212,0.5333,-0.47881,-6.90776,3.011,28.294,0.9667,0.0167,0.0167,0.9667,0.0166,0.0166,0.0167,0.0167,0.9667,0.9667,0.0167,0.0167,0.9667,0.0167,0.0167,0.9667,0.0166,0.0166,2.0,2.0,1.4292,2.0,1.4208,1.2505,2.0,1.7245,2.0,1.0884,1.0747,1.0677,1.0371,1.0328,1.0278,2.0,1.045,1.0368,28.444,0.0,0.0,0.0,1111.729,43.515,1203.371
177,2026-05-14T17:14:18.136051+00:00,mixed,ISL,22.356,26.718,22.356,0.7343,0.2657,32.174,33.133,0.5073,0.4927,0.5926,0.2205,0,0.9667,0.0167,0.0167,0.94,0.4502,-0.30599,-6.90776,0,0.9667,0.0166,0.0166,0.684,0.4706,-0.23164,-6.90776,2,0.0167,0.0167,0.9667,4.684,0.5333,-0.13158,-0.50211,6.308,38.482,0.9667,0.0167,0.0167,0.9667,0.0166,0.0166,0.6552,0.0167,0.3282,0.9667,0.0167,0.0167,0.9667,0.0167,0.0167,0.9667,0.0166,0.0166,2.0,2.0,1.4311,2.0,1.4249,1.2519,2.0,1.7389,2.0,1.0884,1.0747,1.0677,1.0371,1.0328,1.0278,2.0,1.045,1.0368,33.713,0.0,3.154,4.77,1111.729,46.669,1208.14
178,2026-05-14T17:14:24.145908+00:00,mixed,ISL,13.351,26.317,13.351,0.7327,0.2673,22.782,32.695,0.5893,0.4107,0.5758,0.216,0,0.9667,0.0167,0.0167,0.793,0.4357,-0.32075,-6.90776,0,0.9667,0.0166,0.0166,0.599,0.4792,-0.24014,-6.90776,2,0.6552,0.0167,0.3282,1.593,0.5333,-0.44068,-6.90776,2.984,25.766,0.9667,0.0167,0.0167,0.9667,0.0166,0.0166,0.6552,0.0167,0.3282,0.9667,0.0167,0.0167,0.9667,0.0167,0.0167,0.9667,0.0166,0.0166,2.0,2.0,1.433,2.0,1.4291,1.2533,2.0,1.7535,2.0,1.0884,1.0747,1.0677,1.0371,1.0328,1.0278,2.0,1.045,1.0368,25.926,0.0,0.0,0.0,1111.729,46.669,1208.14
179,2026-05-14T17:14:30.156882+00:00,mixed,ISL,42.359,28.911,42.359,0.7468,0.2532,51.429,35.253,0.4067,0.5933,0.559,0.2117,0,0.9667,0.0167,0.0167,1.731,0.4204,-0.22688,-6.90776,0,0.9667,0.0166,0.0166,0.917,0.4862,-0.20829,-6.90776,2,0.6552,0.0167,0.3282,1.754,0.5333,-0.42465,-6.90776,4.402,55.831,0.9667,0.0167,0.0167,0.9667,0.0166,0.0166,0.6552,0.0167,0.3282,0.9667,0.0167,0.0167,0.9667,0.0167,0.0167,0.9667,0.0166,0.0166,2.0,2.0,1.435,2.0,1.4335,1.2547,2.0,1.7684,2.0,1.0884,1.0747,1.0677,1.0371,1.0328,1.0278,2.0,1.045,1.0368,35.835,16.176,1.269,19.996,1127.905,47.938,1228.136
180,2026-05-14T17:14:36.174031+00:00,mixed,ISL,38.074,33.517,38.074,0.7382,0.2618,46.808,39.824,0.4597,0.5403,0.542,0.2073,0,0.9667,0.0167,0.0167,0.418,0.4048,-0.35817,-6.90776,0,0.9667,0.0166,0.0166,2.108,0.4914,-0.08923,-0.65748,0,0.6552,0.0167,0.3282,1.285,0.5333,-0.47151,-6.90776,3.811,50.619,0.9667,0.0167,0.0167,0.9667,0.0167,0.0167,0.6552,0.0167,0.3282,0.9667,0.0167,0.0167,0.9667,0.0167,0.0167,0.9667,0.0166,0.0166,2.0,2.0,1.4369,2.0,1.438,1.256,2.0,1.7835,2.0,1.0884,1.0747,1.0677,1.0371,1.0328,1.0278,2.0,1.045,1.0368,40.407,6.984,0.692,10.212,1134.888,48.63,1238.348
181,2026-05-14T17:14:42.190089+00:00,mixed,GND,11.873,25.415,25.415,0.734,0.266,20.294,31.689,0.6096,0.3904,0.525,0.2031,0,0.9667,0.0167,0.0167,0.238,0.2814,-0.12616,-0.92021,0,0.9667,0.0167,0.0167,0.22,0.1879,-0.07799,-0.60359,0,0.9667,0.0166,0.0166,0.144,0.0971,-0.13562,-6.90776,0.602,32.291,0.9667,0.0167,0.0167,0.9667,0.0167,0.0167,0.6552,0.0167,0.3282,0.9667,0.0167,0.0167,0.9667,0.0167,0.0167,0.9667,0.0166,0.0166,2.0,2.0,1.4369,2.0,1.438,1.256,2.0,1.7835,2.0,1.0899,1.0758,1.0686,1.0376,1.0333,1.0282,2.0,1.0464,1.0379,23.397,11.395,0.019,8.894,1146.283,48.648,1247.242
182,2026-05-14T17:14:48.210076+00:00,mixed,GND,36.799,29.053,29.053,0.7572,0.2428,44.929,35.294,0.4399,0.5601,0.508,0.1989,0,0.9667,0.0167,0.0167,0.273,0.2845,-0.12271,-0.88155,0,0.9667,0.0167,0.0167,0.219,0.1916,-0.07808,-0.60491,0,0.9667,0.0166,0.0166,0.138,0.0971,-0.13624,-6.90776,0.63,35.924,0.9667,0.0167,0.0167,0.9667,0.0167,0.0167,0.6552,0.0167,0.3282,0.9667,0.0167,0.0167,0.9667,0.0167,0.0167,0.9667,0.0166,0.0166,2.0,2.0,1.4369,2.0,1.438,1.256,2.0,1.7835,2.0,1.0912,1.0769,1.0696,1.0381,1.0337,1.0286,2.0,1.0478,1.039,35.879,0.0,0.045,0.045,1146.283,48.693,1247.287
183,2026-05-14T17:14:54.220456+00:00,mixed,ISL,32.998,22.769,32.998,0.7507,0.2493,40.857,28.978,0.415,0.585,0.491,0.1947,0,0.9667,0.0167,0.0167,0.681,0.3594,-0.33186,-6.90776,0,0.9667,0.0167,0.0167,0.654,0.4957,-0.23463,-6.90776,2,0.6552,0.0167,0.3282,1.934,0.5333,-0.40658,-6.90776,3.269,44.126,0.9667,0.0167,0.0167,0.9667,0.0166,0.0166,0.6552,0.0167,0.3282,0.9667,0.0167,0.0167,0.9667,0.0167,0.0167,0.9667,0.0166,0.0166,2.0,2.0,1.439,2.0,1.4428,1.2573,2.0,1.7988,2.0,1.0912,1.0769,1.0696,1.0381,1.0337,1.0286,2.0,1.0478,1.039,29.564,11.878,0.203,14.562,1158.162,48.896,1261.849
184,2026-05-14T17:15:00.241977+00:00,mixed,ISL,35.974,29.817,35.974,0.7377,0.2623,43.581,35.995,0.4523,0.5477,0.4742,0.1906,0,0.9667,0.0167,0.0167,0.752,0.346,-0.3248,-6.90776,0,0.9667,0.0166,0.0166,0.95,0.4933,-0.20502,-6.90776,0,0.6552,0.0167,0.3282,0.974,0.5333,-0.50264,-6.90776,2.675,46.257,0.9667,0.0167,0.0167,0.9667,0.0166,0.0166,0.6552,0.0167,0.3282,0.9667,0.0167,0.0167,0.9667,0.0167,0.0167,0.9667,0.0166,0.0166,2.0,2.0,1.4411,2.0,1.4478,1.2586,2.0,1.8145,2.0,1.0912,1.0769,1.0696,1.0381,1.0337,1.0286,2.0,1.0478,1.039,36.581,7.586,0.0,9.675,1165.748,48.896,1271.525
185,2026-05-14T17:15:06.256669+00:00,mixed,ISL,17.879,21.425,17.879,0.7319,0.2681,25.251,27.573,0.522,0.478,0.4574,0.1866,0,0.9667,0.0167,0.0167,0.32,0.3341,-0.36801,-6.90776,0,0.9667,0.0166,0.0166,1.079,0.489,-0.19208,-6.90776,0,0.6552,0.0167,0.3282,1.365,0.5333,-0.46347,-6.90776,2.764,28.015,0.9667,0.0167,0.0167,0.9667,0.0166,0.0166,0.6552,0.0167,0.3282,0.9667,0.0167,0.0167,0.9667,0.0167,0.0167,0.9667,0.0166,0.0166,2.0,2.0,1.4432,2.0,1.4529,1.2599,2.0,1.8304,2.0,1.0912,1.0769,1.0696,1.0381,1.0337,1.0286,2.0,1.0478,1.039,28.16,0.0,0.0,0.0,1165.748,48.896,1271.525
186,2026-05-14T17:15:12.258073+00:00,mixed,GND,19.021,29.846,29.846,0.7317,0.2683,26.175,35.964,0.5788,0.4212,0.4409,0.1827,0,0.9667,0.0167,0.0167,0.317,0.2948,-0.11826,-0.83299,0,0.9667,0.0167,0.0167,0.098,0.2066,-0.09021,-0.7439,0,0.9667,0.0166,0.0166,0.086,0.0971,-0.14144,-6.90776,0.501,36.465,0.9667,0.0167,0.0167,0.9667,0.0166,0.0166,0.6552,0.0167,0.3282,0.9667,0.0167,0.0167,0.9667,0.0167,0.0167,0.9667,0.0166,0.0166,2.0,2.0,1.4432,2.0,1.4529,1.2599,2.0,1.8304,2.0,1.0925,1.078,1.0705,1.0388,1.0342,1.029,2.0,1.0492,1.0402,29.178,9.789,0.0,7.287,1175.537,48.896,1278.811
187,2026-05-14T17:15:18.274897+00:00,mixed,ISL,29.672,26.558,29.672,0.7411,0.2589,36.623,32.647,0.4713,0.5287,0.4246,0.1789,0,0.9667,0.0167,0.0167,0.624,0.3157,-0.33764,-6.90776,0,0.9667,0.0166,0.0166,0.618,0.4751,-0.23822,-6.90776,0,0.6552,0.0167,0.3282,1.14,0.5333,-0.486,-6.90776,2.381,39.004,0.9667,0.0167,0.0167,0.9667,0.0166,0.0166,0.6552,0.0167,0.3282,0.9667,0.0167,0.0167,0.9667,0.0167,0.0167,0.9667,0.0166,0.0166,2.0,2.0,1.4456,2.0,1.4583,1.2612,2.0,1.8467,2.0,1.0925,1.078,1.0705,1.0388,1.0342,1.029,2.0,1.0492,1.0402,33.236,3.976,0.0,5.769,1179.513,48.896,1284.58
188,2026-05-14T17:15:24.290753+00:00,mixed,GND,11.682,21.246,21.246,0.7356,0.2644,18.445,27.307,0.5969,0.4031,0.4085,0.1751,0,0.9667,0.0167,0.0167,0.251,0.2985,-0.12485,-0.91011,0,0.9667,0.0167,0.0167,0.18,0.2141,-0.08202,-0.64888,0,0.9667,0.0166,0.0166,0.021,0.0971,-0.14788,-6.90776,0.452,27.759,0.9667,0.0167,0.0167,0.9667,0.0166,0.0166,0.6552,0.0167,0.3282,0.9667,0.0167,0.0167,0.9667,0.0167,0.0167,0.9667,0.0166,0.0166,2.0,2.0,1.4456,2.0,1.4583,1.2612,2.0,1.8467,2.0,1.0939,1.0791,1.0714,1.0393,1.0347,1.0294,2.0,1.0507,1.0413,21.404,8.862,0.0,6.355,1188.375,48.896,1290.935
189,2026-05-14T17:15:30.301847+00:00,mixed,ISL,15.922,25.838,15.922,0.765,0.235,22.51,31.872,0.5861,0.4139,0.3928,0.1714,0,0.9667,0.0167,0.0167,0.569,0.306,-0.34312,-6.90776,0,0.9667,0.0166,0.0166,0.389,0.4551,-0.26112,-6.90776,2,0.6552,0.0167,0.3282,1.21,0.5333,-0.47895,-6.90776,2.168,24.678,0.9667,0.0167,0.0167,0.9667,0.0166,0.0166,0.6552,0.0167,0.3282,0.9667,0.0167,0.0167,0.9667,0.0167,0.0167,0.9667,0.0166,0.0166,2.0,2.0,1.4481,2.0,1.4638,1.2625,2.0,1.8633,2.0,1.0939,1.0791,1.0714,1.0393,1.0347,1.0294,2.0,1.0507,1.0413,25.449,0.0,0.0,0.0,1188.375,48.896,1290.935
190,2026-05-14T17:15:36.318976+00:00,mixed,ISL,22.347,25.541,22.347,0.7785,0.2215,28.772,31.549,0.523,0.477,0.3775,0.1678,0,0.9667,0.0167,0.0167,2.097,0.3048,-0.19026,-6.77728,2,0.9667,0.0166,0.0166,1.56,0.6061,-0.14402,-0.35754,0,0.6552,0.0167,0.3282,1.048,0.5333,-0.49524,-6.90776,4.705,33.477,0.9667,0.0167,0.0167,0.9667,0.0166,0.0166,0.6552,0.0167,0.3282,0.9667,0.0167,0.0167,0.9667,0.0167,0.0167,0.9667,0.0166,0.0166,2.0,2.0,1.4508,2.0,1.4694,1.265,2.0,1.8802,2.0,1.0939,1.0791,1.0714,1.0393,1.0347,1.0294,2.0,1.0507,1.0413,31.692,0.0,1.784,1.784,1188.375,50.68,1292.719
191,2026-05-14T17:15:42.337071+00:00,mixed,ISL,29.88,26.69,29.88,0.7791,0.2209,36.154,32.673,0.4747,0.5253,0.3625,0.1642,0,0.9667,0.0167,0.0167,0.434,0.306,-0.35662,-6.90776,0,0.9667,0.0166,0.0166,0.785,0.4305,-0.22154,-6.90776,0,0.6552,0.0167,0.3282,1.33,0.5333,-0.46697,-6.90776,2.549,38.703,0.9667,0.0167,0.0167,0.9667,0.0166,0.0166,0.6552,0.0167,0.3282,0.9667,0.0167,0.0167,0.9667,0.0167,0.0167,0.9667,0.0166,0.0166,2.0,2.0,1.4535,2.0,1.4752,1.2665,2.0,1.8975,2.0,1.0939,1.0791,1.0714,1.0393,1.0347,1.0294,2.0,1.0507,1.0413,33.264,3.482,0.0,5.439,1191.857,50.68,1298.158
192,2026-05-14T17:15:48.347529+00:00,mixed,ISL,22.327,25.259,22.327,0.7745,0.2255,28.462,31.216,0.5231,0.4769,0.348,0.1608,0,0.9667,0.0167,0.0167,0.361,0.3097,-0.36385,-6.90776,0,0.9667,0.0166,0.0166,0.812,0.4171,-0.21878,-6.90776,0,0.6552,0.0167,0.3282,1.182,0.5333,-0.48185,-6.90776,2.355,30.817,0.9667,0.0167,0.0167,0.9667,0.0166,0.0166,0.6552,0.0167,0.3282,0.9667,0.0167,0.0167,0.9667,0.0167,0.0167,0.9667,0.0166,0.0166,2.0,2.0,1.4564,2.0,1.481,1.2679,2.0,1.9152,2.0,1.0939,1.0791,1.0714,1.0393,1.0347,1.0294,2.0,1.0507,1.0413,31.352,0.0,0.0,0.0,1191.857,50.68,1298.158
193,2026-05-14T17:15:54.369828+00:00,mixed,ISL,12.546,26.247,12.546,0.7751,0.2249,18.552,32.181,0.6343,0.3657,0.334,0.1574,0,0.9667,0.0167,0.0167,0.264,0.3157,-0.37358,-6.90776,0,0.9667,0.0166,0.0166,0.484,0.4033,-0.25161,-6.90776,0,0.6552,0.0167,0.3282,2.702,0.5333,-0.32977,-4.53948,3.45,22.002,0.9667,0.0167,0.0167,0.9667,0.0166,0.0166,0.6552,0.0167,0.3282,0.9667,0.0167,0.0167,0.9667,0.0167,0.0167,0.9667,0.0166,0.0166,2.0,2.0,1.4595,2.0,1.4869,1.2694,2.0,1.9334,2.0,1.0939,1.0791,1.0714,1.0393,1.0347,1.0294,2.0,1.0507,1.0413,21.43,0.0,0.572,0.572,1191.857,51.252,1298.73
194,2026-05-14T17:16:00.387321+00:00,mixed,ISL,30.077,29.734,30.077,0.8078,0.1922,35.963,35.645,0.4978,0.5022,0.3205,0.1541,0,0.9667,0.0167,0.0167,0.61,0.3239,-0.33901,-6.90776,0,0.9667,0.0166,0.0166,0.372,0.3893,-0.2628,-6.90776,0,0.6552,0.0167,0.3282,1.78,0.5333,-0.42195,-6.90776,2.762,38.726,0.9667,0.0167,0.0167,0.9667,0.0166,0.0166,0.6552,0.0167,0.3282,0.9667,0.0167,0.0167,0.9667,0.0167,0.0167,0.9667,0.0166,0.0166,2.0,2.0,1.4626,2.0,1.4928,1.271,2.0,1.952,2.0,1.0939,1.0791,1.0714,1.0393,1.0347,1.0294,2.0,1.0507,1.0413,36.238,0.318,0.0,2.488,1192.175,51.252,1301.219
195,2026-05-14T17:16:06.396926+00:00,gaming,ISL,25.132,31.207,25.132,0.7294,0.2706,30.909,37.095,0.5455,0.4545,0.3075,0.1509,0,0.9667,0.0167,0.0167,0.479,0.1817,-0.35214,-6.90776,0,0.9667,0.0166,0.0166,0.648,0.2274,-0.2352,-6.90776,0,0.9667,0.0167,0.0167,0.079,0.1111,-0.59208,-6.90776,1.206,32.114,0.9667,0.0167,0.0167,0.9667,0.0166,0.0166,0.9667,0.0167,0.0167,0.9667,0.0167,0.0167,0.9667,0.0167,0.0167,0.7896,0.1937,0.0167,2.0,2.0,1.4719,2.0,1.5016,1.2748,2.0,2.0,1.303,1.0939,1.0791,1.0714,1.0393,1.0347,1.0294,2.0,2.0,1.0242,32.224,0.0,0.0,0.0,1192.175,51.252,1301.219
196,2026-05-14T17:16:12.418575+00:00,gaming,ISL,30.97,29.34,30.97,0.7348,0.2652,36.645,35.207,0.49,0.51,0.2952,0.1477,0,0.9667,0.0167,0.0167,0.316,0.1936,-0.36843,-6.90776,0,0.9667,0.0166,0.0166,0.352,0.2139,-0.26477,-6.90776,0,0.9667,0.0167,0.0167,0.438,0.1111,-0.5562,-6.90776,1.106,37.751,0.9667,0.0167,0.0167,0.9667,0.0166,0.0166,0.9667,0.0167,0.0167,0.9667,0.0167,0.0167,0.9667,0.0167,0.0167,0.7896,0.1937,0.0167,2.0,2.0,1.4814,2.0,1.5105,1.2786,2.0,2.0,1.3161,1.0939,1.0791,1.0714,1.0393,1.0347,1.0294,2.0,2.0,1.0242,35.709,1.438,0.0,2.042,1193.613,51.252,1303.26
197,2026-05-14T17:16:18.437839+00:00,gaming,ISL,16.595,21.09,16.595,0.7329,0.2671,22.177,26.936,0.5484,0.4516,0.2835,0.1447,0,0.9667,0.0167,0.0167,0.61,0.207,-0.33897,-6.90776,0,0.9667,0.0166,0.0166,0.118,0.2012,-0.28817,-6.90776,0,0.9667,0.0167,0.0167,0.372,0.1111,-0.56276,-6.90776,1.101,23.278,0.9667,0.0167,0.0167,0.9667,0.0166,0.0166,0.9667,0.0167,0.0167,0.9667,0.0167,0.0167,0.9667,0.0167,0.0167,0.7896,0.1937,0.0167,2.0,2.0,1.4912,2.0,1.5196,1.2825,2.0,2.0,1.3294,1.0939,1.0791,1.0714,1.0393,1.0347,1.0294,2.0,2.0,1.0242,23.493,0.0,0.0,0.0,1193.613,51.252,1303.26
198,2026-05-14T17:16:24.438685+00:00,gaming,GND,25.541,33.66,33.66,0.7473,0.2527,31.038,39.486,0.5599,0.4401,0.2724,0.1418,0,0.9667,0.0167,0.0167,0.327,0.2085,-0.11727,-0.82516,0,0.9667,0.0167,0.0167,0.083,0.1752,-0.09174,-0.76424,0,0.7896,0.1937,0.0167,0.148,0.0229,-0.13522,-6.90776,0.558,40.043,0.9667,0.0167,0.0167,0.9667,0.0166,0.0166,0.9667,0.0167,0.0167,0.9667,0.0167,0.0167,0.9667,0.0167,0.0167,0.7896,0.1937,0.0167,2.0,2.0,1.4912,2.0,1.5196,1.2825,2.0,2.0,1.3294,1.0951,1.0803,1.0726,1.04,1.0352,1.0299,2.0,2.0,1.0253,32.358,8.447,0.055,7.685,1202.06,51.308,1310.946
199,2026-05-14T17:16:30.443189+00:00,gaming,ISL,21.153,29.8,21.153,0.7539,0.2461,26.574,35.607,0.5726,0.4274,0.2621,0.1389,0,0.9667,0.0167,0.0167,0.165,0.2367,-0.3835,-6.90776,0,0.9667,0.0166,0.0166,0.133,0.1787,-0.28674,-6.90776,0,0.9667,0.0167,0.0167,0.29,0.1111,-0.57102,-6.90776,0.587,27.161,0.9667,0.0167,0.0167,0.9667,0.0166,0.0166,0.9667,0.0167,0.0167,0.9667,0.0167,0.0167,0.9667,0.0167,0.0167,0.7896,0.1937,0.0167,2.0,2.0,1.5013,2.0,1.5287,1.2865,2.0,2.0,1.3427,1.0951,1.0803,1.0726,1.04,1.0352,1.0299,2.0,2.0,1.0253,27.899,0.0,0.0,0.0,1202.06,51.308,1310.946
200,2026-05-14T17:16:36.454917+00:00,gaming,GND,30.855,29.503,29.503,0.7649,0.2351,36.206,35.291,0.4936,0.5064,0.2524,0.1362,0,0.9667,0.0167,0.0167,0.585,0.2054,-0.09151,-0.57758,0,0.9667,0.0167,0.0167,0.239,0.18,-0.07608,-0.5858,0,0.7896,0.1937,0.0167,0.043,0.0229,-0.14572,-6.90776,0.867,36.158,0.9667,0.0167,0.0167,0.9667,0.0166,0.0166,0.9667,0.0167,0.0167,0.9667,0.0167,0.0167,0.9667,0.0167,0.0167,0.7896,0.1937,0.0167,2.0,2.0,1.5013,2.0,1.5287,1.2865,2.0,2.0,1.3427,1.0959,1.0815,1.0737,1.0405,1.0358,1.0303,2.0,2.0,1.0265,35.794,0.0,0.364,0.364,1202.06,51.672,1311.31
201,2026-05-14T17:16:42.460247+00:00,gaming,GND,20.616,21.234,21.234,0.7635,0.2365,25.904,27.004,0.5104,0.4896,0.2435,0.1335,0,0.9667,0.0167,0.0167,0.199,0.2034,-0.13014,-0.98042,0,0.9667,0.0167,0.0167,0.2,0.1821,-0.07997,-0.62773,0,0.7896,0.1937,0.0167,0.032,0.0229,-0.14685,-6.90776,0.43,27.435,0.9667,0.0167,0.0167,0.9667,0.0166,0.0166,0.9667,0.0167,0.0167,0.9667,0.0167,0.0167,0.9667,0.0167,0.0167,0.7896,0.1937,0.0167,2.0,2.0,1.5013,2.0,1.5287,1.2865,2.0,2.0,1.3427,1.0974,1.0826,1.0748,1.0411,1.0363,1.0308,2.0,2.0,1.0276,27.247,1.1,0.0,0.188,1203.16,51.672,1311.498
202,2026-05-14T17:16:48.467950+00:00,gaming,ISL,25.883,22.974,25.883,0.7642,0.2358,31.115,28.727,0.48,0.52,0.2354,0.1309,0,0.9667,0.0167,0.0167,0.314,0.2833,-0.36858,-6.90776,0,0.9667,0.0166,0.0166,0.858,0.1554,-0.21425,-6.90776,0,0.9667,0.0167,0.0167,0.392,0.1111,-0.56081,-6.90776,1.564,32.678,0.9667,0.0167,0.0167,0.9667,0.0166,0.0166,0.9667,0.0167,0.0167,0.9667,0.0167,0.0167,0.9667,0.0167,0.0167,0.7896,0.1937,0.0167,2.0,2.0,1.5119,2.0,1.5378,1.2906,2.0,2.0,1.3561,1.0974,1.0826,1.0748,1.0411,1.0363,1.0308,2.0,2.0,1.0276,29.229,2.388,0.21,3.449,1205.548,51.883,1314.947
203,2026-05-14T17:16:54.532916+00:00,gaming,ISL,19.342,25.366,19.342,0.7594,0.2406,24.524,31.103,0.5591,0.4409,0.2281,0.1284,0,0.9667,0.0167,0.0167,0.465,0.2978,-0.35355,-6.90776,0,0.9667,0.0166,0.0166,0.451,0.1511,-0.25495,-6.90776,0,0.9667,0.0167,0.0167,0.282,0.1111,-0.5718,-6.90776,1.197,25.721,0.9667,0.0167,0.0167,0.9667,0.0166,0.0166,0.9667,0.0167,0.0167,0.9667,0.0167,0.0167,0.9667,0.0167,0.0167,0.7896,0.1937,0.0167,2.0,2.0,1.5228,2.0,1.5469,1.2947,2.0,2.0,1.3696,1.0974,1.0826,1.0748,1.0411,1.0363,1.0308,2.0,2.0,1.0276,25.889,0.0,0.0,0.0,1205.548,51.883,1314.947
204,2026-05-14T17:17:00.553354+00:00,gaming,ISL,43.016,40.961,43.016,0.7708,0.2292,48.155,46.683,0.4922,0.5078,0.2216,0.1261,0,0.9667,0.0167,0.0167,0.395,0.3112,-0.36049,-6.90776,0,0.9667,0.0166,0.0166,1.435,0.1487,-0.15649,-1.86473,0,0.9667,0.0167,0.0167,1.031,0.1111,-0.49692,-6.90776,2.861,51.016,0.9667,0.0167,0.0167,0.9667,0.0167,0.0167,0.9667,0.0167,0.0167,0.9667,0.0167,0.0167,0.9667,0.0167,0.0167,0.7896,0.1937,0.0167,2.0,2.0,1.534,2.0,1.556,1.2989,2.0,2.0,1.3832,1.0974,1.0826,1.0748,1.0411,1.0363,1.0308,2.0,2.0,1.0276,47.184,1.472,1.483,3.832,1207.02,53.366,1318.779
205,2026-05-14T17:17:06.552284+00:00,gaming,ISL,22.034,25.961,22.034,0.77,0.23,27.135,31.667,0.5385,0.4615,0.2159,0.1238,1,0.9667,0.0167,0.0167,0.493,0.338,-0.35068,-6.90776,0,0.9667,0.0167,0.0167,0.11,0.1482,-0.28895,-6.90776,0,0.9667,0.0167,0.0167,0.176,0.1111,-0.58235,-6.90776,0.78,27.915,0.9667,0.0167,0.0167,0.9667,0.0166,0.0166,0.9667,0.0167,0.0167,0.9667,0.0167,0.0167,0.9667,0.0167,0.0167,0.7896,0.1937,0.0167,2.0,2.0,1.5454,2.0,1.5652,1.3031,2.0,2.0,1.397,1.0974,1.0826,1.0748,1.0411,1.0363,1.0308,2.0,2.0,1.0276,28.525,0.0,0.0,0.0,1207.02,53.366,1318.779
206,2026-05-14T17:17:12.554225+00:00,gaming,GND,28.679,26.086,26.086,0.7755,0.2245,33.749,31.779,0.485,0.515,0.2111,0.1216,0,0.9667,0.0167,0.0167,0.395,0.19,-0.11051,-0.75742,0,0.9667,0.0167,0.0167,0.171,0.1895,-0.08293,-0.66113,0,0.7896,0.1937,0.0167,0.036,0.0229,-0.14643,-6.90776,0.601,32.38,0.9667,0.0167,0.0167,0.9667,0.0166,0.0166,0.9667,0.0167,0.0167,0.9667,0.0167,0.0167,0.9667,0.0167,0.0167,0.7896,0.1937,0.0167,2.0,2.0,1.5454,2.0,1.5652,1.3031,2.0,2.0,1.397,1.0985,1.0838,1.0759,1.0416,1.0368,1.0313,2.0,2.0,1.0288,32.28,0.0,0.1,0.1,1207.02,53.466,1318.879
207,2026-05-14T17:17:18.567447+00:00,gaming,ISL,16.482,25.862,16.482,0.7727,0.2273,21.527,31.541,0.5944,0.4056,0.2071,0.1195,0,0.9667,0.0167,0.0167,0.424,0.3415,-0.35762,-6.90776,0,0.9667,0.0166,0.0166,0.304,0.153,-0.26965,-6.90776,0,0.9667,0.0167,0.0167,0.27,0.1111,-0.57305,-6.90776,0.997,22.524,0.9667,0.0167,0.0167,0.9667,0.0166,0.0166,0.9667,0.0167,0.0167,0.9667,0.0167,0.0167,0.9667,0.0167,0.0167,0.7896,0.1937,0.0167,2.0,2.0,1.5571,2.0,1.5743,1.3074,2.0,2.0,1.4108,1.0985,1.0838,1.0759,1.0416,1.0368,1.0313,2.0,2.0,1.0288,22.941,0.0,0.0,0.0,1207.02,53.466,1318.879
208,2026-05-14T17:17:24.587402+00:00,gaming,ISL,19.93,25.586,19.93,0.7954,0.2046,24.955,31.252,0.556,0.444,0.204,0.1176,0,0.9667,0.0167,0.0167,1.158,0.3475,-0.2842,-6.90776,0,0.9667,0.0166,0.0166,0.714,0.1583,-0.22863,-6.90776,0,0.9667,0.0167,0.0167,0.238,0.1111,-0.57619,-6.90776,2.11,27.065,0.9667,0.0167,0.0167,0.9667,0.0166,0.0166,0.9667,0.0167,0.0167,0.9667,0.0167,0.0167,0.9667,0.0167,0.0167,0.7896,0.1937,0.0167,2.0,2.0,1.5692,2.0,1.5834,1.3118,2.0,2.0,1.4247,1.0985,1.0838,1.0759,1.0416,1.0368,1.0313,2.0,2.0,1.0288,26.379,0.0,0.685,0.685,1207.02,54.151,1319.564
209,2026-05-14T17:17:30.613649+00:00,gaming,ISL,30.573,28.874,30.573,0.8044,0.1956,35.584,34.528,0.4925,0.5075,0.2018,0.1157,0,0.9667,0.0167,0.0167,0.438,0.3511,-0.35619,-6.90776,0,0.9667,0.0166,0.0166,0.632,0.1652,-0.23679,-6.90776,0,0.9667,0.0167,0.0167,0.045,0.1111,-0.59552,-6.90776,1.115,36.699,0.9667,0.0167,0.0167,0.9667,0.0166,0.0166,0.9667,0.0167,0.0167,0.9667,0.0167,0.0167,0.9667,0.0167,0.0167,0.7896,0.1937,0.0167,2.0,2.0,1.5815,2.0,1.5924,1.3162,2.0,2.0,1.4388,1.0985,1.0838,1.0759,1.0416,1.0368,1.0313,2.0,2.0,1.0288,35.028,1.056,0.0,1.671,1208.077,54.151,1321.236
210,2026-05-14T17:17:36.627103+00:00,browsing,ISL,16.711,21.831,16.711,0.5,0.5,21.714,27.474,0.5585,0.4415,0.2004,0.1139,0,0.9667,0.0167,0.0167,1.379,0.5429,-0.26208,-6.90776,1,0.9667,0.0166,0.0166,2.877,0.5136,-0.01225,-0.04185,2,0.3333,0.3333,0.3333,2.97,0.5667,-0.30301,-0.66319,7.227,28.941,0.9667,0.0166,0.0166,0.9667,0.0166,0.0166,0.4521,0.2693,0.2786,0.9667,0.0167,0.0167,0.9667,0.0167,0.0167,0.3333,0.3333,0.3333,2.0,2.0,1.585,2.0,1.5926,1.318,1.0375,1.0084,1.0074,1.0985,1.0838,1.0759,1.0416,1.0368,1.0313,1.0,1.0,1.0,24.546,0.0,4.395,4.395,1208.077,58.547,1325.631
211,2026-05-14T17:17:42.636987+00:00,browsing,ISL,25.413,33.9,25.413,0.5141,0.4859,30.413,39.533,0.5652,0.4348,0.2,0.1122,0,0.9667,0.0166,0.0166,0.796,0.5416,-0.32044,-6.90776,0,0.9667,0.0166,0.0166,0.774,0.3691,-0.22258,-6.90776,2,0.4521,0.2693,0.2786,1.396,0.5667,-0.46042,-1.39725,2.966,33.379,0.9667,0.0166,0.0166,0.9667,0.0166,0.0166,0.6097,0.1741,0.2162,0.9667,0.0167,0.0167,0.9667,0.0167,0.0167,0.3333,0.3333,0.3333,2.0,2.0,1.5885,2.0,1.5969,1.3198,1.0862,1.0169,1.0294,1.0985,1.0838,1.0759,1.0416,1.0368,1.0313,1.0,1.0,1.0,33.253,0.0,0.126,0.126,1208.077,58.673,1325.757
212,2026-05-14T17:17:48.667270+00:00,browsing,ISL,29.97,26.136,29.97,0.5216,0.4784,34.973,31.758,0.4759,0.5241,0.2004,0.1107,0,0.9667,0.0166,0.0166,0.641,0.538,-0.33587,-6.90776,0,0.9667,0.0166,0.0166,1.078,0.3803,-0.1922,-6.90776,1,0.6097,0.1741,0.2162,2.464,0.6667,-0.35357,-0.67379,4.184,39.156,0.9667,0.0166,0.0166,0.9667,0.0166,0.0166,0.8459,0.0645,0.0896,0.9667,0.0167,0.0167,0.9667,0.0167,0.0167,0.3333,0.3333,0.3333,2.0,2.0,1.592,2.0,1.6011,1.3217,1.165,1.027,1.0448,1.0985,1.0838,1.0759,1.0416,1.0368,1.0313,1.0,1.0,1.0,32.345,3.214,1.34,6.811,1211.291,60.012,1332.568
213,2026-05-14T17:17:54.686089+00:00,browsing,ISL,32.484,26.396,32.484,0.5147,0.4853,37.495,32.009,0.4605,0.5395,0.2018,0.1092,0,0.9667,0.0166,0.0166,0.864,0.532,-0.31363,-6.90776,0,0.9667,0.0166,0.0166,1.317,0.3927,-0.1683,-2.39521,0,0.8459,0.0645,0.0896,1.276,0.5,-0.47242,-6.90776,3.456,40.952,0.9667,0.0166,0.0166,0.9667,0.0166,0.0166,0.9667,0.0166,0.0166,0.9667,0.0167,0.0167,0.9667,0.0167,0.0167,0.3333,0.3333,0.3333,2.0,2.0,1.5956,2.0,1.6051,1.3236,1.7252,1.0356,1.0606,1.0985,1.0838,1.0759,1.0416,1.0368,1.0313,1.0,1.0,1.0,32.595,5.487,0.612,8.357,1216.778,60.624,1340.924
214,2026-05-14T17:18:00.696187+00:00,browsing,ISL,37.628,30.814,37.628,0.506,0.494,42.654,36.418,0.4606,0.5394,0.204,0.1079,0,0.9667,0.0166,0.0166,0.634,0.5238,-0.33655,-6.90776,0,0.9667,0.0166,0.0166,0.919,0.4058,-0.20807,-6.90776,0,0.9667,0.0166,0.0166,2.965,0.5,-0.30354,-3.67832,4.518,47.172,0.9667,0.0166,0.0166,0.9667,0.0166,0.0166,0.9667,0.0167,0.0167,0.9667,0.0167,0.0167,0.9667,0.0167,0.0167,0.3333,0.3333,0.3333,2.0,2.0,1.5992,2.0,1.6091,1.3256,1.784,1.0443,1.077,1.0985,1.0838,1.0759,1.0416,1.0368,1.0313,1.0,1.0,1.0,37.004,6.235,1.676,10.168,1223.013,62.3,1351.093
215,2026-05-14T17:18:06.695653+00:00,browsing,GND,29.17,26.378,26.378,0.4997,0.5003,34.215,31.975,0.4831,0.5169,0.2071,0.1066,0,0.9667,0.0167,0.0167,0.268,0.2699,-0.12318,-0.89834,0,0.9667,0.0167,0.0167,0.254,0.2778,-0.0746,-0.5716,2,0.3333,0.3333,0.3333,0.217,0.2755,-0.12834,-0.54441,0.739,32.714,0.9667,0.0166,0.0166,0.9667,0.0166,0.0166,0.9667,0.0167,0.0167,0.9667,0.0167,0.0167,0.9667,0.0167,0.0167,0.9667,0.0167,0.0167,2.0,2.0,1.5992,2.0,1.6091,1.3256,1.784,1.0443,1.077,1.0999,1.0849,1.0768,1.0421,1.0373,1.0317,1.3156,1.0014,1.0014,32.56,0.0,0.154,0.154,1223.013,62.454,1351.247
216,2026-05-14T17:18:12.710378+00:00,browsing,GND,17.943,25.7,25.7,0.4939,0.5061,23.014,31.29,0.5762,0.4238,0.2111,0.1055,2,0.9667,0.0167,0.0167,0.43,0.4391,-0.10695,-0.29067,0,0.9667,0.0167,0.0167,0.209,0.2765,-0.07905,-0.61909,0,0.9667,0.0167,0.0167,0.089,0.1029,-0.14107,-6.90776,0.729,32.019,0.9667,0.0166,0.0166,0.9667,0.0166,0.0166,0.9667,0.0167,0.0167,0.9667,0.0167,0.0167,0.9667,0.0167,0.0167,0.9667,0.0166,0.0166,2.0,2.0,1.5992,2.0,1.6091,1.3256,1.784,1.0443,1.077,1.1013,1.086,1.0782,1.0426,1.0377,1.0321,1.6381,1.0028,1.0024,25.845,8.276,0.146,6.173,1231.289,62.6,1357.42
217,2026-05-14T17:18:18.713910+00:00,browsing,GND,24.796,34.116,34.116,0.5103,0.4897,29.897,39.699,0.5704,0.4296,0.2159,0.1044,0,0.9667,0.0167,0.0167,0.248,0.2615,-0.1252,-0.92642,0,0.9667,0.0167,0.0167,0.228,0.275,-0.07715,-0.59911,0,0.9667,0.0166,0.0166,0.25,0.1029,-0.12503,-6.90776,0.726,40.425,0.9667,0.0166,0.0166,0.9667,0.0166,0.0166,0.9667,0.0167,0.0167,0.9667,0.0167,0.0167,0.9667,0.0167,0.0167,0.9667,0.0166,0.0166,2.0,2.0,1.5992,2.0,1.6091,1.3256,1.784,1.0443,1.077,1.1027,1.0871,1.0791,1.0431,1.0382,1.0324,1.9239,1.0042,1.0035,32.723,9.801,0.143,7.702,1241.09,62.743,1365.122
218,2026-05-14T17:18:24.717193+00:00,browsing,ISL,29.856,26.885,29.856,0.5188,0.4812,34.995,32.463,0.4812,0.5188,0.2216,0.1035,0,0.9667,0.0166,0.0166,0.636,0.4738,-0.33642,-6.90776,0,0.9667,0.0166,0.0166,1.165,0.4609,-0.18346,-4.67674,0,0.9667,0.0167,0.0167,2.352,0.5,-0.36478,-6.90776,4.153,39.148,0.9667,0.0166,0.0166,0.9667,0.0166,0.0166,0.9667,0.0166,0.0166,0.9667,0.0167,0.0167,0.9667,0.0167,0.0167,0.9667,0.0166,0.0166,2.0,2.0,1.6026,2.0,1.6125,1.3277,2.0,1.053,1.0939,1.1027,1.0871,1.0791,1.0431,1.0382,1.0324,1.9239,1.0042,1.0035,33.045,2.532,1.335,6.103,1243.622,64.078,1371.226
219,2026-05-14T17:18:30.719791+00:00,browsing,ISL,19.013,21.974,19.013,0.513,0.487,24.195,27.547,0.5324,0.4676,0.2281,0.1027,0,0.9667,0.0166,0.0166,0.585,0.4585,-0.34155,-6.90776,0,0.9667,0.0166,0.0166,0.525,0.474,-0.2475,-6.90776,0,0.9667,0.0166,0.0166,1.138,0.5,-0.48616,-6.90776,2.248,26.443,0.9667,0.0166,0.0166,0.9667,0.0166,0.0166,0.9667,0.0166,0.0166,0.9667,0.0167,0.0167,0.9667,0.0167,0.0167,0.9667,0.0166,0.0166,2.0,2.0,1.606,2.0,1.6159,1.3297,2.0,1.0617,1.1115,1.1027,1.0871,1.0791,1.0431,1.0382,1.0324,1.9239,1.0042,1.0035,27.008,0.0,0.0,0.0,1243.622,64.078,1371.226
220,2026-05-14T17:18:36.741991+00:00,browsing,GND,19.932,29.874,29.874,0.5165,0.4835,25.164,35.442,0.5848,0.4152,0.2354,0.102,0,0.9667,0.0167,0.0167,0.279,0.2492,-0.12212,-0.8913,0,0.9667,0.0167,0.0167,0.121,0.2693,-0.08789,-0.72098,0,0.9667,0.0166,0.0166,0.139,0.1029,-0.13607,-6.90776,0.539,35.981,0.9667,0.0166,0.0166,0.9667,0.0166,0.0166,0.9667,0.0166,0.0166,0.9667,0.0167,0.0167,0.9667,0.0167,0.0167,0.9667,0.0166,0.0166,2.0,2.0,1.606,2.0,1.6159,1.3297,2.0,1.0617,1.1115,1.1041,1.0882,1.0801,1.0438,1.0387,1.0328,2.0,1.0056,1.0046,27.971,10.278,0.0,8.01,1253.9,64.078,1379.236
221,2026-05-14T17:18:42.766100+00:00,browsing,GND,28.709,25.804,25.804,0.5312,0.4688,33.997,31.368,0.4799,0.5201,0.2435,0.1014,0,0.9667,0.0167,0.0167,0.309,0.2452,-0.11915,-0.8585,0,0.9667,0.0167,0.0167,0.178,0.2669,-0.08216,-0.65491,0,0.9667,0.0166,0.0166,0.129,0.1029,-0.13708,-6.90776,0.616,31.984,0.9667,0.0166,0.0166,0.9667,0.0166,0.0166,0.9667,0.0166,0.0166,0.9667,0.0167,0.0167,0.9667,0.0167,0.0167,0.9667,0.0166,0.0166,2.0,2.0,1.606,2.0,1.6159,1.3297,2.0,1.0617,1.1115,1.1054,1.0893,1.081,1.0443,1.0392,1.0332,2.0,1.007,1.0057,31.947,0.0,0.037,0.037,1253.9,64.115,1379.273
222,2026-05-14T17:18:48.785661+00:00,browsing,ISL,12.109,22.02,12.109,0.5247,0.4753,17.46,27.581,0.6123,0.3877,0.2524,0.1009,0,0.9667,0.0166,0.0166,0.358,0.412,-0.3642,-6.90776,0,0.9667,0.0166,0.0166,0.509,0.5076,-0.24913,-6.90776,0,0.9667,0.0166,0.0166,1.62,0.5,-0.43803,-6.90776,2.486,19.946,0.9667,0.0166,0.0166,0.9667,0.0166,0.0166,0.9667,0.0166,0.0166,0.9667,0.0167,0.0167,0.9667,0.0167,0.0167,0.9667,0.0166,0.0166,2.0,2.0,1.6091,2.0,1.619,1.3318,2.0,1.0706,1.1298,1.1054,1.0893,1.081,1.0443,1.0392,1.0332,2.0,1.007,1.0057,20.257,0.0,0.0,0.0,1253.9,64.115,1379.273
223,2026-05-14T17:18:54.809294+00:00,browsing,ISL,21.609,25.53,21.609,0.5811,0.4189,27.029,31.089,0.5349,0.4651,0.2621,0.1005,0,0.9667,0.0166,0.0166,1.253,0.3975,-0.27466,-6.90776,0,0.9667,0.0166,0.0166,1.216,0.5162,-0.17841,-3.30857,0,0.9667,0.0166,0.0166,0.71,0.5,-0.52903,-6.90776,3.179,30.208,0.9667,0.0166,0.0166,0.9667,0.0166,0.0166,0.9667,0.0166,0.0166,0.9667,0.0167,0.0167,0.9667,0.0167,0.0167,0.9667,0.0166,0.0166,2.0,2.0,1.6122,2.0,1.6222,1.3339,2.0,1.0794,1.1489,1.1054,1.0893,1.081,1.0443,1.0392,1.0332,2.0,1.007,1.0057,29.822,0.0,0.386,0.386,1253.9,64.501,1379.659
224,2026-05-14T17:19:00.819313+00:00,browsing,ISL,29.548,26.45,29.548,0.5847,0.4153,35.046,32.007,0.4773,0.5227,0.2724,0.1002,0,0.9667,0.0166,0.0166,0.644,0.3841,-0.33558,-6.90776,0,0.9667,0.0166,0.0166,0.497,0.5232,-0.25025,-6.90776,0,0.9667,0.0166,0.0166,1.388,0.5,-0.46122,-6.90776,2.529,37.575,0.9667,0.0166,0.0166,0.9667,0.0166,0.0166,0.9667,0.0166,0.0166,0.9667,0.0167,0.0167,0.9667,0.0167,0.0167,0.9667,0.0166,0.0166,2.0,2.0,1.6151,2.0,1.6253,1.336,2.0,1.0884,1.1689,1.1054,1.0893,1.081,1.0443,1.0392,1.0332,2.0,1.007,1.0057,32.584,3.039,0.0,4.992,1256.939,64.501,1384.651
225,2026-05-14T17:19:06.835937+00:00,browsing,GND,17.629,21.09,21.09,0.5784,0.4216,23.211,26.646,0.5344,0.4656,0.2835,0.1001,0,0.9667,0.0167,0.0167,0.303,0.2304,-0.11971,-0.86657,0,0.9667,0.0167,0.0167,0.358,0.256,-0.0642,-0.47099,0,0.9667,0.0166,0.0166,0.194,0.1029,-0.13058,-6.90776,0.855,27.501,0.9667,0.0166,0.0166,0.9667,0.0166,0.0166,0.9667,0.0166,0.0166,0.9667,0.0167,0.0167,0.9667,0.0167,0.0167,0.9667,0.0166,0.0166,2.0,2.0,1.6151,2.0,1.6253,1.336,2.0,1.0884,1.1689,1.1067,1.0904,1.082,1.0447,1.0396,1.0336,2.0,1.0084,1.0068,25.994,3.434,0.279,1.506,1260.373,64.781,1386.157
226,2026-05-14T17:19:12.865616+00:00,browsing,GND,41.778,29.212,29.212,0.5828,0.4172,47.453,34.767,0.4229,0.5771,0.2952,0.1,0,0.9667,0.0167,0.0167,0.19,0.2271,-0.13103,-1.00883,0,0.9667,0.0167,0.0167,0.21,0.2529,-0.07903,-0.62095,0,0.9667,0.0166,0.0166,0.197,0.1029,-0.13034,-6.90776,0.596,35.363,0.9667,0.0166,0.0166,0.9667,0.0166,0.0166,0.9667,0.0166,0.0166,0.9667,0.0167,0.0167,0.9667,0.0167,0.0167,0.9667,0.0166,0.0166,2.0,2.0,1.6151,2.0,1.6253,1.336,2.0,1.0884,1.1689,1.1083,1.0915,1.0829,1.0452,1.0401,1.034,2.0,1.0098,1.0079,35.342,0.0,0.021,0.021,1260.373,64.802,1386.179
227,2026-05-14T17:19:18.885915+00:00,browsing,ISL,42.969,30.453,42.969,0.5727,0.4273,48.746,36.009,0.4249,0.5751,0.3075,0.1001,0,0.9667,0.0166,0.0166,1.512,0.3538,-0.2488,-6.90776,0,0.9667,0.0166,0.0166,1.771,0.5333,-0.12287,-1.08914,0,0.9667,0.0166,0.0166,0.922,0.5,-0.50782,-6.90776,4.205,52.951,0.9667,0.0166,0.0166,0.9667,0.0167,0.0167,0.9667,0.0166,0.0166,0.9667,0.0167,0.0167,0.9667,0.0167,0.0167,0.9667,0.0166,0.0166,2.0,2.0,1.6176,2.0,1.6284,1.338,2.0,1.0974,1.19,1.1083,1.0915,1.0829,1.0452,1.0401,1.034,2.0,1.0098,1.0079,36.583,12.737,1.435,16.368,1273.11,66.237,1402.546
228,2026-05-14T17:19:24.899378+00:00,browsing,ISL,43.465,36.201,43.465,0.5634,0.4366,49.351,41.758,0.4583,0.5417,0.3205,0.1002,0,0.9667,0.0166,0.0166,0.867,0.3478,-0.31328,-6.90776,0,0.9667,0.0167,0.0167,0.707,0.5328,-0.22933,-6.90776,0,0.9667,0.0166,0.0166,1.909,0.5,-0.4091,-6.90776,3.483,52.834,0.9667,0.0166,0.0166,0.9667,0.0166,0.0166,0.9667,0.0166,0.0166,0.9667,0.0167,0.0167,0.9667,0.0167,0.0167,0.9667,0.0166,0.0166,2.0,2.0,1.62,2.0,1.6316,1.34,2.0,1.1065,1.2124,1.1083,1.0915,1.0829,1.0452,1.0401,1.034,2.0,1.0098,1.0079,42.331,7.593,0.721,10.502,1280.702,66.958,1413.049
229,2026-05-14T17:19:30.929599+00:00,browsing,GND,15.666,25.559,25.559,0.5586,0.4414,21.671,31.118,0.5895,0.4105,0.334,0.1005,0,0.9667,0.0167,0.0167,0.441,0.2184,-0.10591,-0.72155,0,0.9667,0.0167,0.0167,0.205,0.2428,-0.07953,-0.62693,0,0.9667,0.0166,0.0166,0.138,0.1029,-0.13621,-6.90776,0.784,31.901,0.9667,0.0166,0.0166,0.9667,0.0166,0.0166,0.9667,0.0166,0.0166,0.9667,0.0167,0.0167,0.9667,0.0167,0.0167,0.9667,0.0166,0.0166,2.0,2.0,1.62,2.0,1.6316,1.34,2.0,1.1065,1.2124,1.1093,1.0926,1.0839,1.0458,1.0406,1.0344,2.0,1.0113,1.009,24.424,9.446,0.211,7.478,1290.149,67.17,1420.527
230,2026-05-14T17:19:36.941050+00:00,browsing,GND,15.757,25.223,25.223,0.5813,0.4187,21.892,30.784,0.5844,0.4156,0.348,0.1009,0,0.9667,0.0167,0.0167,0.198,0.216,-0.13015,-1.00128,0,0.9667,0.0167,0.0167,0.286,0.2393,-0.07143,-0.54217,0,0.9667,0.0166,0.0166,0.125,0.1029,-0.13745,-6.90776,0.61,31.393,0.9667,0.0166,0.0166,0.9667,0.0166,0.0166,0.9667,0.0166,0.0166,0.9667,0.0167,0.0167,0.9667,0.0167,0.0167,0.9667,0.0166,0.0166,2.0,2.0,1.62,2.0,1.6316,1.34,2.0,1.1065,1.2124,1.1109,1.0937,1.0849,1.0462,1.0411,1.0348,2.0,1.0127,1.0101,24.634,8.892,0.038,6.759,1299.041,67.208,1427.286
231,2026-05-14T17:19:42.963938+00:00,browsing,GND,17.926,25.344,25.344,0.6019,0.3981,24.201,30.908,0.5609,0.4391,0.3625,0.1014,0,0.9667,0.0167,0.0167,0.138,0.2138,-0.13618,-1.08757,0,0.9667,0.0167,0.0167,0.251,0.2356,-0.07485,-0.57758,0,0.9667,0.0166,0.0166,0.07,0.1029,-0.14304,-6.90776,0.459,31.368,0.9667,0.0166,0.0166,0.9667,0.0166,0.0166,0.9667,0.0166,0.0166,0.9667,0.0167,0.0167,0.9667,0.0167,0.0167,0.9667,0.0166,0.0166,2.0,2.0,1.62,2.0,1.6316,1.34,2.0,1.1065,1.2124,1.1128,1.0948,1.0859,1.0467,1.0415,1.0352,2.0,1.0141,1.0112,26.932,6.708,0.0,4.435,1305.749,67.208,1431.721
232,2026-05-14T17:19:48.979925+00:00,browsing,ISL,20.265,21.852,20.265,0.6129,0.3871,26.69,27.42,0.5067,0.4933,0.3775,0.102,0,0.9667,0.0166,0.0166,2.35,0.3478,-0.16503,-2.01299,0,0.9667,0.0166,0.0166,0.535,0.5121,-0.24648,-6.90776,0,0.9667,0.0166,0.0166,1.74,0.5,-0.42603,-6.90776,4.625,31.314,0.7401,0.2432,0.0167,0.9667,0.0166,0.0166,0.9667,0.0166,0.0166,0.9667,0.0167,0.0167,0.9667,0.0167,0.0167,0.9667,0.0166,0.0166,2.0,2.0,1.6218,2.0,1.6351,1.3418,2.0,1.1156,1.2362,1.1128,1.0948,1.0859,1.0467,1.0415,1.0352,2.0,1.0141,1.0112,27.99,0.0,1.904,3.324,1305.749,69.111,1435.045
233,2026-05-14T17:19:55.000319+00:00,browsing,GND,30.196,26.563,26.563,0.6093,0.3907,36.784,32.136,0.4663,0.5337,0.3928,0.1027,0,0.9667,0.0167,0.0167,0.254,0.2101,-0.12457,-0.93462,0,0.9667,0.0167,0.0167,0.276,0.2282,-0.07237,-0.55234,0,0.9667,0.0166,0.0166,0.187,0.1029,-0.13127,-6.90776,0.718,32.853,0.7401,0.2432,0.0167,0.9667,0.0166,0.0166,0.9667,0.0166,0.0166,0.9667,0.0167,0.0167,0.9667,0.0167,0.0167,0.9667,0.0166,0.0166,2.0,2.0,1.6218,2.0,1.6351,1.3418,2.0,1.1156,1.2362,1.1142,1.0959,1.0868,1.0471,1.042,1.0356,2.0,1.0155,1.0123,32.705,0.0,0.148,0.148,1305.749,69.26,1435.194
234,2026-05-14T17:20:01.022845+00:00,browsing,ISL,22.198,26.095,22.198,0.6018,0.3982,28.961,31.672,0.5224,0.4776,0.4085,0.1035,0,0.7401,0.2432,0.0167,0.365,0.362,-0.36353,-6.90776,0,0.9667,0.0166,0.0166,0.778,0.4921,-0.22221,-6.90776,0,0.9667,0.0166,0.0166,1.782,0.5,-0.42177,-6.90776,2.925,31.886,0.7401,0.2432,0.0167,0.9667,0.0166,0.0166,0.9667,0.0166,0.0166,0.9667,0.0167,0.0167,0.9667,0.0167,0.0167,0.9667,0.0166,0.0166,2.0,2.0,1.6234,2.0,1.6388,1.3435,2.0,1.1249,1.2619,1.1142,1.0959,1.0868,1.0471,1.042,1.0356,2.0,1.0155,1.0123,31.663,0.0,0.223,0.223,1305.749,69.483,1435.417
235,2026-05-14T17:20:07.038377+00:00,browsing,GND,31.308,29.647,29.647,0.6028,0.3972,38.259,35.23,0.4794,0.5206,0.4246,0.1044,0,0.9667,0.0167,0.0167,0.208,0.2075,-0.12918,-0.9959,0,0.9667,0.0167,0.0167,0.176,0.2207,-0.08236,-0.66013,0,0.9667,0.0166,0.0166,0.048,0.1029,-0.14517,-6.90776,0.433,35.663,0.7401,0.2432,0.0167,0.9667,0.0166,0.0166,0.9667,0.0166,0.0166,0.9667,0.0167,0.0167,0.9667,0.0167,0.0167,0.9667,0.0166,0.0166,2.0,2.0,1.6234,2.0,1.6388,1.3435,2.0,1.1249,1.2619,1.1158,1.097,1.0878,1.0477,1.0425,1.036,2.0,1.017,1.0134,35.798,0.0,0.0,0.0,1305.749,69.483,1435.417
236,2026-05-14T17:20:13.048947+00:00,browsing,GND,17.193,25.038,25.038,0.5982,0.4018,24.348,30.628,0.5571,0.4429,0.4409,0.1055,0,0.9667,0.0167,0.0167,0.53,0.2066,-0.09696,-0.64184,0,0.9667,0.0167,0.0167,0.386,0.2169,-0.06137,-0.44656,0,0.9667,0.0166,0.0166,0.137,0.1029,-0.1363,-6.90776,1.054,31.682,0.7401,0.2432,0.0167,0.9667,0.0166,0.0166,0.9667,0.0166,0.0166,0.9667,0.0167,0.0167,0.9667,0.0167,0.0167,0.9667,0.0166,0.0166,2.0,2.0,1.6234,2.0,1.6388,1.3435,2.0,1.1249,1.2619,1.1167,1.0982,1.0888,1.048,1.043,1.0364,2.0,1.0184,1.0145,27.037,6.28,0.486,4.644,1312.029,69.969,1440.061
237,2026-05-14T17:20:19.067136+00:00,browsing,GND,16.286,21.426,21.426,0.6084,0.3916,23.658,27.023,0.5332,0.4668,0.4574,0.1066,0,0.9667,0.0167,0.0167,0.094,0.206,-0.14063,-1.16572,0,0.9667,0.0167,0.0167,0.154,0.2132,-0.08463,-0.68711,0,0.9667,0.0166,0.0166,0.056,0.1029,-0.14443,-6.90776,0.303,27.326,0.7401,0.2432,0.0167,0.9667,0.0166,0.0166,0.9667,0.0166,0.0166,0.9667,0.0167,0.0167,0.9667,0.0167,0.0167,0.9667,0.0166,0.0166,2.0,2.0,1.6234,2.0,1.6388,1.3435,2.0,1.1249,1.2619,1.1187,1.0993,1.0898,1.0486,1.0435,1.0369,2.0,1.0199,1.0156,26.345,3.365,0.0,0.981,1315.394,69.969,1441.042
238,2026-05-14T17:20:25.093955+00:00,browsing,GND,29.977,29.011,29.011,0.6126,0.3874,37.583,34.616,0.4794,0.5206,0.4742,0.1079,0,0.9667,0.0167,0.0167,0.081,0.2058,-0.14185,-1.1894,0,0.9667,0.0167,0.0167,0.079,0.2095,-0.09214,-0.77972,0,0.9667,0.0166,0.0166,0.035,0.1029,-0.14653,-6.90776,0.195,34.81,0.7401,0.2432,0.0167,0.9667,0.0166,0.0166,0.9667,0.0166,0.0166,0.9667,0.0167,0.0167,0.9667,0.0167,0.0167,0.9667,0.0166,0.0166,2.0,2.0,1.6234,2.0,1.6388,1.3435,2.0,1.1249,1.2619,1.1208,1.1004,1.0907,1.0494,1.0439,1.0373,2.0,1.0213,1.0166,35.182,0.0,0.0,0.0,1315.394,69.969,1441.042
239,2026-05-14T17:20:31.097099+00:00,browsing,ISL,16.385,25.637,16.385,0.6078,0.3922,24.244,31.25,0.5631,0.4369,0.491,0.1092,0,0.7401,0.2432,0.0167,1.259,0.4272,-0.27415,-6.90776,0,0.9667,0.0166,0.0166,0.36,0.4264,-0.26401,-6.90776,0,0.9667,0.0166,0.0166,1.095,0.5,-0.49055,-6.90776,2.713,26.957,0.7401,0.2432,0.0167,0.9667,0.0166,0.0166,0.9667,0.0166,0.0166,0.9667,0.0167,0.0167,0.9667,0.0167,0.0167,0.9667,0.0166,0.0166,2.0,2.0,1.6243,2.0,1.6434,1.345,2.0,1.1342,1.2899,1.1208,1.1004,1.0907,1.0494,1.0439,1.0373,2.0,1.0213,1.0166,26.934,0.0,0.022,0.022,1315.394,69.991,1441.064
240,2026-05-14T17:20:37.119656+00:00,mixed,ISL,17.754,25.043,17.754,0.8062,0.1938,25.884,30.665,0.5423,0.4577,0.508,0.1107,0,0.7401,0.2432,0.0167,0.454,0.4048,-0.35456,-6.90776,0,0.9667,0.0166,0.0166,0.807,0.3755,-0.21928,-6.90776,0,0.6552,0.0167,0.3282,0.961,0.5333,-0.50392,-6.90776,2.222,28.106,0.7401,0.2432,0.0167,0.9667,0.0166,0.0166,0.6552,0.0167,0.3282,0.9667,0.0167,0.0167,0.9667,0.0167,0.0167,0.9667,0.0166,0.0166,2.0,2.0,1.6267,2.0,1.6491,1.347,2.0,1.9711,2.0,1.1208,1.1004,1.0907,1.0494,1.0439,1.0373,2.0,1.0507,1.0413,28.839,0.0,0.0,0.0,1315.394,69.991,1441.064
241,2026-05-14T17:20:43.124486+00:00,mixed,ISL,20.441,21.805,20.441,0.8095,0.1905,28.862,27.438,0.4874,0.5126,0.525,0.1122,1,0.7401,0.2432,0.0167,2.365,0.4272,-0.16348,-0.94947,0,0.9667,0.0166,0.0166,0.627,0.3621,-0.23727,-6.90776,0,0.6552,0.0167,0.3282,1.693,0.5333,-0.43071,-6.90776,4.685,33.547,0.9667,0.0167,0.0167,0.9667,0.0166,0.0166,0.6552,0.0167,0.3282,0.9667,0.0167,0.0167,0.9667,0.0167,0.0167,0.9667,0.0166,0.0166,2.0,2.0,1.6291,2.0,1.655,1.349,2.0,1.9907,2.0,1.1208,1.1004,1.0907,1.0494,1.0439,1.0373,2.0,1.0507,1.0413,28.005,1.424,1.723,5.542,1316.818,71.714,1446.606
242,2026-05-14T17:20:49.134416+00:00,mixed,ISL,16.171,26.729,16.171,0.8041,0.1959,24.905,32.372,0.5652,0.4348,0.542,0.1139,0,0.9667,0.0167,0.0167,0.606,0.4357,-0.33939,-6.90776,0,0.9667,0.0166,0.0166,0.554,0.3493,-0.24457,-6.90776,2,0.6552,0.0167,0.3282,1.566,0.5333,-0.4434,-6.90776,2.726,27.631,0.9667,0.0167,0.0167,0.9667,0.0166,0.0166,0.6552,0.0167,0.3282,0.9667,0.0167,0.0167,0.9667,0.0167,0.0167,0.9667,0.0166,0.0166,2.0,2.0,1.6314,2.0,1.6611,1.3509,2.0,2.0,2.0,1.1208,1.1004,1.0907,1.0494,1.0439,1.0373,2.0,1.0507,1.0413,27.878,0.0,0.0,0.0,1316.818,71.714,1446.606
243,2026-05-14T17:20:55.163386+00:00,mixed,ISL,28.62,25.937,28.62,0.8109,0.1891,37.69,31.591,0.456,0.544,0.559,0.1157,0,0.9667,0.0167,0.0167,0.651,0.4502,-0.33485,-6.90776,2,0.9667,0.0166,0.0166,1.686,0.566,-0.13136,-0.34713,0,0.6552,0.0167,0.3282,1.152,0.5333,-0.48478,-6.90776,3.49,41.18,0.9667,0.0167,0.0167,0.9667,0.0166,0.0166,0.6552,0.0167,0.3282,0.9667,0.0167,0.0167,0.9667,0.0167,0.0167,0.9667,0.0166,0.0166,2.0,2.0,1.6336,2.0,1.6675,1.3532,2.0,2.0,2.0,1.1208,1.1004,1.0907,1.0494,1.0439,1.0373,2.0,1.0507,1.0413,32.159,6.098,0.506,9.021,1322.916,72.22,1455.627
244,2026-05-14T17:21:01.163945+00:00,mixed,ISL,15.592,26.175,15.592,0.8049,0.1951,25.022,31.841,0.56,0.44,0.5758,0.1176,0,0.9667,0.0167,0.0167,0.701,0.4635,-0.3299,-6.90776,0,0.9667,0.0166,0.0166,0.653,0.3268,-0.23467,-6.90776,0,0.6552,0.0167,0.3282,1.39,0.5333,-0.46104,-6.90776,2.744,27.766,0.9667,0.0167,0.0167,0.9667,0.0166,0.0166,0.6552,0.0167,0.3282,0.9667,0.0167,0.0167,0.9667,0.0167,0.0167,0.9667,0.0166,0.0166,2.0,2.0,1.6357,2.0,1.6741,1.355,2.0,2.0,2.0,1.1208,1.1004,1.0907,1.0494,1.0439,1.0373,2.0,1.0507,1.0413,28.018,0.0,0.0,0.0,1322.916,72.22,1455.627
245,2026-05-14T17:21:07.180941+00:00,mixed,ISL,22.543,27.237,22.543,0.8109,0.1891,32.36,32.916,0.5043,0.4957,0.5926,0.1195,0,0.9667,0.0167,0.0167,0.877,0.4755,-0.31229,-6.90776,0,0.9667,0.0166,0.0166,0.861,0.3175,-0.21388,-6.90776,2,0.6552,0.0167,0.3282,1.78,0.5333,-0.42202,-6.90776,3.518,35.878,0.9667,0.0167,0.0167,0.9667,0.0166,0.0166,0.6552,0.0167,0.3282,0.9667,0.0167,0.0167,0.9667,0.0167,0.0167,0.9667,0.0166,0.0166,2.0,2.0,1.6378,2.0,1.681,1.3568,2.0,2.0,2.0,1.1208,1.1004,1.0907,1.0494,1.0439,1.0373,2.0,1.0507,1.0413,33.483,0.0,0.51,2.395,1322.916,72.73,1458.022
246,2026-05-14T17:21:13.192791+00:00,mixed,ISL,29.455,26.34,29.455,0.8094,0.1906,39.688,32.033,0.4466,0.5534,0.6091,0.1216,0,0.9667,0.0167,0.0167,0.572,0.4857,-0.34279,-6.90776,0,0.9667,0.0166,0.0166,0.452,0.3097,-0.25477,-6.90776,0,0.6552,0.0167,0.3282,1.739,0.5333,-0.42608,-6.90776,2.764,42.452,0.9667,0.0167,0.0167,0.9667,0.0166,0.0166,0.6552,0.0167,0.3282,0.9667,0.0167,0.0167,0.9667,0.0167,0.0167,0.9667,0.0166,0.0166,2.0,2.0,1.6399,2.0,1.6881,1.3585,2.0,2.0,2.0,1.1208,1.1004,1.0907,1.0494,1.0439,1.0373,2.0,1.0507,1.0413,32.6,7.656,0.0,9.852,1330.572,72.73,1467.873
247,2026-05-14T17:21:19.203610+00:00,mixed,ISL,18.113,21.595,18.113,0.8029,0.1971,28.792,27.302,0.4867,0.5133,0.6254,0.1238,1,0.9667,0.0167,0.0167,0.668,0.4402,-0.33324,-6.90776,0,0.9667,0.0166,0.0166,0.347,0.3036,-0.26526,-6.90776,0,0.6552,0.0167,0.3282,0.937,0.5333,-0.50633,-6.90776,1.952,30.744,0.9667,0.0167,0.0167,0.9667,0.0166,0.0166,0.6552,0.0167,0.3282,0.9667,0.0167,0.0167,0.9667,0.0167,0.0167,0.9667,0.0166,0.0166,2.0,2.0,1.6419,2.0,1.6955,1.3601,2.0,2.0,2.0,1.1208,1.1004,1.0907,1.0494,1.0439,1.0373,2.0,1.0507,1.0413,27.869,1.49,0.0,2.874,1332.062,72.73,1470.748
248,2026-05-14T17:21:25.214068+00:00,mixed,ISL,18.837,29.071,18.837,0.797,0.203,29.993,34.792,0.537,0.463,0.6415,0.1261,0,0.9667,0.0167,0.0167,0.866,0.4999,-0.31341,-6.90776,0,0.9667,0.0166,0.0166,1.214,0.2993,-0.17862,-3.33982,0,0.6552,0.0167,0.3282,1.009,0.5333,-0.49914,-6.90776,3.088,33.081,0.9667,0.0167,0.0167,0.9667,0.0166,0.0166,0.6552,0.0167,0.3282,0.9667,0.0167,0.0167,0.9667,0.0167,0.0167,0.9667,0.0166,0.0166,2.0,2.0,1.6439,2.0,1.7031,1.3617,2.0,2.0,2.0,1.1208,1.1004,1.0907,1.0494,1.0439,1.0373,2.0,1.0507,1.0413,33.031,0.0,0.05,0.05,1332.062,72.78,1470.798
249,2026-05-14T17:21:31.216048+00:00,mixed,ISL,28.633,25.829,28.633,0.7991,0.2009,40.301,31.566,0.4392,0.5608,0.6572,0.1284,0,0.9667,0.0167,0.0167,1.209,0.5035,-0.27905,-6.90776,0,0.9667,0.0166,0.0166,0.299,0.2968,-0.27012,-6.90776,0,0.6552,0.0167,0.3282,2.033,0.5333,-0.39667,-6.90776,3.542,43.843,0.9667,0.0167,0.0167,0.9667,0.0166,0.0166,0.6552,0.0167,0.3282,0.9667,0.0167,0.0167,0.9667,0.0167,0.0167,0.9667,0.0166,0.0166,2.0,2.0,1.6459,2.0,1.711,1.3633,2.0,2.0,2.0,1.1208,1.1004,1.0907,1.0494,1.0439,1.0373,2.0,1.0507,1.0413,32.133,8.736,0.498,11.71,1340.798,73.278,1482.508
