ho_id,timestamp,task_type,path,isl_ms,gnd_ms,prop_ms,path_p_isl,path_p_gnd,access_cost_isl,access_cost_gnd,trgsat_bg,tn_bg,amf_inst,amf_p0,amf_p1,amf_p2,amf_ms,amf_rho,amf_x,amf_cost,smf_inst,smf_p0,smf_p1,smf_p2,smf_ms,smf_rho,smf_x,smf_cost,upf_inst,upf_p0,upf_p1,upf_p2,upf_ms,upf_rho,upf_x,upf_cost,core_ms,total_ms,on_amf_p0,on_amf_p1,on_amf_p2,on_smf_p0,on_smf_p1,on_smf_p2,on_upf_p0,on_upf_p1,on_upf_p2,gnd_amf_p0,gnd_amf_p1,gnd_amf_p2,gnd_smf_p0,gnd_smf_p1,gnd_smf_p2,gnd_upf_p0,gnd_upf_p1,gnd_upf_p2,global_oracle_ms,access_regret_ms,inst_regret_ms,global_regret_ms,cum_access_regret_ms,cum_inst_regret_ms,cum_global_regret_ms
1,2026-05-10T22:23:39.710423+00:00,gaming,GND,0.427,24.261,24.261,0.5,0.5,11.954,27.838,0.525,0.35,1,0.3333,0.3333,0.3333,0.526,0.381,-0.44744,-6.90776,1,0.3333,0.3333,0.3333,0.101,0.2857,-0.48986,-6.90776,0,0.3333,0.3333,0.3333,0.044,0.1119,-0.4956,-6.90776,0.671,28.509,0.3333,0.3333,0.3333,0.3333,0.3333,0.3333,0.3333,0.3333,0.3333,0.3333,0.3333,0.3333,0.3333,0.3333,0.3333,0.3333,0.3333,0.3333,14.317,15.885,0.084,14.192,15.885,0.084,14.192
2,2026-05-10T22:23:49.727765+00:00,gaming,ISL,26.818,13.881,26.818,0.5,0.5,38.735,17.483,0.542,0.3552,1,0.5,0.5,0.0,3.625,0.7619,-0.13755,-0.1991,1,0.3333,0.3333,0.3333,1.134,0.5556,-0.38657,-1.19015,0,0.5,0.5,0.0,0.688,0.4352,-0.4312,-4.69368,5.447,44.182,0.5,0.5,0.0,0.3333,0.3333,0.3333,0.5,0.5,0.0,0.5,0.5,0.0,0.3333,0.3333,0.3333,0.5,0.5,0.0,18.07,21.252,3.083,26.112,37.137,3.166,40.303
3,2026-05-10T22:23:59.753023+00:00,gaming,ISL,19.928,26.072,19.928,0.5,0.5,32.265,29.699,0.559,0.3605,0,0.5,0.5,0.0,1.457,0.5333,-0.35433,-1.09177,2,0.3333,0.3333,0.3333,5.017,0.8333,0.00169,0.00202,0,0.5,0.5,0.0,0.87,0.4352,-0.41301,-2.97673,7.343,39.609,0.5,0.5,0.0,0.3333,0.3333,0.3333,0.5,0.5,0.0,0.5,0.5,0.0,0.3333,0.3333,0.3333,0.5,0.5,0.0,30.287,2.566,4.979,9.322,39.703,8.146,49.626
4,2026-05-10T22:24:09.772355+00:00,gaming,GND,9.04,14.964,14.964,0.5,0.5,21.828,18.617,0.5758,0.3657,0,0.3333,0.3333,0.3333,0.113,0.2286,-0.48872,-6.90776,1,0.3333,0.3333,0.3333,0.156,0.2857,-0.48443,-6.90776,0,0.3333,0.3333,0.3333,0.045,0.1119,-0.49549,-6.90776,0.314,18.93,0.3333,0.3333,0.3333,0.3333,0.3333,0.3333,0.3333,0.3333,0.3333,0.3333,0.3333,0.3333,0.3333,0.3333,0.3333,0.3333,0.3333,0.3333,19.204,0.0,0.0,0.0,39.703,8.146,49.626
5,2026-05-10T22:24:19.792376+00:00,gaming,ISL,18.09,25.416,18.09,0.5,0.5,31.362,29.095,0.5926,0.3709,0,0.5,0.5,0.0,0.621,0.5333,-0.43792,-1.72093,2,0.3333,0.3333,0.3333,4.657,0.8333,-0.03427,-0.04199,0,0.5,0.5,0.0,0.44,0.4352,-0.45602,-6.90776,5.718,37.08,0.5,0.5,0.0,0.3333,0.3333,0.3333,0.5,0.5,0.0,0.5,0.5,0.0,0.3333,0.3333,0.3333,0.5,0.5,0.0,29.682,2.268,3.354,7.398,41.971,11.5,57.024
6,2026-05-10T22:24:29.796196+00:00,gaming,GND,8.03,18.144,18.144,0.5,0.5,21.822,21.85,0.6091,0.3761,2,0.3333,0.3333,0.3333,2.387,0.7619,-0.26129,-0.41998,0,0.3333,0.3333,0.3333,0.155,0.1786,-0.48454,-6.90776,0,0.3333,0.3333,0.3333,0.193,0.1119,-0.48072,-6.90776,2.734,24.585,0.3333,0.3333,0.3333,0.3333,0.3333,0.3333,0.3333,0.3333,0.3333,0.3333,0.3333,0.3333,0.3333,0.3333,0.3333,0.3333,0.3333,0.3333,22.437,0.028,2.147,2.147,41.999,13.647,59.171
7,2026-05-10T22:24:39.811385+00:00,gaming,GND,15.156,20.285,20.285,0.5,0.5,29.505,24.018,0.6254,0.3813,0,0.3333,0.3333,0.3333,0.342,0.2286,-0.46575,-6.90776,2,0.3333,0.3333,0.3333,0.559,0.4762,-0.44411,-2.69746,0,0.3333,0.3333,0.3333,0.299,0.1119,-0.47007,-6.90776,1.201,25.218,0.3333,0.3333,0.3333,0.3333,0.3333,0.3333,0.3333,0.3333,0.3333,0.3333,0.3333,0.3333,0.3333,0.3333,0.3333,0.3333,0.3333,0.3333,24.605,0.0,0.613,0.613,41.999,14.26,59.784
8,2026-05-10T22:24:49.826073+00:00,gaming,ISL,9.834,19.406,9.834,0.5,0.5,24.78,23.166,0.6415,0.3865,1,0.5,0.5,0.0,3.039,0.7619,-0.1961,-0.29756,0,0.3333,0.3333,0.3333,0.538,0.4167,-0.44621,-6.90776,0,0.5,0.5,0.0,0.461,0.4352,-0.45386,-6.90776,4.038,28.819,0.5,0.5,0.0,0.3333,0.3333,0.3333,0.5,0.5,0.0,0.5,0.5,0.0,0.3333,0.3333,0.3333,0.5,0.5,0.0,23.753,1.615,1.674,5.066,43.614,15.935,64.85
9,2026-05-10T22:24:59.838211+00:00,gaming,GND,13.624,22.477,22.477,0.5,0.5,29.21,26.265,0.6572,0.3917,2,0.3333,0.3333,0.3333,2.276,0.7619,-0.27236,-0.44234,1,0.3333,0.3333,0.3333,0.219,0.2857,-0.4781,-6.90776,2,0.3333,0.3333,0.3333,0.4,0.2798,-0.45999,-6.90776,2.895,29.16,0.3333,0.3333,0.3333,0.3333,0.3333,0.3333,0.3333,0.3333,0.3333,0.3333,0.3333,0.3333,0.3333,0.3333,0.3333,0.3333,0.3333,0.3333,26.852,0.0,2.308,2.308,43.614,18.243,67.158
10,2026-05-10T22:25:09.856064+00:00,gaming,GND,15.822,20.875,20.875,0.5,0.5,32.092,24.691,0.6725,0.3968,0,0.3333,0.3333,0.3333,0.046,0.2286,-0.4954,-6.90776,2,0.3333,0.3333,0.3333,0.527,0.4762,-0.44726,-2.80087,0,0.3333,0.3333,0.3333,0.185,0.1119,-0.48149,-6.90776,0.759,25.449,0.3333,0.3333,0.3333,0.3333,0.3333,0.3333,0.3333,0.3333,0.3333,0.3333,0.3333,0.3333,0.3333,0.3333,0.3333,0.3333,0.3333,0.3333,25.278,0.0,0.171,0.171,43.614,18.414,67.329
11,2026-05-10T22:25:19.919193+00:00,youtube,ISL,15.905,25.729,15.905,0.5,0.5,32.905,29.574,0.6875,0.402,1,0.5,0.5,0.0,2.505,0.7619,-0.24951,-0.39673,0,0.3333,0.3333,0.3333,0.734,0.4167,-0.42664,-6.90776,0,1.0,0.0,0.0,999.0,1.6728,99.4,4.10132,1002.238,1035.144,0.5,0.5,0.0,0.3333,0.3333,0.3333,1.0,0.0,0.0,0.5,0.5,0.0,0.3333,0.3333,0.3333,1.0,0.0,0.0,30.632,3.332,1.54,1004.512,46.945,19.954,1071.841
12,2026-05-10T22:25:29.883171+00:00,youtube,ISL,12.502,22.761,12.502,0.5,0.5,30.281,26.634,0.702,0.4071,1,0.5,0.5,0.0,2.367,0.7619,-0.26327,-0.42396,1,0.3333,0.3333,0.3333,0.992,0.5556,-0.40081,-1.27816,0,1.0,0.0,0.0,999.0,1.6728,99.4,4.10132,1002.359,1032.64,0.5,0.5,0.0,0.3333,0.3333,0.3333,1.0,0.0,0.0,0.5,0.5,0.0,0.3333,0.3333,0.3333,1.0,0.0,0.0,27.692,3.647,1.661,1004.948,50.593,21.614,2076.789
13,2026-05-10T22:25:39.897739+00:00,youtube,GND,19.163,24.335,24.335,0.5,0.5,37.77,28.238,0.716,0.4122,0,0.3333,0.3333,0.3333,0.218,0.2286,-0.47823,-6.90776,1,0.3333,0.3333,0.3333,0.532,0.2857,-0.44675,-6.90776,0,0.5,0.5,0.0,0.847,0.4302,-0.41532,-3.36681,1.597,29.835,0.3333,0.3333,0.3333,0.3333,0.3333,0.3333,0.5,0.5,0.0,0.3333,0.3333,0.3333,0.3333,0.3333,0.3333,0.5,0.5,0.0,29.296,0.0,0.538,0.538,50.593,22.153,2077.327
14,2026-05-10T22:25:49.906239+00:00,youtube,ISL,19.365,25.977,19.365,0.5,0.5,38.851,29.909,0.7295,0.4172,0,0.5,0.5,0.0,0.965,0.5333,-0.40346,-1.41257,2,0.3333,0.3333,0.3333,4.523,0.8333,-0.04767,-0.05891,0,1.0,0.0,0.0,999.0,1.6728,99.4,4.10132,1004.489,1043.34,0.5,0.5,0.0,0.3333,0.3333,0.3333,1.0,0.0,0.0,0.5,0.5,0.0,0.3333,0.3333,0.3333,1.0,0.0,0.0,30.968,8.942,3.79,1012.372,59.534,25.943,3089.699
15,2026-05-10T22:25:59.907377+00:00,youtube,ISL,6.338,15.842,6.338,0.5,0.5,26.753,19.804,0.7425,0.4223,0,0.5,0.5,0.0,1.204,0.5333,-0.37957,-1.24374,1,0.3333,0.3333,0.3333,0.876,0.5556,-0.41242,-1.35619,0,1.0,0.0,0.0,999.0,1.6728,99.4,4.10132,1001.08,1027.833,0.5,0.5,0.0,0.3333,0.3333,0.3333,1.0,0.0,0.0,0.5,0.5,0.0,0.3333,0.3333,0.3333,1.0,0.0,0.0,20.862,6.949,0.381,1006.971,66.484,26.324,4096.669
16,2026-05-10T22:26:09.923328+00:00,youtube,ISL,16.127,21.213,16.127,0.5,0.5,37.519,25.205,0.7548,0.4273,0,0.5,0.5,0.0,0.62,0.5333,-0.43803,-1.72206,2,0.3333,0.3333,0.3333,6.298,0.8333,0.12977,0.14473,0,1.0,0.0,0.0,999.0,1.6728,99.4,4.10132,1005.917,1043.436,0.5,0.5,0.0,0.3333,0.3333,0.3333,1.0,0.0,0.0,0.5,0.5,0.0,0.3333,0.3333,0.3333,1.0,0.0,0.0,26.263,12.314,5.219,1017.173,78.798,31.543,5113.842
17,2026-05-10T22:26:19.930235+00:00,youtube,ISL,16.098,22.348,16.098,0.5,0.5,38.514,26.371,0.7665,0.4322,0,0.5,0.5,0.0,0.6,0.5333,-0.43996,-1.74253,1,0.3333,0.3333,0.3333,1.12,0.5556,-0.38799,-1.19861,0,1.0,0.0,0.0,999.0,1.6728,99.4,4.10132,1000.72,1039.234,0.5,0.5,0.0,0.3333,0.3333,0.3333,1.0,0.0,0.0,0.5,0.5,0.0,0.3333,0.3333,0.3333,1.0,0.0,0.0,27.429,12.143,0.022,1011.805,90.941,31.565,6125.647
18,2026-05-10T22:26:29.947981+00:00,youtube,ISL,25.938,21.834,25.938,0.5,0.5,49.417,25.887,0.7776,0.4371,0,0.5,0.5,0.0,0.61,0.5333,-0.43904,-1.73274,0,0.3333,0.3333,0.3333,0.46,0.4167,-0.45402,-6.90776,0,1.0,0.0,0.0,999.0,1.6728,99.4,4.10132,1000.069,1049.486,0.5,0.5,0.0,0.3333,0.3333,0.3333,1.0,0.0,0.0,0.5,0.5,0.0,0.3333,0.3333,0.3333,1.0,0.0,0.0,26.945,23.53,0.0,1022.541,114.471,31.565,7148.188
19,2026-05-10T22:26:39.959406+00:00,youtube,GND,22.688,25.694,25.694,0.5,0.5,47.266,29.778,0.7879,0.442,1,0.3333,0.3333,0.3333,0.348,0.381,-0.46518,-6.90776,1,0.3333,0.3333,0.3333,0.262,0.2857,-0.47383,-6.90776,1,0.5,0.5,0.0,1.993,0.7169,-0.3007,-0.54375,2.603,32.381,0.3333,0.3333,0.3333,0.3333,0.3333,0.3333,0.5,0.5,0.0,0.3333,0.3333,0.3333,0.3333,0.3333,0.3333,0.5,0.5,0.0,30.837,0.0,1.544,1.544,114.471,33.109,7149.732
20,2026-05-10T22:26:49.981233+00:00,youtube,ISL,7.271,10.751,7.271,0.5,0.5,32.971,14.867,0.7976,0.4469,0,0.5,0.5,0.0,3.022,0.5333,-0.19778,-0.46337,1,0.3333,0.3333,0.3333,0.779,0.5556,-0.42211,-1.42627,0,1.0,0.0,0.0,999.0,1.6728,99.4,4.10132,1002.801,1035.772,0.5,0.5,0.0,0.3333,0.3333,0.3333,1.0,0.0,0.0,0.5,0.5,0.0,0.3333,0.3333,0.3333,1.0,0.0,0.0,15.926,18.104,2.102,1019.846,132.575,35.211,8169.578
21,2026-05-10T22:26:59.991043+00:00,browsing,ISL,20.556,14.635,20.556,0.5,0.5,47.39,18.783,0.8065,0.4517,0,0.5,0.5,0.0,1.145,0.5333,-0.38547,-1.28283,0,0.3333,0.3333,0.3333,0.568,0.4167,-0.44322,-6.90776,0,1.0,0.0,0.0,999.0,1.5278,99.4,4.19059,1000.713,1048.103,0.5,0.5,0.0,0.3333,0.3333,0.3333,1.0,0.0,0.0,0.5,0.5,0.0,0.3333,0.3333,0.3333,1.0,0.0,0.0,19.769,28.607,0.014,1028.334,161.182,35.226,9197.912
22,2026-05-10T22:27:10.007911+00:00,browsing,GND,13.87,23.096,23.096,0.5,0.5,41.836,27.276,0.8146,0.4564,0,0.3333,0.3333,0.3333,0.137,0.2286,-0.48628,-6.90776,0,0.3333,0.3333,0.3333,0.29,0.1786,-0.47097,-6.90776,0,0.5,0.5,0.0,0.66,0.3929,-0.43401,-6.90776,1.087,28.363,0.3333,0.3333,0.3333,0.3333,0.3333,0.3333,0.5,0.5,0.0,0.3333,0.3333,0.3333,0.3333,0.3333,0.3333,0.5,0.5,0.0,28.262,0.0,0.101,0.101,161.182,35.327,9198.013
23,2026-05-10T22:27:20.024428+00:00,browsing,GND,9.91,21.3,21.3,0.5,0.5,38.984,25.512,0.8219,0.4612,0,0.3333,0.3333,0.3333,0.207,0.2286,-0.47931,-6.90776,2,0.3333,0.3333,0.3333,1.331,0.4762,-0.36686,-1.47148,0,0.5,0.5,0.0,0.379,0.3929,-0.46209,-6.90776,1.917,27.429,0.3333,0.3333,0.3333,0.3333,0.3333,0.3333,0.5,0.5,0.0,0.3333,0.3333,0.3333,0.3333,0.3333,0.3333,0.5,0.5,0.0,26.498,0.0,0.931,0.931,161.182,36.257,9198.944
24,2026-05-10T22:27:30.037139+00:00,browsing,GND,15.186,24.069,24.069,0.5,0.5,45.326,28.313,0.8284,0.4658,1,0.3333,0.3333,0.3333,1.498,0.381,-0.35015,-2.51519,1,0.3333,0.3333,0.3333,0.28,0.2857,-0.47197,-6.90776,0,0.5,0.5,0.0,0.524,0.3929,-0.44762,-6.90776,2.303,30.616,0.3333,0.3333,0.3333,0.3333,0.3333,0.3333,0.5,0.5,0.0,0.3333,0.3333,0.3333,0.3333,0.3333,0.3333,0.5,0.5,0.0,29.3,0.0,1.316,1.316,161.182,37.574,9200.26
25,2026-05-10T22:27:40.054386+00:00,browsing,GND,15.919,21.054,21.054,0.5,0.5,47.057,25.331,0.8341,0.4704,1,0.3333,0.3333,0.3333,0.288,0.381,-0.47119,-6.90776,0,0.3333,0.3333,0.3333,0.085,0.1786,-0.49147,-6.90776,1,0.5,0.5,0.0,2.569,0.6548,-0.24314,-0.46418,2.942,28.273,0.3333,0.3333,0.3333,0.3333,0.3333,0.3333,0.5,0.5,0.0,0.3333,0.3333,0.3333,0.3333,0.3333,0.3333,0.5,0.5,0.0,26.318,0.0,1.955,1.955,161.182,39.529,9202.215
26,2026-05-10T22:27:50.066398+00:00,browsing,GND,12.427,22.418,22.418,0.5,0.5,44.469,26.727,0.8389,0.475,1,0.3333,0.3333,0.3333,0.337,0.381,-0.46633,-6.90776,0,0.3333,0.3333,0.3333,0.206,0.1786,-0.47943,-6.90776,1,0.5,0.5,0.0,1.394,0.6548,-0.36055,-0.79998,1.937,28.664,0.3333,0.3333,0.3333,0.3333,0.3333,0.3333,0.5,0.5,0.0,0.3333,0.3333,0.3333,0.3333,0.3333,0.3333,0.5,0.5,0.0,27.714,0.0,0.95,0.95,161.182,40.479,9203.166
27,2026-05-10T22:28:00.424274+00:00,browsing,ISL,19.489,22.942,19.489,0.5,0.5,52.315,27.284,0.8429,0.4795,0,0.5,0.5,0.0,0.907,0.5333,-0.40926,-1.45828,2,0.3333,0.3333,0.3333,4.904,0.8333,-0.00965,-0.01165,0,1.0,0.0,0.0,999.0,1.5278,99.4,4.19059,1004.811,1057.126,0.5,0.5,0.0,0.3333,0.3333,0.3333,1.0,0.0,0.0,0.5,0.5,0.0,0.3333,0.3333,0.3333,1.0,0.0,0.0,28.271,25.031,4.112,1028.855,186.212,44.591,10232.021
28,2026-05-10T22:28:10.438267+00:00,browsing,GND,11.762,19.975,19.975,0.5,0.5,45.229,24.35,0.846,0.484,1,0.3333,0.3333,0.3333,0.319,0.381,-0.46806,-6.90776,1,0.3333,0.3333,0.3333,0.578,0.2857,-0.44215,-6.90776,1,0.5,0.5,0.0,1.132,0.6548,-0.38684,-0.89357,2.029,26.38,0.3333,0.3333,0.3333,0.3333,0.3333,0.3333,0.5,0.5,0.0,0.3333,0.3333,0.3333,0.3333,0.3333,0.3333,0.5,0.5,0.0,25.337,0.0,1.043,1.043,186.212,45.634,10233.064
29,2026-05-10T22:28:20.456212+00:00,browsing,GND,16.611,26.245,26.245,0.5,0.5,50.554,30.654,0.8482,0.4883,0,0.3333,0.3333,0.3333,0.067,0.2286,-0.4933,-6.90776,0,0.3333,0.3333,0.3333,0.365,0.1786,-0.46348,-6.90776,1,0.5,0.5,0.0,1.734,0.6548,-0.32662,-0.69082,2.166,32.82,0.3333,0.3333,0.3333,0.3333,0.3333,0.3333,0.5,0.5,0.0,0.3333,0.3333,0.3333,0.3333,0.3333,0.3333,0.5,0.5,0.0,31.64,0.0,1.179,1.179,186.212,46.814,10234.243
30,2026-05-10T22:28:30.465264+00:00,browsing,GND,12.231,22.315,22.315,0.5,0.5,46.466,26.757,0.8496,0.4927,1,0.3333,0.3333,0.3333,0.493,0.381,-0.45074,-6.90776,2,0.3333,0.3333,0.3333,0.496,0.4762,-0.45039,-2.91527,1,0.5,0.5,0.0,1.118,0.6548,-0.38822,-0.89873,2.107,28.863,0.3333,0.3333,0.3333,0.3333,0.3333,0.3333,0.5,0.5,0.0,0.3333,0.3333,0.3333,0.3333,0.3333,0.3333,0.5,0.5,0.0,27.743,0.0,1.12,1.12,186.212,47.934,10235.363
31,2026-05-10T22:28:40.468821+00:00,instagram,GND,12.806,22.458,22.458,0.5,0.5,47.139,26.934,0.85,0.4969,1,0.3333,0.3333,0.3333,0.741,0.381,-0.42592,-6.90776,0,0.3333,0.3333,0.3333,0.137,0.1786,-0.48626,-6.90776,0,1.0,0.0,0.0,0.983,0.6429,-0.40167,-0.98034,1.862,28.795,0.3333,0.3333,0.3333,0.3333,0.3333,0.3333,1.0,0.0,0.0,0.3333,0.3333,0.3333,0.3333,0.3333,0.3333,1.0,0.0,0.0,28.615,0.0,0.18,0.18,186.212,48.114,10235.543
32,2026-05-10T22:28:50.492447+00:00,instagram,ISL,13.849,22.565,13.849,0.5,0.5,48.084,27.075,0.8496,0.5011,1,0.5,0.5,0.0,2.311,0.7619,-0.26885,-0.43521,1,0.3333,0.3333,0.3333,0.875,0.5556,-0.41246,-1.35644,0,1.0,0.0,0.0,999.0,2.5,99.4,3.7077,1002.187,1050.271,0.5,0.5,0.0,0.3333,0.3333,0.3333,1.0,0.0,0.0,0.5,0.5,0.0,0.3333,0.3333,0.3333,1.0,0.0,0.0,28.756,21.009,1.488,1021.515,207.222,49.602,11257.058
33,2026-05-10T22:29:00.499133+00:00,instagram,ISL,19.481,20.672,19.481,0.5,0.5,53.423,25.215,0.8482,0.5053,0,0.5,0.5,0.0,1.154,0.5333,-0.38465,-1.27731,1,0.3333,0.3333,0.3333,1.439,0.5556,-0.35614,-1.02458,0,1.0,0.0,0.0,999.0,2.5,99.4,3.7077,1001.592,1055.015,0.5,0.5,0.0,0.3333,0.3333,0.3333,1.0,0.0,0.0,0.5,0.5,0.0,0.3333,0.3333,0.3333,1.0,0.0,0.0,26.896,28.208,0.893,1028.119,235.43,50.496,12285.177
34,2026-05-10T22:29:10.514830+00:00,instagram,ISL,20.919,26.086,20.919,0.5,0.5,54.386,30.662,0.846,0.5094,1,0.5,0.5,0.0,2.487,0.7619,-0.25127,-0.40017,0,0.3333,0.3333,0.3333,0.455,0.4167,-0.45446,-6.90776,0,1.0,0.0,0.0,999.0,2.5,99.4,3.7077,1001.943,1056.329,0.5,0.5,0.0,0.3333,0.3333,0.3333,1.0,0.0,0.0,0.5,0.5,0.0,0.3333,0.3333,0.3333,1.0,0.0,0.0,32.343,23.725,1.244,1023.986,259.155,51.74,13309.163
35,2026-05-10T22:29:20.529304+00:00,instagram,GND,6.158,15.412,15.412,0.5,0.5,38.985,20.022,0.8429,0.5134,2,0.3333,0.3333,0.3333,2.333,0.7619,-0.26667,-0.43079,1,0.3333,0.3333,0.3333,0.306,0.2857,-0.46943,-6.90776,0,1.0,0.0,0.0,1.102,0.6429,-0.38978,-0.93222,3.741,23.763,0.3333,0.3333,0.3333,0.3333,0.3333,0.3333,1.0,0.0,0.0,0.3333,0.3333,0.3333,0.3333,0.3333,0.3333,1.0,0.0,0.0,21.703,0.0,2.06,2.06,259.155,53.8,13311.223
36,2026-05-10T22:29:30.544185+00:00,instagram,ISL,11.364,21.745,11.364,0.5,0.5,43.406,26.388,0.8389,0.5173,1,0.5,0.5,0.0,2.611,0.7619,-0.23894,-0.37631,2,0.3333,0.3333,0.3333,4.57,0.8333,-0.04297,-0.05294,0,1.0,0.0,0.0,999.0,2.5,99.4,3.7077,1006.181,1049.587,0.5,0.5,0.0,0.3333,0.3333,0.3333,1.0,0.0,0.0,0.5,0.5,0.0,0.3333,0.3333,0.3333,1.0,0.0,0.0,28.069,17.018,5.482,1021.517,276.172,59.282,14332.741
37,2026-05-10T22:29:40.561260+00:00,instagram,ISL,15.85,22.27,15.85,0.5,0.5,46.987,26.947,0.8341,0.5211,1,0.5,0.5,0.0,2.621,0.7619,-0.23795,-0.37441,0,0.3333,0.3333,0.3333,0.353,0.4167,-0.46473,-6.90776,0,1.0,0.0,0.0,999.0,2.5,99.4,3.7077,1001.973,1048.96,0.5,0.5,0.0,0.3333,0.3333,0.3333,1.0,0.0,0.0,0.5,0.5,0.0,0.3333,0.3333,0.3333,1.0,0.0,0.0,28.628,20.04,1.275,1020.332,296.212,60.556,15353.073
38,2026-05-10T22:29:50.572227+00:00,instagram,ISL,11.085,22.493,11.085,0.5,0.5,41.225,27.203,0.8284,0.5249,0,0.5,0.5,0.0,0.731,0.5333,-0.42687,-1.61134,1,0.3333,0.3333,0.3333,1.329,0.5556,-0.36705,-1.08084,0,1.0,0.0,0.0,999.0,2.5,99.4,3.7077,1001.061,1042.286,0.5,0.5,0.0,0.3333,0.3333,0.3333,1.0,0.0,0.0,0.5,0.5,0.0,0.3333,0.3333,0.3333,1.0,0.0,0.0,28.884,14.022,0.362,1013.402,310.235,60.919,16366.474
39,2026-05-10T22:30:00.578858+00:00,instagram,ISL,19.555,24.396,19.555,0.5,0.5,48.63,29.139,0.8219,0.5286,1,0.5,0.5,0.0,2.627,0.7619,-0.23725,-0.37309,2,0.3333,0.3333,0.3333,4.794,0.8333,-0.02063,-0.02507,0,1.0,0.0,0.0,999.0,2.5,99.4,3.7077,1006.421,1055.051,0.5,0.5,0.0,0.3333,0.3333,0.3333,1.0,0.0,0.0,0.5,0.5,0.0,0.3333,0.3333,0.3333,1.0,0.0,0.0,30.82,19.491,5.723,1024.231,329.726,66.641,17390.705
40,2026-05-10T22:30:10.597548+00:00,instagram,GND,12.581,22.625,22.625,0.5,0.5,40.547,27.4,0.8146,0.5322,2,0.3333,0.3333,0.3333,2.457,0.7619,-0.25434,-0.40619,0,0.3333,0.3333,0.3333,0.37,0.1786,-0.46301,-6.90776,0,1.0,0.0,0.0,1.793,0.6429,-0.32065,-0.69074,4.62,32.02,0.3333,0.3333,0.3333,0.3333,0.3333,0.3333,1.0,0.0,0.0,0.3333,0.3333,0.3333,0.3333,0.3333,0.3333,1.0,0.0,0.0,29.082,0.0,2.939,2.939,329.726,69.58,17393.644
41,2026-05-10T22:30:20.612169+00:00,mixed,ISL,12.723,22.882,12.723,0.5,0.5,39.557,27.69,0.8065,0.5358,1,0.5,0.5,0.0,3.193,0.7619,-0.18065,-0.27063,1,0.3333,0.3333,0.3333,0.828,0.5556,-0.41725,-1.39049,0,1.0,0.0,0.0,999.0,1.9444,99.4,3.95355,1003.021,1042.578,0.5,0.5,0.0,0.3333,0.3333,0.3333,1.0,0.0,0.0,0.5,0.5,0.0,0.3333,0.3333,0.3333,1.0,0.0,0.0,28.905,11.867,2.322,1013.674,341.593,71.902,18407.318
42,2026-05-10T22:30:30.628312+00:00,mixed,ISL,16.265,24.555,16.265,0.5,0.5,41.964,29.396,0.7976,0.5392,1,0.5,0.5,0.0,2.94,0.7619,-0.20595,-0.31514,1,0.3333,0.3333,0.3333,0.77,0.5556,-0.42295,-1.43262,0,1.0,0.0,0.0,999.0,1.9444,99.4,3.95355,1002.711,1044.675,0.5,0.5,0.0,0.3333,0.3333,0.3333,1.0,0.0,0.0,0.5,0.5,0.0,0.3333,0.3333,0.3333,1.0,0.0,0.0,30.611,12.568,2.012,1014.064,354.161,73.914,19421.382
43,2026-05-10T22:30:40.640782+00:00,mixed,GND,10.462,20.38,20.38,0.5,0.5,35.039,25.253,0.7879,0.5426,0,0.3333,0.3333,0.3333,0.363,0.2286,-0.46367,-6.90776,2,0.3333,0.3333,0.3333,0.631,0.4762,-0.43691,-2.49498,1,0.5,0.5,0.0,2.978,0.8333,-0.2022,-0.27791,3.972,29.225,0.3333,0.3333,0.3333,0.3333,0.3333,0.3333,0.5,0.5,0.0,0.3333,0.3333,0.3333,0.3333,0.3333,0.3333,0.5,0.5,0.0,26.468,0.0,2.757,2.757,354.161,76.672,19424.14
44,2026-05-10T22:30:50.649465+00:00,mixed,GND,15.982,21.058,21.058,0.5,0.5,39.461,25.963,0.7776,0.5459,2,0.3333,0.3333,0.3333,3.563,0.7619,-0.14368,-0.20897,0,0.3333,0.3333,0.3333,0.103,0.1786,-0.48973,-6.90776,0,0.5,0.5,0.0,0.439,0.5,-0.45614,-2.43365,4.104,30.067,0.3333,0.3333,0.3333,0.3333,0.3333,0.3333,0.5,0.5,0.0,0.3333,0.3333,0.3333,0.3333,0.3333,0.3333,0.5,0.5,0.0,27.178,0.0,2.89,2.89,354.161,79.562,19427.029
45,2026-05-10T22:31:00.666826+00:00,mixed,GND,20.496,22.874,22.874,0.5,0.5,42.911,27.81,0.7665,0.5491,0,0.3333,0.3333,0.3333,0.326,0.2286,-0.46737,-6.90776,1,0.3333,0.3333,0.3333,0.317,0.2857,-0.46834,-6.90776,0,0.5,0.5,0.0,0.539,0.5,-0.44612,-2.22788,1.182,28.991,0.3333,0.3333,0.3333,0.3333,0.3333,0.3333,0.5,0.5,0.0,0.3333,0.3333,0.3333,0.3333,0.3333,0.3333,0.5,0.5,0.0,29.024,0.0,0.0,0.0,354.161,79.562,19427.029
46,2026-05-10T22:31:10.682887+00:00,mixed,ISL,9.608,11.887,9.608,0.5,0.5,31.0,16.853,0.7548,0.5523,1,0.5,0.5,0.0,2.543,0.7619,-0.24569,-0.3893,2,0.3333,0.3333,0.3333,6.369,0.8333,0.1369,0.1521,0,1.0,0.0,0.0,999.0,1.9444,99.4,3.95355,1007.912,1038.912,0.5,0.5,0.0,0.3333,0.3333,0.3333,1.0,0.0,0.0,0.5,0.5,0.0,0.3333,0.3333,0.3333,1.0,0.0,0.0,18.068,14.147,7.213,1020.844,368.308,86.775,20447.873
47,2026-05-10T22:31:20.700425+00:00,mixed,GND,19.548,24.157,24.157,0.5,0.5,39.963,29.154,0.7425,0.5553,0,0.3333,0.3333,0.3333,0.086,0.2286,-0.49138,-6.90776,0,0.3333,0.3333,0.3333,0.061,0.1786,-0.49391,-6.90776,0,0.5,0.5,0.0,1.135,0.5,-0.38652,-1.48302,1.282,30.436,0.3333,0.3333,0.3333,0.3333,0.3333,0.3333,0.5,0.5,0.0,0.3333,0.3333,0.3333,0.3333,0.3333,0.3333,0.5,0.5,0.0,30.369,0.0,0.067,0.067,368.308,86.842,20447.94
48,2026-05-10T22:31:30.717470+00:00,mixed,GND,15.463,25.561,25.561,0.5,0.5,34.95,30.588,0.7295,0.5582,2,0.3333,0.3333,0.3333,3.138,0.7619,-0.18618,-0.28019,1,0.3333,0.3333,0.3333,0.322,0.2857,-0.4678,-6.90776,0,0.5,0.5,0.0,0.449,0.5,-0.45512,-2.41057,3.909,34.497,0.3333,0.3333,0.3333,0.3333,0.3333,0.3333,0.5,0.5,0.0,0.3333,0.3333,0.3333,0.3333,0.3333,0.3333,0.5,0.5,0.0,31.803,0.0,2.694,2.694,368.308,89.536,20450.635
49,2026-05-10T22:31:40.734899+00:00,mixed,ISL,12.841,23.004,12.841,0.5,0.5,31.448,28.061,0.716,0.5611,0,0.5,0.5,0.0,0.75,0.5333,-0.42497,-1.59362,0,0.3333,0.3333,0.3333,0.981,0.4167,-0.40189,-3.33908,0,1.0,0.0,0.0,999.0,1.9444,99.4,3.95355,1000.731,1032.18,0.5,0.5,0.0,0.3333,0.3333,0.3333,1.0,0.0,0.0,0.5,0.5,0.0,0.3333,0.3333,0.3333,1.0,0.0,0.0,29.276,3.387,0.033,1002.904,371.695,89.569,21453.538
50,2026-05-10T22:31:50.746907+00:00,mixed,GND,24.273,24.319,24.319,0.5,0.5,42.052,29.404,0.702,0.5638,2,0.3333,0.3333,0.3333,2.318,0.7619,-0.26819,-0.43387,2,0.3333,0.3333,0.3333,0.432,0.4762,-0.45677,-3.19937,1,0.5,0.5,0.0,3.575,0.8333,-0.14247,-0.18749,6.326,35.73,0.3333,0.3333,0.3333,0.3333,0.3333,0.3333,0.5,0.5,0.0,0.3333,0.3333,0.3333,0.3333,0.3333,0.3333,0.5,0.5,0.0,30.619,0.0,5.111,5.111,371.695,94.68,21458.649
51,2026-05-10T22:32:00.765952+00:00,gaming,ISL,19.496,24.939,19.496,0.5,0.5,36.496,30.053,0.6875,0.5665,0,0.5,0.5,0.0,0.863,0.5333,-0.41374,-1.49507,2,0.3333,0.3333,0.3333,5.19,0.8333,0.01904,0.02259,0,0.5,0.5,0.0,0.295,0.4352,-0.47052,-6.90776,6.348,42.844,0.5,0.5,0.0,0.3333,0.3333,0.3333,0.5,0.5,0.0,0.5,0.5,0.0,0.3333,0.3333,0.3333,0.5,0.5,0.0,30.64,6.444,3.984,12.204,378.138,98.664,21470.853
52,2026-05-10T22:32:10.772455+00:00,gaming,ISL,16.238,21.018,16.238,0.5,0.5,32.507,26.159,0.6725,0.5691,1,0.5,0.5,0.0,3.083,0.7619,-0.19167,-0.28978,2,0.3333,0.3333,0.3333,4.553,0.8333,-0.04473,-0.05517,0,0.5,0.5,0.0,0.404,0.4352,-0.4596,-6.90776,8.04,40.547,0.5,0.5,0.0,0.3333,0.3333,0.3333,0.5,0.5,0.0,0.5,0.5,0.0,0.3333,0.3333,0.3333,0.5,0.5,0.0,26.747,6.348,5.676,13.8,384.486,104.34,21484.654
53,2026-05-10T22:32:20.795664+00:00,gaming,GND,10.333,10.336,10.336,0.5,0.5,25.918,15.504,0.6572,0.5716,2,0.3333,0.3333,0.3333,2.831,0.7619,-0.21689,-0.33501,2,0.3333,0.3333,0.3333,1.008,0.4762,-0.3992,-1.82211,0,0.3333,0.3333,0.3333,0.283,0.1119,-0.47167,-6.90776,4.122,19.626,0.3333,0.3333,0.3333,0.3333,0.3333,0.3333,0.3333,0.3333,0.3333,0.3333,0.3333,0.3333,0.3333,0.3333,0.3333,0.3333,0.3333,0.3333,16.091,0.0,3.535,3.535,384.486,107.875,21488.189
54,2026-05-10T22:32:30.811775+00:00,gaming,GND,16.539,22.43,22.43,0.5,0.5,31.485,27.625,0.6415,0.5739,2,0.3333,0.3333,0.3333,2.954,0.7619,-0.20458,-0.31268,2,0.3333,0.3333,0.3333,0.759,0.4762,-0.42411,-2.21297,1,0.3333,0.3333,0.3333,0.204,0.1865,-0.47963,-6.90776,3.917,31.541,0.3333,0.3333,0.3333,0.3333,0.3333,0.3333,0.3333,0.3333,0.3333,0.3333,0.3333,0.3333,0.3333,0.3333,0.3333,0.3333,0.3333,0.3333,28.212,0.0,3.329,3.329,384.486,111.204,21491.518
55,2026-05-10T22:32:40.832357+00:00,gaming,ISL,25.201,21.767,25.201,0.5,0.5,39.55,26.986,0.6254,0.5762,0,0.5,0.5,0.0,1.641,0.5333,-0.33593,-0.99387,0,0.3333,0.3333,0.3333,0.414,0.4167,-0.45861,-6.90776,1,0.5,0.5,0.0,2.564,0.6528,-0.24362,-0.46713,4.618,44.168,0.5,0.5,0.0,0.3333,0.3333,0.3333,0.5,0.5,0.0,0.5,0.5,0.0,0.3333,0.3333,0.3333,0.5,0.5,0.0,27.574,12.564,2.255,16.595,397.05,113.459,21508.113
56,2026-05-10T22:32:50.862568+00:00,gaming,GND,16.068,25.424,25.424,0.5,0.5,29.859,30.668,0.6091,0.5784,2,0.3333,0.3333,0.3333,2.67,0.7619,-0.23302,-0.36506,0,0.3333,0.3333,0.3333,0.07,0.1786,-0.49299,-6.90776,1,0.3333,0.3333,0.3333,0.263,0.1865,-0.47367,-6.90776,3.003,33.671,0.3333,0.3333,0.3333,0.3333,0.3333,0.3333,0.3333,0.3333,0.3333,0.3333,0.3333,0.3333,0.3333,0.3333,0.3333,0.3333,0.3333,0.3333,31.256,0.809,2.416,2.416,397.859,115.875,21510.529
57,2026-05-10T22:33:00.860615+00:00,gaming,GND,12.172,22.551,22.551,0.5,0.5,25.444,27.818,0.5926,0.5805,0,0.3333,0.3333,0.3333,0.181,0.2286,-0.48191,-6.90776,1,0.3333,0.3333,0.3333,0.31,0.2857,-0.46904,-6.90776,2,0.3333,0.3333,0.3333,1.267,0.2798,-0.37333,-6.90776,1.757,29.576,0.3333,0.3333,0.3333,0.3333,0.3333,0.3333,0.3333,0.3333,0.3333,0.3333,0.3333,0.3333,0.3333,0.3333,0.3333,0.3333,0.3333,0.3333,27.808,2.374,1.17,1.767,400.233,117.044,21512.296
58,2026-05-10T22:33:10.891177+00:00,gaming,GND,19.941,24.213,24.213,0.5,0.5,32.729,29.503,0.5758,0.5824,0,0.3333,0.3333,0.3333,0.137,0.2286,-0.48634,-6.90776,2,0.3333,0.3333,0.3333,1.289,0.4762,-0.37114,-1.51138,2,0.3333,0.3333,0.3333,0.236,0.2798,-0.47642,-6.90776,1.661,31.164,0.3333,0.3333,0.3333,0.3333,0.3333,0.3333,0.3333,0.3333,0.3333,0.3333,0.3333,0.3333,0.3333,0.3333,0.3333,0.3333,0.3333,0.3333,30.09,0.0,1.074,1.074,400.233,118.118,21513.369
59,2026-05-10T22:33:20.909849+00:00,gaming,GND,10.918,22.411,22.411,0.5,0.5,23.255,27.723,0.559,0.5843,1,0.3333,0.3333,0.3333,0.998,0.381,-0.40018,-6.90776,2,0.3333,0.3333,0.3333,1.093,0.4762,-0.3907,-1.71737,0,0.3333,0.3333,0.3333,0.106,0.1119,-0.48936,-6.90776,2.198,29.92,0.3333,0.3333,0.3333,0.3333,0.3333,0.3333,0.3333,0.3333,0.3333,0.3333,0.3333,0.3333,0.3333,0.3333,0.3333,0.3333,0.3333,0.3333,25.619,4.468,1.61,4.301,404.701,119.728,21517.671
60,2026-05-10T22:33:30.926022+00:00,gaming,GND,16.515,25.934,25.934,0.5,0.5,28.432,31.266,0.542,0.5861,0,0.3333,0.3333,0.3333,0.082,0.2286,-0.49184,-6.90776,1,0.3333,0.3333,0.3333,0.226,0.2857,-0.47739,-6.90776,1,0.3333,0.3333,0.3333,0.08,0.1865,-0.49195,-6.90776,0.388,31.654,0.3333,0.3333,0.3333,0.3333,0.3333,0.3333,0.3333,0.3333,0.3333,0.3333,0.3333,0.3333,0.3333,0.3333,0.3333,0.3333,0.3333,0.3333,30.796,2.833,0.0,0.858,407.534,119.728,21518.528
61,2026-05-10T22:33:40.963124+00:00,youtube,GND,18.64,24.075,24.075,0.5,0.5,30.166,29.426,0.525,0.5878,2,0.3333,0.3333,0.3333,2.332,0.7619,-0.2668,-0.43106,1,0.3333,0.3333,0.3333,0.32,0.2857,-0.46802,-6.90776,1,0.5,0.5,0.0,1.799,0.7169,-0.32014,-0.59158,4.45,33.877,0.3333,0.3333,0.3333,0.3333,0.3333,0.3333,0.5,0.5,0.0,0.3333,0.3333,0.3333,0.3333,0.3333,0.3333,0.5,0.5,0.0,30.485,0.0,3.392,3.392,407.534,123.12,21521.92
62,2026-05-10T22:33:50.977261+00:00,youtube,ISL,16.833,25.869,16.833,0.5,0.5,27.995,31.239,0.508,0.5893,1,0.5,0.5,0.0,2.378,0.7619,-0.26217,-0.42174,1,0.3333,0.3333,0.3333,1.505,0.5556,-0.3495,-0.9918,0,1.0,0.0,0.0,999.0,1.6728,99.4,4.10132,1002.883,1030.879,0.5,0.5,0.0,0.3333,0.3333,0.3333,1.0,0.0,0.0,0.5,0.5,0.0,0.3333,0.3333,0.3333,1.0,0.0,0.0,32.298,0.0,2.185,998.581,407.534,125.305,22520.501
63,2026-05-10T22:34:00.996530+00:00,youtube,ISL,11.593,21.904,11.593,0.5,0.5,22.417,27.291,0.491,0.5908,1,0.5,0.5,0.0,2.269,0.7619,-0.27307,-0.4438,1,0.3333,0.3333,0.3333,0.905,0.5556,-0.40954,-1.33628,0,1.0,0.0,0.0,999.0,1.6728,99.4,4.10132,1002.174,1024.59,0.5,0.5,0.0,0.3333,0.3333,0.3333,1.0,0.0,0.0,0.5,0.5,0.0,0.3333,0.3333,0.3333,1.0,0.0,0.0,28.35,0.0,1.475,996.241,407.534,126.78,23516.742
64,2026-05-10T22:34:11.028561+00:00,youtube,ISL,12.853,24.153,12.853,0.5,0.5,23.361,29.556,0.4742,0.5921,0,0.5,0.5,0.0,0.965,0.5333,-0.40349,-1.41281,1,0.3333,0.3333,0.3333,1.098,0.5556,-0.3902,-1.21184,0,1.0,0.0,0.0,999.0,1.6728,99.4,4.10132,1001.063,1024.424,0.5,0.5,0.0,0.3333,0.3333,0.3333,1.0,0.0,0.0,0.5,0.5,0.0,0.3333,0.3333,0.3333,1.0,0.0,0.0,30.615,0.0,0.364,993.809,407.534,127.144,24510.552
65,2026-05-10T22:34:21.050041+00:00,youtube,GND,16.128,24.718,24.718,0.5,0.5,26.344,30.137,0.4574,0.5934,1,0.3333,0.3333,0.3333,1.556,0.381,-0.34443,-2.34475,2,0.3333,0.3333,0.3333,0.451,0.4762,-0.45493,-3.1091,0,0.5,0.5,0.0,0.415,0.4302,-0.4585,-6.90776,2.421,32.558,0.3333,0.3333,0.3333,0.3333,0.3333,0.3333,0.5,0.5,0.0,0.3333,0.3333,0.3333,0.3333,0.3333,0.3333,0.5,0.5,0.0,31.195,3.793,1.363,1.363,411.327,128.507,24511.914
66,2026-05-10T22:34:31.068935+00:00,youtube,ISL,13.226,20.792,13.226,0.5,0.5,23.169,26.225,0.4409,0.5945,1,0.5,0.5,0.0,2.551,0.7619,-0.24494,-0.38785,1,0.3333,0.3333,0.3333,1.253,0.5556,-0.3747,-1.12226,0,1.0,0.0,0.0,999.0,1.6728,99.4,4.10132,1002.804,1025.972,0.5,0.5,0.0,0.3333,0.3333,0.3333,1.0,0.0,0.0,0.5,0.5,0.0,0.3333,0.3333,0.3333,1.0,0.0,0.0,27.283,0.0,2.105,998.689,411.327,130.612,25510.604
67,2026-05-10T22:34:41.080230+00:00,youtube,ISL,15.42,17.848,15.42,0.5,0.5,25.11,23.294,0.4246,0.5956,1,0.5,0.5,0.0,2.49,0.7619,-0.25099,-0.39962,2,0.3333,0.3333,0.3333,5.757,0.8333,0.07573,0.08698,0,1.0,0.0,0.0,999.0,1.6728,99.4,4.10132,1007.247,1032.357,0.5,0.5,0.0,0.3333,0.3333,0.3333,1.0,0.0,0.0,0.5,0.5,0.0,0.3333,0.3333,0.3333,1.0,0.0,0.0,24.352,1.816,6.549,1008.005,413.143,137.161,26518.608
68,2026-05-10T22:34:51.115389+00:00,youtube,GND,1.884,12.429,12.429,0.5,0.5,11.338,17.886,0.4085,0.5965,2,0.3333,0.3333,0.3333,2.516,0.7619,-0.24844,-0.39464,2,0.3333,0.3333,0.3333,0.484,0.4762,-0.4516,-2.96365,0,0.5,0.5,0.0,0.501,0.4302,-0.44986,-6.90776,3.501,21.387,0.3333,0.3333,0.3333,0.3333,0.3333,0.3333,0.5,0.5,0.0,0.3333,0.3333,0.3333,0.3333,0.3333,0.3333,0.5,0.5,0.0,18.945,6.548,2.442,2.442,419.691,139.603,26521.051
69,2026-05-10T22:35:01.141864+00:00,youtube,ISL,17.673,26.284,17.673,0.5,0.5,26.908,31.751,0.3928,0.5973,1,0.5,0.5,0.0,2.463,0.7619,-0.25365,-0.40484,0,0.3333,0.3333,0.3333,1.403,0.4167,-0.35968,-1.98955,0,1.0,0.0,0.0,999.0,1.6728,99.4,4.10132,1002.867,1029.775,0.5,0.5,0.0,0.3333,0.3333,0.3333,1.0,0.0,0.0,0.5,0.5,0.0,0.3333,0.3333,0.3333,1.0,0.0,0.0,32.809,0.0,2.168,996.966,419.691,141.771,27518.016
70,2026-05-10T22:35:11.164219+00:00,youtube,GND,15.634,20.816,20.816,0.5,0.5,24.665,26.291,0.3775,0.598,1,0.3333,0.3333,0.3333,1.139,0.381,-0.38614,-6.90776,1,0.3333,0.3333,0.3333,0.233,0.2857,-0.47673,-6.90776,1,0.5,0.5,0.0,1.704,0.7169,-0.32965,-0.61582,3.075,29.366,0.3333,0.3333,0.3333,0.3333,0.3333,0.3333,0.5,0.5,0.0,0.3333,0.3333,0.3333,0.3333,0.3333,0.3333,0.5,0.5,0.0,27.35,1.626,2.016,2.016,421.317,143.787,27520.033
71,2026-05-10T22:35:21.201592+00:00,browsing,ISL,16.255,25.653,16.255,0.5,0.5,25.098,31.136,0.3625,0.5986,0,0.5,0.5,0.0,0.667,0.5333,-0.43334,-1.67403,1,0.3333,0.3333,0.3333,1.446,0.5556,-0.35541,-1.02095,0,1.0,0.0,0.0,999.0,1.5278,99.4,4.19059,1001.112,1026.211,0.5,0.5,0.0,0.3333,0.3333,0.3333,1.0,0.0,0.0,0.5,0.5,0.0,0.3333,0.3333,0.3333,1.0,0.0,0.0,32.123,0.0,0.414,994.088,421.317,144.201,28514.121
72,2026-05-10T22:35:31.201701+00:00,browsing,GND,12.638,23.703,23.703,0.5,0.5,21.307,29.192,0.348,0.5991,1,0.3333,0.3333,0.3333,0.176,0.381,-0.48245,-6.90776,0,0.3333,0.3333,0.3333,0.139,0.1786,-0.4861,-6.90776,0,0.5,0.5,0.0,0.346,0.3929,-0.46535,-6.90776,0.661,29.853,0.3333,0.3333,0.3333,0.3333,0.3333,0.3333,0.5,0.5,0.0,0.3333,0.3333,0.3333,0.3333,0.3333,0.3333,0.5,0.5,0.0,30.179,7.885,0.0,0.0,429.202,144.201,28514.121
73,2026-05-10T22:35:41.224976+00:00,browsing,ISL,16.064,24.309,16.064,0.5,0.5,24.571,29.803,0.334,0.5995,1,0.5,0.5,0.0,3.153,0.7619,-0.18475,-0.27771,1,0.3333,0.3333,0.3333,1.235,0.5556,-0.37645,-1.13202,0,1.0,0.0,0.0,999.0,1.5278,99.4,4.19059,1003.388,1027.959,0.5,0.5,0.0,0.3333,0.3333,0.3333,1.0,0.0,0.0,0.5,0.5,0.0,0.3333,0.3333,0.3333,1.0,0.0,0.0,30.79,0.0,2.689,997.169,429.202,146.89,29511.29
74,2026-05-10T22:35:51.238442+00:00,browsing,GND,10.999,20.556,20.556,0.5,0.5,19.357,26.054,0.3205,0.5998,0,0.3333,0.3333,0.3333,0.265,0.2286,-0.47347,-6.90776,0,0.3333,0.3333,0.3333,0.108,0.1786,-0.48917,-6.90776,1,0.5,0.5,0.0,1.313,0.6548,-0.3687,-0.82805,1.687,27.74,0.3333,0.3333,0.3333,0.3333,0.3333,0.3333,0.5,0.5,0.0,0.3333,0.3333,0.3333,0.3333,0.3333,0.3333,0.5,0.5,0.0,27.04,6.697,0.7,0.7,435.899,147.591,29511.99
75,2026-05-10T22:36:01.254318+00:00,browsing,ISL,15.087,20.547,15.087,0.5,0.5,23.307,26.046,0.3075,0.5999,1,0.5,0.5,0.0,2.488,0.7619,-0.25122,-0.40007,2,0.3333,0.3333,0.3333,4.757,0.8333,-0.0243,-0.02959,0,1.0,0.0,0.0,999.0,1.5278,99.4,4.19059,1006.245,1029.552,0.5,0.5,0.0,0.3333,0.3333,0.3333,1.0,0.0,0.0,0.5,0.5,0.0,0.3333,0.3333,0.3333,1.0,0.0,0.0,27.033,0.0,5.546,1002.52,435.899,153.137,30514.51
76,2026-05-10T22:36:11.279145+00:00,browsing,ISL,10.549,22.319,10.549,0.5,0.5,18.643,27.819,0.2952,0.6,0,0.5,0.5,0.0,0.965,0.5333,-0.40351,-1.41298,1,0.3333,0.3333,0.3333,1.709,0.5556,-0.32906,-0.89726,0,1.0,0.0,0.0,999.0,1.5278,99.4,4.19059,1001.674,1020.317,0.5,0.5,0.0,0.3333,0.3333,0.3333,1.0,0.0,0.0,0.5,0.5,0.0,0.3333,0.3333,0.3333,1.0,0.0,0.0,28.805,0.0,0.976,991.512,435.899,154.112,31506.022
77,2026-05-10T22:36:21.302252+00:00,browsing,GND,16.041,26.027,26.027,0.5,0.5,24.019,31.527,0.2835,0.5999,0,0.3333,0.3333,0.3333,0.066,0.2286,-0.49338,-6.90776,1,0.3333,0.3333,0.3333,0.357,0.2857,-0.46427,-6.90776,0,0.5,0.5,0.0,0.365,0.3929,-0.46349,-6.90776,0.789,32.315,0.3333,0.3333,0.3333,0.3333,0.3333,0.3333,0.5,0.5,0.0,0.3333,0.3333,0.3333,0.3333,0.3333,0.3333,0.5,0.5,0.0,32.513,7.508,0.0,0.0,443.406,154.112,31506.022
78,2026-05-10T22:36:31.320411+00:00,browsing,ISL,13.37,23.579,13.37,0.5,0.5,21.243,29.076,0.2724,0.5998,1,0.5,0.5,0.0,3.47,0.7619,-0.15299,-0.22414,0,0.3333,0.3333,0.3333,0.896,0.4167,-0.41044,-4.20373,0,1.0,0.0,0.0,999.0,1.5278,99.4,4.19059,1003.366,1024.608,0.5,0.5,0.0,0.3333,0.3333,0.3333,1.0,0.0,0.0,0.5,0.5,0.0,0.3333,0.3333,0.3333,1.0,0.0,0.0,30.063,0.0,2.667,994.545,443.406,156.779,32500.567
79,2026-05-10T22:36:41.337807+00:00,browsing,ISL,20.558,22.959,20.558,0.5,0.5,28.334,28.453,0.2621,0.5995,1,0.5,0.5,0.0,3.698,0.7619,-0.13018,-0.18736,2,0.3333,0.3333,0.3333,5.5,0.8333,0.05002,0.05829,0,1.0,0.0,0.0,999.0,1.5278,99.4,4.19059,1008.198,1036.532,0.5,0.5,0.0,0.3333,0.3333,0.3333,1.0,0.0,0.0,0.5,0.5,0.0,0.3333,0.3333,0.3333,1.0,0.0,0.0,29.44,0.0,7.5,1007.092,443.406,164.279,33507.659
80,2026-05-10T22:36:51.344889+00:00,browsing,GND,17.267,11.745,11.745,0.5,0.5,24.955,17.234,0.2524,0.5991,0,0.3333,0.3333,0.3333,0.209,0.2286,-0.47913,-6.90776,0,0.3333,0.3333,0.3333,0.21,0.1786,-0.47903,-6.90776,1,0.5,0.5,0.0,1.615,0.6548,-0.3385,-0.72771,2.033,19.267,0.3333,0.3333,0.3333,0.3333,0.3333,0.3333,0.5,0.5,0.0,0.3333,0.3333,0.3333,0.3333,0.3333,0.3333,0.5,0.5,0.0,18.221,0.0,1.047,1.047,443.406,165.326,33508.706
81,2026-05-10T22:37:01.373230+00:00,instagram,GND,17.018,26.321,26.321,0.5,0.5,24.628,31.804,0.2435,0.5986,2,0.3333,0.3333,0.3333,2.467,0.7619,-0.25334,-0.40422,2,0.3333,0.3333,0.3333,0.486,0.4762,-0.45143,-2.95638,0,1.0,0.0,0.0,1.215,0.6429,-0.37853,-0.88872,4.167,35.971,0.3333,0.3333,0.3333,0.3333,0.3333,0.3333,1.0,0.0,0.0,0.3333,0.3333,0.3333,0.3333,0.3333,0.3333,1.0,0.0,0.0,33.485,7.176,2.486,2.486,450.582,167.812,33511.192
82,2026-05-10T22:37:11.394048+00:00,instagram,GND,13.601,22.604,22.604,0.5,0.5,21.14,28.079,0.2354,0.598,2,0.3333,0.3333,0.3333,3.444,0.7619,-0.15558,-0.2284,1,0.3333,0.3333,0.3333,0.125,0.2857,-0.48748,-6.90776,0,1.0,0.0,0.0,0.964,0.6429,-0.40365,-0.98858,4.533,32.612,0.3333,0.3333,0.3333,0.3333,0.3333,0.3333,1.0,0.0,0.0,0.3333,0.3333,0.3333,0.3333,0.3333,0.3333,1.0,0.0,0.0,29.76,6.939,2.852,2.852,457.521,170.663,33514.044
83,2026-05-10T22:37:21.424207+00:00,instagram,ISL,16.7,21.281,16.7,0.5,0.5,24.178,26.748,0.2281,0.5973,1,0.5,0.5,0.0,2.75,0.7619,-0.22495,-0.34992,1,0.3333,0.3333,0.3333,1.823,0.5556,-0.31773,-0.84843,0,1.0,0.0,0.0,999.0,2.5,99.4,3.7077,1003.573,1027.751,0.5,0.5,0.0,0.3333,0.3333,0.3333,1.0,0.0,0.0,0.5,0.5,0.0,0.3333,0.3333,0.3333,1.0,0.0,0.0,28.429,0.0,2.874,999.321,457.521,173.538,34513.365
84,2026-05-10T22:37:31.463800+00:00,instagram,GND,7.491,10.742,10.742,0.5,0.5,14.914,16.199,0.2216,0.5965,1,0.3333,0.3333,0.3333,0.32,0.381,-0.46802,-6.90776,2,0.3333,0.3333,0.3333,0.762,0.4762,-0.4238,-2.20718,0,1.0,0.0,0.0,0.692,0.6429,-0.43077,-1.10893,1.774,17.973,0.3333,0.3333,0.3333,0.3333,0.3333,0.3333,1.0,0.0,0.0,0.3333,0.3333,0.3333,0.3333,0.3333,0.3333,1.0,0.0,0.0,17.88,1.285,0.093,0.093,458.806,173.631,34513.458
85,2026-05-10T22:37:41.485948+00:00,instagram,ISL,20.114,14.494,20.114,0.5,0.5,27.491,19.94,0.2159,0.5956,0,0.5,0.5,0.0,0.535,0.5333,-0.44652,-1.81534,2,0.3333,0.3333,0.3333,4.612,0.8333,-0.03881,-0.04769,0,1.0,0.0,0.0,999.0,2.5,99.4,3.7077,1004.147,1031.638,0.5,0.5,0.0,0.3333,0.3333,0.3333,1.0,0.0,0.0,0.5,0.5,0.0,0.3333,0.3333,0.3333,1.0,0.0,0.0,21.621,7.551,3.448,1010.017,466.357,177.079,35523.475
86,2026-05-10T22:37:51.508105+00:00,instagram,GND,13.036,22.802,22.802,0.5,0.5,20.374,28.235,0.2111,0.5945,2,0.3333,0.3333,0.3333,4.057,0.7619,-0.09431,-0.13215,1,0.3333,0.3333,0.3333,0.96,0.2857,-0.40396,-6.90776,0,1.0,0.0,0.0,0.808,0.6429,-0.41923,-1.05594,5.825,34.06,0.3333,0.3333,0.3333,0.3333,0.3333,0.3333,1.0,0.0,0.0,0.3333,0.3333,0.3333,0.3333,0.3333,0.3333,1.0,0.0,0.0,29.916,7.861,4.144,4.144,474.218,181.222,35527.618
87,2026-05-10T22:38:01.540173+00:00,instagram,GND,15.604,24.138,24.138,0.5,0.5,22.91,29.557,0.2071,0.5934,1,0.3333,0.3333,0.3333,0.69,0.381,-0.43096,-6.90776,2,0.3333,0.3333,0.3333,0.416,0.4762,-0.45836,-3.28503,0,1.0,0.0,0.0,0.774,0.6429,-0.42258,-1.07106,1.881,31.438,0.3333,0.3333,0.3333,0.3333,0.3333,0.3333,1.0,0.0,0.0,0.3333,0.3333,0.3333,0.3333,0.3333,0.3333,1.0,0.0,0.0,31.238,6.647,0.2,0.2,480.865,181.422,35527.818
88,2026-05-10T22:38:11.559000+00:00,instagram,GND,15.111,20.641,20.641,0.5,0.5,22.392,26.044,0.204,0.5921,2,0.3333,0.3333,0.3333,3.072,0.7619,-0.19278,-0.29173,2,0.3333,0.3333,0.3333,0.498,0.4762,-0.45023,-2.90936,0,1.0,0.0,0.0,1.588,0.6429,-0.34118,-0.75655,5.158,31.202,0.3333,0.3333,0.3333,0.3333,0.3333,0.3333,1.0,0.0,0.0,0.3333,0.3333,0.3333,0.3333,0.3333,0.3333,1.0,0.0,0.0,27.726,3.652,3.477,3.477,484.517,184.899,35531.295
89,2026-05-10T22:38:21.581261+00:00,instagram,ISL,16.527,26.284,16.527,0.5,0.5,23.791,31.672,0.2018,0.5908,0,0.5,0.5,0.0,2.075,0.5333,-0.2925,-0.79504,2,0.3333,0.3333,0.3333,5.102,0.8333,0.01025,0.01222,0,1.0,0.0,0.0,999.0,2.5,99.4,3.7077,1006.177,1029.968,0.5,0.5,0.0,0.3333,0.3333,0.3333,1.0,0.0,0.0,0.5,0.5,0.0,0.3333,0.3333,0.3333,1.0,0.0,0.0,33.353,0.0,5.479,996.615,484.517,190.378,36527.91
90,2026-05-10T22:38:31.595330+00:00,instagram,GND,13.177,24.104,24.104,0.5,0.5,20.43,29.474,0.2004,0.5893,2,0.3333,0.3333,0.3333,3.8,0.7619,-0.12001,-0.1714,1,0.3333,0.3333,0.3333,0.223,0.2857,-0.47771,-6.90776,0,1.0,0.0,0.0,0.707,0.6429,-0.42928,-1.10195,4.73,34.204,0.3333,0.3333,0.3333,0.3333,0.3333,0.3333,1.0,0.0,0.0,0.3333,0.3333,0.3333,0.3333,0.3333,0.3333,1.0,0.0,0.0,31.156,9.044,3.049,3.049,493.561,193.426,36530.959
91,2026-05-10T22:38:41.627499+00:00,mixed,GND,16.813,22.269,22.269,0.5,0.5,24.063,27.62,0.2,0.5878,0,0.3333,0.3333,0.3333,0.08,0.2286,-0.49202,-6.90776,2,0.3333,0.3333,0.3333,0.456,0.4762,-0.45438,-3.08353,1,0.5,0.5,0.0,3.327,0.8333,-0.16726,-0.22403,3.863,31.484,0.3333,0.3333,0.3333,0.3333,0.3333,0.3333,0.5,0.5,0.0,0.3333,0.3333,0.3333,0.3333,0.3333,0.3333,0.5,0.5,0.0,28.835,3.558,2.649,2.649,497.119,196.075,36533.608
92,2026-05-10T22:38:51.653336+00:00,mixed,GND,11.045,20.685,20.685,0.5,0.5,18.299,26.017,0.2004,0.5861,2,0.3333,0.3333,0.3333,4.663,0.7619,-0.03367,-0.0452,2,0.3333,0.3333,0.3333,1.999,0.4762,-0.30011,-0.9949,1,0.5,0.5,0.0,3.037,0.8333,-0.19629,-0.2686,9.699,35.716,0.3333,0.3333,0.3333,0.3333,0.3333,0.3333,0.5,0.5,0.0,0.3333,0.3333,0.3333,0.3333,0.3333,0.3333,0.5,0.5,0.0,27.232,7.718,8.484,8.484,504.837,204.559,36542.092
93,2026-05-10T22:39:01.676079+00:00,mixed,ISL,10.152,20.888,10.152,0.5,0.5,17.415,26.199,0.2018,0.5843,0,0.5,0.5,0.0,0.633,0.5333,-0.43673,-1.70853,2,0.3333,0.3333,0.3333,4.831,0.8333,-0.01695,-0.02055,0,1.0,0.0,0.0,999.0,1.9444,99.4,3.95355,1004.463,1021.879,0.5,0.5,0.0,0.3333,0.3333,0.3333,1.0,0.0,0.0,0.5,0.5,0.0,0.3333,0.3333,0.3333,1.0,0.0,0.0,27.414,0.0,3.765,994.465,504.837,208.324,37536.557
94,2026-05-10T22:39:11.690100+00:00,mixed,GND,12.827,23.399,23.399,0.5,0.5,20.109,28.689,0.204,0.5824,0,0.3333,0.3333,0.3333,0.831,0.2286,-0.41691,-6.90776,0,0.3333,0.3333,0.3333,0.161,0.1786,-0.48389,-6.90776,1,0.5,0.5,0.0,3.219,0.8333,-0.17811,-0.24045,4.211,32.9,0.3333,0.3333,0.3333,0.3333,0.3333,0.3333,0.5,0.5,0.0,0.3333,0.3333,0.3333,0.3333,0.3333,0.3333,0.5,0.5,0.0,29.904,8.58,2.996,2.996,513.418,211.32,37539.553
95,2026-05-10T22:39:21.713034+00:00,mixed,GND,15.463,23.949,23.949,0.5,0.5,22.769,29.216,0.2071,0.5805,1,0.3333,0.3333,0.3333,1.193,0.381,-0.38072,-6.90776,2,0.3333,0.3333,0.3333,0.519,0.4762,-0.44813,-2.83156,1,0.5,0.5,0.0,4.676,0.8333,-0.03244,-0.03971,6.387,35.603,0.3333,0.3333,0.3333,0.3333,0.3333,0.3333,0.5,0.5,0.0,0.3333,0.3333,0.3333,0.3333,0.3333,0.3333,0.5,0.5,0.0,30.431,6.447,5.172,5.172,519.865,216.492,37544.725
96,2026-05-10T22:39:31.745604+00:00,mixed,GND,10.782,20.614,20.614,0.5,0.5,18.12,25.858,0.2111,0.5784,2,0.3333,0.3333,0.3333,3.494,0.7619,-0.15062,-0.22025,1,0.3333,0.3333,0.3333,0.19,0.2857,-0.48096,-6.90776,1,0.5,0.5,0.0,3.011,0.8333,-0.19886,-0.27263,6.696,32.554,0.3333,0.3333,0.3333,0.3333,0.3333,0.3333,0.5,0.5,0.0,0.3333,0.3333,0.3333,0.3333,0.3333,0.3333,0.5,0.5,0.0,27.073,7.738,5.481,5.481,527.603,221.973,37550.206
97,2026-05-10T22:39:41.774185+00:00,mixed,GND,9.787,21.124,21.124,0.5,0.5,17.164,26.344,0.2159,0.5762,1,0.3333,0.3333,0.3333,0.176,0.381,-0.48238,-6.90776,0,0.3333,0.3333,0.3333,0.187,0.1786,-0.48131,-6.90776,0,0.5,0.5,0.0,0.663,0.5,-0.43368,-2.02006,1.026,27.37,0.3333,0.3333,0.3333,0.3333,0.3333,0.3333,0.5,0.5,0.0,0.3333,0.3333,0.3333,0.3333,0.3333,0.3333,0.5,0.5,0.0,27.558,9.18,0.0,0.0,536.783,221.973,37550.206
98,2026-05-10T22:39:51.779412+00:00,mixed,ISL,20.033,23.952,20.033,0.5,0.5,27.456,29.146,0.2216,0.5739,0,0.5,0.5,0.0,0.613,0.5333,-0.43867,-1.72881,2,0.3333,0.3333,0.3333,6.673,0.8333,0.16726,0.18291,0,1.0,0.0,0.0,999.0,1.9444,99.4,3.95355,1006.286,1033.742,0.5,0.5,0.0,0.3333,0.3333,0.3333,1.0,0.0,0.0,0.5,0.5,0.0,0.3333,0.3333,0.3333,1.0,0.0,0.0,30.361,0.0,5.587,1003.382,536.783,227.561,38553.588
99,2026-05-10T22:40:01.806139+00:00,mixed,GND,16.17,22.62,22.62,0.5,0.5,23.647,27.788,0.2281,0.5716,1,0.3333,0.3333,0.3333,0.211,0.381,-0.47888,-6.90776,2,0.3333,0.3333,0.3333,0.494,0.4762,-0.45056,-2.92193,1,0.5,0.5,0.0,5.6,0.8333,0.05997,0.06949,6.305,34.094,0.3333,0.3333,0.3333,0.3333,0.3333,0.3333,0.5,0.5,0.0,0.3333,0.3333,0.3333,0.3333,0.3333,0.3333,0.5,0.5,0.0,29.003,4.141,5.09,5.09,540.924,232.651,38558.678
100,2026-05-10T22:40:11.841009+00:00,mixed,GND,2.354,14.852,14.852,0.5,0.5,9.894,19.994,0.2354,0.5691,0,0.3333,0.3333,0.3333,0.196,0.2286,-0.48037,-6.90776,2,0.3333,0.3333,0.3333,0.801,0.4762,-0.41987,-2.13473,0,0.5,0.5,0.0,0.468,0.5,-0.45316,-2.36778,1.466,21.46,0.3333,0.3333,0.3333,0.3333,0.3333,0.3333,0.5,0.5,0.0,0.3333,0.3333,0.3333,0.3333,0.3333,0.3333,0.5,0.5,0.0,21.208,10.1,0.251,0.251,551.024,232.902,38558.929
101,2026-05-10T22:40:21.885576+00:00,gaming,ISL,19.084,23.785,19.084,0.5,0.5,26.694,28.898,0.2435,0.5665,1,0.5,0.5,0.0,2.619,0.7619,-0.23812,-0.37474,0,0.3333,0.3333,0.3333,0.375,0.4167,-0.46251,-6.90776,1,0.5,0.5,0.0,3.06,0.6528,-0.19401,-0.3527,6.054,32.748,0.5,0.5,0.0,0.3333,0.3333,0.3333,0.5,0.5,0.0,0.5,0.5,0.0,0.3333,0.3333,0.3333,0.5,0.5,0.0,29.058,0.0,3.69,3.69,551.024,236.592,38562.619
102,2026-05-10T22:40:31.917417+00:00,gaming,ISL,13.727,23.284,13.727,0.5,0.5,21.415,28.369,0.2524,0.5638,0,0.5,0.5,0.0,1.434,0.5333,-0.35665,-1.10477,2,0.3333,0.3333,0.3333,4.641,0.8333,-0.03587,-0.044,0,0.5,0.5,0.0,0.46,0.4352,-0.45402,-6.90776,6.535,27.95,0.5,0.5,0.0,0.3333,0.3333,0.3333,0.5,0.5,0.0,0.5,0.5,0.0,0.3333,0.3333,0.3333,0.5,0.5,0.0,23.779,0.0,4.171,4.171,551.024,240.763,38566.79
103,2026-05-10T22:40:41.932377+00:00,gaming,ISL,18.063,22.572,18.063,0.5,0.5,25.838,27.629,0.2621,0.5611,1,0.5,0.5,0.0,2.368,0.7619,-0.26324,-0.42388,0,0.3333,0.3333,0.3333,1.9,0.4167,-0.31001,-1.36271,0,0.5,0.5,0.0,0.691,0.4352,-0.43092,-4.62516,4.958,30.797,0.5,0.5,0.0,0.3333,0.3333,0.3333,0.5,0.5,0.0,0.5,0.5,0.0,0.3333,0.3333,0.3333,0.5,0.5,0.0,28.202,0.0,2.594,2.594,551.024,243.357,38569.384
104,2026-05-10T22:40:51.959895+00:00,gaming,GND,14.77,17.645,17.645,0.5,0.5,22.642,22.672,0.2724,0.5582,1,0.3333,0.3333,0.3333,0.704,0.381,-0.42958,-6.90776,1,0.3333,0.3333,0.3333,0.393,0.2857,-0.46071,-6.90776,2,0.3333,0.3333,0.3333,0.695,0.2798,-0.43049,-6.90776,1.792,24.465,0.3333,0.3333,0.3333,0.3333,0.3333,0.3333,0.3333,0.3333,0.3333,0.3333,0.3333,0.3333,0.3333,0.3333,0.3333,0.3333,0.3333,0.3333,23.26,0.03,1.205,1.205,551.055,244.562,38570.589
105,2026-05-10T22:41:01.990716+00:00,gaming,ISL,9.668,20.777,9.668,0.5,0.5,17.646,25.774,0.2835,0.5553,1,0.5,0.5,0.0,2.951,0.7619,-0.20491,-0.31326,0,0.3333,0.3333,0.3333,0.475,0.4167,-0.4525,-6.90776,1,0.5,0.5,0.0,3.111,0.6528,-0.18894,-0.3417,6.536,24.183,0.5,0.5,0.0,0.3333,0.3333,0.3333,0.5,0.5,0.0,0.5,0.5,0.0,0.3333,0.3333,0.3333,0.5,0.5,0.0,20.01,0.0,4.173,4.173,551.055,248.734,38574.761
106,2026-05-10T22:41:12.022326+00:00,gaming,ISL,23.386,23.769,23.386,0.5,0.5,31.48,28.735,0.2952,0.5523,0,0.5,0.5,0.0,0.715,0.5333,-0.42846,-1.62642,2,0.3333,0.3333,0.3333,4.56,0.8333,-0.04404,-0.0543,0,0.5,0.5,0.0,0.262,0.4352,-0.4738,-6.90776,5.537,37.017,0.5,0.5,0.0,0.3333,0.3333,0.3333,0.5,0.5,0.0,0.5,0.5,0.0,0.3333,0.3333,0.3333,0.5,0.5,0.0,29.323,2.745,3.173,7.695,553.799,251.907,38582.456
107,2026-05-10T22:41:22.062624+00:00,gaming,GND,16.896,26.156,26.156,0.5,0.5,25.117,31.092,0.3075,0.5491,1,0.3333,0.3333,0.3333,0.374,0.381,-0.46261,-6.90776,0,0.3333,0.3333,0.3333,0.057,0.1786,-0.49432,-6.90776,2,0.3333,0.3333,0.3333,0.256,0.2798,-0.47442,-6.90776,0.687,31.778,0.3333,0.3333,0.3333,0.3333,0.3333,0.3333,0.3333,0.3333,0.3333,0.3333,0.3333,0.3333,0.3333,0.3333,0.3333,0.3333,0.3333,0.3333,27.481,5.975,0.099,4.297,559.774,252.007,38586.753
108,2026-05-10T22:41:32.088607+00:00,gaming,GND,12.129,22.057,22.057,0.5,0.5,20.487,26.962,0.3205,0.5459,0,0.3333,0.3333,0.3333,0.425,0.2286,-0.45748,-6.90776,2,0.3333,0.3333,0.3333,0.813,0.4762,-0.41865,-2.11341,1,0.3333,0.3333,0.3333,0.107,0.1865,-0.48932,-6.90776,1.345,28.307,0.3333,0.3333,0.3333,0.3333,0.3333,0.3333,0.3333,0.3333,0.3333,0.3333,0.3333,0.3333,0.3333,0.3333,0.3333,0.3333,0.3333,0.3333,22.851,6.475,0.758,5.456,566.249,252.765,38592.21
109,2026-05-10T22:41:42.122559+00:00,gaming,GND,12.676,23.635,23.635,0.5,0.5,21.184,28.508,0.334,0.5426,2,0.3333,0.3333,0.3333,2.598,0.7619,-0.2402,-0.37872,1,0.3333,0.3333,0.3333,0.145,0.2857,-0.4855,-6.90776,2,0.3333,0.3333,0.3333,0.397,0.2798,-0.46031,-6.90776,3.14,31.648,0.3333,0.3333,0.3333,0.3333,0.3333,0.3333,0.3333,0.3333,0.3333,0.3333,0.3333,0.3333,0.3333,0.3333,0.3333,0.3333,0.3333,0.3333,23.548,7.324,2.553,8.1,573.573,255.317,38600.31
110,2026-05-10T22:41:52.165999+00:00,gaming,ISL,23.521,24.321,23.521,0.5,0.5,32.189,29.162,0.348,0.5392,0,0.5,0.5,0.0,0.95,0.5333,-0.40504,-1.42481,0,0.3333,0.3333,0.3333,0.791,0.4167,-0.42085,-6.90776,1,0.5,0.5,0.0,1.227,0.6528,-0.37734,-0.86287,2.968,35.157,0.5,0.5,0.0,0.3333,0.3333,0.3333,0.5,0.5,0.0,0.5,0.5,0.0,0.3333,0.3333,0.3333,0.5,0.5,0.0,29.749,3.028,0.604,5.408,576.601,255.921,38605.718
111,2026-05-10T22:42:02.189727+00:00,youtube,GND,17.929,25.907,25.907,0.5,0.5,26.772,30.716,0.3625,0.5358,1,0.3333,0.3333,0.3333,0.64,0.381,-0.43596,-6.90776,0,0.3333,0.3333,0.3333,0.088,0.1786,-0.49118,-6.90776,1,0.5,0.5,0.0,1.939,0.7169,-0.30613,-0.55687,2.667,33.383,0.3333,0.3333,0.3333,0.3333,0.3333,0.3333,0.5,0.5,0.0,0.3333,0.3333,0.3333,0.3333,0.3333,0.3333,0.5,0.5,0.0,31.774,3.944,1.609,1.609,580.545,257.53,38607.327
112,2026-05-10T22:42:12.231092+00:00,youtube,GND,13.455,19.562,19.562,0.5,0.5,22.487,24.338,0.3775,0.5322,1,0.3333,0.3333,0.3333,0.392,0.381,-0.46077,-6.90776,1,0.3333,0.3333,0.3333,0.307,0.2857,-0.46927,-6.90776,0,0.5,0.5,0.0,0.414,0.4302,-0.45856,-6.90776,1.114,25.452,0.3333,0.3333,0.3333,0.3333,0.3333,0.3333,0.5,0.5,0.0,0.3333,0.3333,0.3333,0.3333,0.3333,0.3333,0.5,0.5,0.0,25.397,1.851,0.055,0.055,582.396,257.585,38607.382
113,2026-05-10T22:42:22.275661+00:00,youtube,ISL,12.197,22.075,12.197,0.5,0.5,21.432,26.817,0.3928,0.5286,0,0.5,0.5,0.0,0.7,0.5333,-0.43,-1.64116,1,0.3333,0.3333,0.3333,1.466,0.5556,-0.35338,-1.01081,0,1.0,0.0,0.0,999.0,1.6728,99.4,4.10132,1001.166,1022.598,0.5,0.5,0.0,0.3333,0.3333,0.3333,1.0,0.0,0.0,0.5,0.5,0.0,0.3333,0.3333,0.3333,1.0,0.0,0.0,27.876,0.0,0.468,994.722,582.396,258.053,39602.104
114,2026-05-10T22:42:32.303417+00:00,youtube,ISL,16.411,22.017,16.411,0.5,0.5,25.865,26.726,0.4085,0.5249,1,0.5,0.5,0.0,2.725,0.7619,-0.22747,-0.35461,1,0.3333,0.3333,0.3333,0.955,0.5556,-0.40447,-1.30215,0,1.0,0.0,0.0,999.0,1.6728,99.4,4.10132,1002.681,1028.546,0.5,0.5,0.0,0.3333,0.3333,0.3333,1.0,0.0,0.0,0.5,0.5,0.0,0.3333,0.3333,0.3333,1.0,0.0,0.0,27.785,0.0,1.982,1000.761,582.396,260.034,40602.865
115,2026-05-10T22:42:42.327696+00:00,youtube,ISL,15.456,20.572,15.456,0.5,0.5,25.145,25.249,0.4246,0.5211,0,0.5,0.5,0.0,1.74,0.5333,-0.32597,-0.94466,0,0.3333,0.3333,0.3333,0.715,0.4167,-0.42848,-6.90776,0,1.0,0.0,0.0,999.0,1.6728,99.4,4.10132,1001.456,1026.601,0.5,0.5,0.0,0.3333,0.3333,0.3333,1.0,0.0,0.0,0.5,0.5,0.0,0.3333,0.3333,0.3333,1.0,0.0,0.0,26.307,0.0,0.757,1000.293,582.396,260.791,41603.158
116,2026-05-10T22:42:52.333893+00:00,youtube,ISL,12.169,22.732,12.169,0.5,0.5,22.112,27.376,0.4409,0.5173,1,0.5,0.5,0.0,3.157,0.7619,-0.18432,-0.27697,1,0.3333,0.3333,0.3333,1.514,0.5556,-0.34864,-0.98764,0,1.0,0.0,0.0,999.0,1.6728,99.4,4.10132,1003.67,1025.782,0.5,0.5,0.0,0.3333,0.3333,0.3333,1.0,0.0,0.0,0.5,0.5,0.0,0.3333,0.3333,0.3333,1.0,0.0,0.0,28.434,0.0,2.972,997.348,582.396,263.763,42600.506
117,2026-05-10T22:43:02.370620+00:00,youtube,GND,17.418,23.149,23.149,0.5,0.5,27.633,27.759,0.4574,0.5134,2,0.3333,0.3333,0.3333,2.643,0.7619,-0.23568,-0.37008,1,0.3333,0.3333,0.3333,0.098,0.2857,-0.49015,-6.90776,0,0.5,0.5,0.0,0.965,0.4302,-0.4035,-2.78096,3.707,31.466,0.3333,0.3333,0.3333,0.3333,0.3333,0.3333,0.5,0.5,0.0,0.3333,0.3333,0.3333,0.3333,0.3333,0.3333,0.5,0.5,0.0,28.817,0.125,2.648,2.648,582.522,266.411,42603.154
118,2026-05-10T22:43:12.398841+00:00,youtube,ISL,3.865,13.524,3.865,0.5,0.5,14.374,18.1,0.4742,0.5094,0,0.5,0.5,0.0,0.972,0.5333,-0.40283,-1.40774,2,0.3333,0.3333,0.3333,4.981,0.8333,-0.00186,-0.00223,0,1.0,0.0,0.0,999.0,1.6728,99.4,4.10132,1004.953,1019.327,0.5,0.5,0.0,0.3333,0.3333,0.3333,1.0,0.0,0.0,0.5,0.5,0.0,0.3333,0.3333,0.3333,1.0,0.0,0.0,19.159,0.0,4.254,1000.168,582.522,270.666,43603.322
119,2026-05-10T22:43:22.411719+00:00,youtube,GND,11.469,20.747,20.747,0.5,0.5,22.292,25.289,0.491,0.5053,0,0.3333,0.3333,0.3333,0.069,0.2286,-0.49313,-6.90776,2,0.3333,0.3333,0.3333,1.167,0.4762,-0.38327,-1.6341,1,0.5,0.5,0.0,1.417,0.7169,-0.35827,-0.69259,2.653,27.943,0.3333,0.3333,0.3333,0.3333,0.3333,0.3333,0.5,0.5,0.0,0.3333,0.3333,0.3333,0.3333,0.3333,0.3333,0.5,0.5,0.0,26.348,2.997,1.595,1.595,585.519,272.26,43604.917
120,2026-05-10T22:43:32.447097+00:00,youtube,ISL,15.724,20.573,15.724,0.5,0.5,26.886,25.082,0.508,0.5011,0,0.5,0.5,0.0,0.811,0.5333,-0.41894,-1.53952,0,0.3333,0.3333,0.3333,0.441,0.4167,-0.45594,-6.90776,0,1.0,0.0,0.0,999.0,1.6728,99.4,4.10132,1000.251,1027.137,0.5,0.5,0.0,0.3333,0.3333,0.3333,1.0,0.0,0.0,0.5,0.5,0.0,0.3333,0.3333,0.3333,1.0,0.0,0.0,26.141,1.804,0.0,1000.996,587.323,272.26,44605.913
121,2026-05-10T22:43:42.480343+00:00,browsing,GND,11.238,22.84,22.84,0.5,0.5,22.764,27.315,0.525,0.4969,2,0.3333,0.3333,0.3333,3.248,0.7619,-0.17525,-0.26138,2,0.3333,0.3333,0.3333,0.766,0.4762,-0.42337,-2.19887,0,0.5,0.5,0.0,0.608,0.3929,-0.43919,-6.90776,4.622,31.937,0.3333,0.3333,0.3333,0.3333,0.3333,0.3333,0.5,0.5,0.0,0.3333,0.3333,0.3333,0.3333,0.3333,0.3333,0.5,0.5,0.0,28.302,4.551,3.635,3.635,591.874,275.896,44609.549
122,2026-05-10T22:43:52.499940+00:00,browsing,GND,17.319,25.905,25.905,0.5,0.5,29.237,30.347,0.542,0.4927,0,0.3333,0.3333,0.3333,0.255,0.2286,-0.47454,-6.90776,0,0.3333,0.3333,0.3333,0.193,0.1786,-0.48068,-6.90776,1,0.5,0.5,0.0,1.753,0.6548,-0.32472,-0.68505,2.201,32.548,0.3333,0.3333,0.3333,0.3333,0.3333,0.3333,0.5,0.5,0.0,0.3333,0.3333,0.3333,0.3333,0.3333,0.3333,0.5,0.5,0.0,31.334,1.11,1.214,1.214,592.984,277.11,44610.763
123,2026-05-10T22:44:02.525782+00:00,browsing,ISL,8.599,20.236,8.599,0.5,0.5,20.936,24.645,0.559,0.4883,0,0.5,0.5,0.0,0.85,0.5333,-0.41497,-1.50535,2,0.3333,0.3333,0.3333,5.417,0.8333,0.04174,0.04887,0,1.0,0.0,0.0,999.0,1.5278,99.4,4.19059,1005.268,1026.203,0.5,0.5,0.0,0.3333,0.3333,0.3333,1.0,0.0,0.0,0.5,0.5,0.0,0.3333,0.3333,0.3333,1.0,0.0,0.0,25.632,0.0,4.569,1000.572,592.984,281.679,45611.335
124,2026-05-10T22:44:12.550159+00:00,browsing,ISL,18.602,24.055,18.602,0.5,0.5,31.391,28.43,0.5758,0.484,1,0.5,0.5,0.0,2.381,0.7619,-0.26191,-0.42122,2,0.3333,0.3333,0.3333,4.727,0.8333,-0.02728,-0.03328,0,1.0,0.0,0.0,999.0,1.5278,99.4,4.19059,1006.108,1037.499,0.5,0.5,0.0,0.3333,0.3333,0.3333,1.0,0.0,0.0,0.5,0.5,0.0,0.3333,0.3333,0.3333,1.0,0.0,0.0,29.417,2.96,5.41,1008.082,595.945,287.088,46619.416
125,2026-05-10T22:44:22.591804+00:00,browsing,ISL,9.041,15.375,9.041,0.5,0.5,22.313,19.717,0.5926,0.4795,0,0.5,0.5,0.0,1.824,0.5333,-0.31759,-0.90505,2,0.3333,0.3333,0.3333,6.217,0.8333,0.12167,0.13628,0,1.0,0.0,0.0,999.0,1.5278,99.4,4.19059,1007.041,1029.354,0.5,0.5,0.0,0.3333,0.3333,0.3333,1.0,0.0,0.0,0.5,0.5,0.0,0.3333,0.3333,0.3333,1.0,0.0,0.0,20.704,2.596,6.342,1008.65,598.54,293.43,47628.066
126,2026-05-10T22:44:32.605614+00:00,browsing,ISL,13.262,22.96,13.262,0.5,0.5,27.054,27.27,0.6091,0.475,1,0.5,0.5,0.0,2.41,0.7619,-0.25898,-0.41538,0,0.3333,0.3333,0.3333,0.514,0.4167,-0.44863,-6.90776,0,1.0,0.0,0.0,999.0,1.5278,99.4,4.19059,1001.924,1028.977,0.5,0.5,0.0,0.3333,0.3333,0.3333,1.0,0.0,0.0,0.5,0.5,0.0,0.3333,0.3333,0.3333,1.0,0.0,0.0,28.256,0.0,1.225,1000.721,598.54,294.656,48628.788
127,2026-05-10T22:44:42.638545+00:00,browsing,GND,12.859,23.638,23.638,0.5,0.5,27.208,27.914,0.6254,0.4704,1,0.3333,0.3333,0.3333,0.226,0.381,-0.47744,-6.90776,2,0.3333,0.3333,0.3333,0.695,0.4762,-0.43051,-2.34421,1,0.5,0.5,0.0,1.185,0.6548,-0.38154,-0.874,2.105,30.02,0.3333,0.3333,0.3333,0.3333,0.3333,0.3333,0.5,0.5,0.0,0.3333,0.3333,0.3333,0.3333,0.3333,0.3333,0.5,0.5,0.0,28.901,0.707,1.118,1.118,599.247,295.774,48629.906
128,2026-05-10T22:44:52.669840+00:00,browsing,GND,19.451,24.166,24.166,0.5,0.5,34.397,28.41,0.6415,0.4658,0,0.3333,0.3333,0.3333,0.286,0.2286,-0.47136,-6.90776,1,0.3333,0.3333,0.3333,0.366,0.2857,-0.46338,-6.90776,1,0.5,0.5,0.0,1.933,0.6548,-0.30668,-0.63183,2.586,30.996,0.3333,0.3333,0.3333,0.3333,0.3333,0.3333,0.5,0.5,0.0,0.3333,0.3333,0.3333,0.3333,0.3333,0.3333,0.5,0.5,0.0,29.397,0.0,1.599,1.599,599.247,297.373,48631.505
129,2026-05-10T22:45:02.702931+00:00,browsing,ISL,18.739,26.043,18.739,0.5,0.5,34.325,30.255,0.6572,0.4612,0,0.5,0.5,0.0,0.838,0.5333,-0.41616,-1.51547,2,0.3333,0.3333,0.3333,5.354,0.8333,0.03537,0.04157,0,1.0,0.0,0.0,999.0,1.5278,99.4,4.19059,1005.192,1039.517,0.5,0.5,0.0,0.3333,0.3333,0.3333,1.0,0.0,0.0,0.5,0.5,0.0,0.3333,0.3333,0.3333,1.0,0.0,0.0,31.241,4.07,4.493,1008.276,603.317,301.867,49639.781
130,2026-05-10T22:45:12.722010+00:00,browsing,GND,6.533,17.007,17.007,0.5,0.5,22.802,21.186,0.6725,0.4564,2,0.3333,0.3333,0.3333,2.507,0.7619,-0.2493,-0.39632,1,0.3333,0.3333,0.3333,0.247,0.2857,-0.47527,-6.90776,0,0.5,0.5,0.0,0.403,0.3929,-0.45972,-6.90776,3.157,24.344,0.3333,0.3333,0.3333,0.3333,0.3333,0.3333,0.5,0.5,0.0,0.3333,0.3333,0.3333,0.3333,0.3333,0.3333,0.5,0.5,0.0,22.173,0.0,2.171,2.171,603.317,304.037,49641.951
131,2026-05-10T22:45:22.746501+00:00,instagram,ISL,13.079,24.14,13.079,0.5,0.5,30.079,28.287,0.6875,0.4517,1,0.5,0.5,0.0,4.247,0.7619,-0.07532,-0.10409,2,0.3333,0.3333,0.3333,4.535,0.8333,-0.04655,-0.05748,0,1.0,0.0,0.0,999.0,2.5,99.4,3.7077,1007.781,1037.86,0.5,0.5,0.0,0.3333,0.3333,0.3333,1.0,0.0,0.0,0.5,0.5,0.0,0.3333,0.3333,0.3333,1.0,0.0,0.0,29.969,1.792,7.083,1007.892,605.109,311.12,50649.843
132,2026-05-10T22:45:32.769643+00:00,instagram,ISL,16.512,22.297,16.512,0.5,0.5,34.291,26.413,0.702,0.4469,0,0.5,0.5,0.0,0.874,0.5333,-0.41263,-1.48584,1,0.3333,0.3333,0.3333,1.282,0.5556,-0.37175,-1.10611,0,1.0,0.0,0.0,999.0,2.5,99.4,3.7077,1001.156,1035.447,0.5,0.5,0.0,0.3333,0.3333,0.3333,1.0,0.0,0.0,0.5,0.5,0.0,0.3333,0.3333,0.3333,1.0,0.0,0.0,28.094,7.878,0.457,1007.353,612.987,311.578,51657.196
133,2026-05-10T22:45:42.792864+00:00,instagram,ISL,15.867,20.906,15.867,0.5,0.5,34.475,24.991,0.716,0.442,0,0.5,0.5,0.0,1.166,0.5333,-0.38336,-1.26866,1,0.3333,0.3333,0.3333,1.409,0.5556,-0.35914,-1.03975,0,1.0,0.0,0.0,999.0,2.5,99.4,3.7077,1001.575,1036.05,0.5,0.5,0.0,0.3333,0.3333,0.3333,1.0,0.0,0.0,0.5,0.5,0.0,0.3333,0.3333,0.3333,1.0,0.0,0.0,26.672,9.484,0.876,1009.378,622.471,312.454,52666.574
134,2026-05-10T22:45:52.822353+00:00,instagram,ISL,12.912,22.652,12.912,0.5,0.5,32.398,26.706,0.7295,0.4371,1,0.5,0.5,0.0,2.335,0.7619,-0.26653,-0.43051,1,0.3333,0.3333,0.3333,1.419,0.5556,-0.35808,-1.03437,0,1.0,0.0,0.0,999.0,2.5,99.4,3.7077,1002.754,1035.152,0.5,0.5,0.0,0.3333,0.3333,0.3333,1.0,0.0,0.0,0.5,0.5,0.0,0.3333,0.3333,0.3333,1.0,0.0,0.0,28.387,5.693,2.055,1006.765,628.163,314.509,53673.339
135,2026-05-10T22:46:02.838802+00:00,instagram,GND,18.192,23.752,23.752,0.5,0.5,38.607,27.775,0.7425,0.4322,1,0.3333,0.3333,0.3333,0.843,0.381,-0.41575,-6.90776,2,0.3333,0.3333,0.3333,0.543,0.4762,-0.4457,-2.74832,0,1.0,0.0,0.0,1.135,0.6429,-0.38647,-0.91923,2.521,30.296,0.3333,0.3333,0.3333,0.3333,0.3333,0.3333,1.0,0.0,0.0,0.3333,0.3333,0.3333,0.3333,0.3333,0.3333,1.0,0.0,0.0,29.456,0.0,0.84,0.84,628.163,315.349,53674.178
136,2026-05-10T22:46:12.861917+00:00,instagram,ISL,15.838,25.813,15.838,0.5,0.5,37.23,29.804,0.7548,0.4273,1,0.5,0.5,0.0,2.874,0.7619,-0.21265,-0.32725,1,0.3333,0.3333,0.3333,1.057,0.5556,-0.39425,-1.2367,0,1.0,0.0,0.0,999.0,2.5,99.4,3.7077,1002.931,1040.161,0.5,0.5,0.0,0.3333,0.3333,0.3333,1.0,0.0,0.0,0.5,0.5,0.0,0.3333,0.3333,0.3333,1.0,0.0,0.0,31.486,7.426,2.232,1008.676,635.589,317.581,54682.854
137,2026-05-10T22:46:22.892479+00:00,instagram,GND,14.36,23.003,23.003,0.5,0.5,36.776,26.964,0.7665,0.4223,1,0.3333,0.3333,0.3333,0.257,0.381,-0.47431,-6.90776,2,0.3333,0.3333,0.3333,1.415,0.4762,-0.35851,-1.39784,0,1.0,0.0,0.0,1.615,0.6429,-0.33854,-0.74786,3.286,30.251,0.3333,0.3333,0.3333,0.3333,0.3333,0.3333,1.0,0.0,0.0,0.3333,0.3333,0.3333,0.3333,0.3333,0.3333,1.0,0.0,0.0,28.646,0.0,1.605,1.605,635.589,319.186,54684.459
138,2026-05-10T22:46:32.915901+00:00,instagram,ISL,6.927,19.482,6.927,0.5,0.5,30.406,23.414,0.7776,0.4172,1,0.5,0.5,0.0,2.215,0.7619,-0.27847,-0.45491,0,0.3333,0.3333,0.3333,0.521,0.4167,-0.44795,-6.90776,0,1.0,0.0,0.0,999.0,2.5,99.4,3.7077,1001.736,1032.142,0.5,0.5,0.0,0.3333,0.3333,0.3333,1.0,0.0,0.0,0.5,0.5,0.0,0.3333,0.3333,0.3333,1.0,0.0,0.0,25.095,6.992,1.037,1007.047,642.581,320.223,55691.506
139,2026-05-10T22:46:42.950660+00:00,instagram,GND,19.935,24.523,24.523,0.5,0.5,44.513,28.426,0.7879,0.4122,2,0.3333,0.3333,0.3333,2.435,0.7619,-0.25649,-0.41044,1,0.3333,0.3333,0.3333,0.512,0.2857,-0.44876,-6.90776,0,1.0,0.0,0.0,1.237,0.6429,-0.37632,-0.88041,4.184,32.61,0.3333,0.3333,0.3333,0.3333,0.3333,0.3333,1.0,0.0,0.0,0.3333,0.3333,0.3333,0.3333,0.3333,0.3333,1.0,0.0,0.0,30.107,0.0,2.503,2.503,642.581,322.726,55694.009
140,2026-05-10T22:46:52.974150+00:00,instagram,ISL,24.639,25.861,24.639,0.5,0.5,50.338,29.734,0.7976,0.4071,1,0.5,0.5,0.0,3.837,0.7619,-0.11625,-0.16556,0,0.3333,0.3333,0.3333,0.422,0.4167,-0.45785,-6.90776,0,1.0,0.0,0.0,999.0,2.5,99.4,3.7077,1003.259,1053.597,0.5,0.5,0.0,0.3333,0.3333,0.3333,1.0,0.0,0.0,0.5,0.5,0.0,0.3333,0.3333,0.3333,1.0,0.0,0.0,31.416,20.604,2.56,1022.182,663.185,325.286,56716.19
141,2026-05-10T22:47:02.991299+00:00,mixed,ISL,14.077,14.232,14.077,0.5,0.5,40.911,18.076,0.8065,0.402,1,0.5,0.5,0.0,3.283,0.7619,-0.17175,-0.25544,1,0.3333,0.3333,0.3333,2.159,0.5556,-0.28409,-0.71614,0,1.0,0.0,0.0,999.0,1.9444,99.4,3.95355,1004.442,1045.353,0.5,0.5,0.0,0.3333,0.3333,0.3333,1.0,0.0,0.0,0.5,0.5,0.0,0.3333,0.3333,0.3333,1.0,0.0,0.0,19.291,22.835,3.743,1026.062,686.02,329.029,57742.252
142,2026-05-10T22:47:13.022473+00:00,mixed,ISL,16.144,21.121,16.144,0.5,0.5,44.109,24.937,0.8146,0.3968,0,0.5,0.5,0.0,1.132,0.5333,-0.38676,-1.29163,1,0.3333,0.3333,0.3333,1.468,0.5556,-0.35324,-1.01015,0,1.0,0.0,0.0,999.0,1.9444,99.4,3.95355,1001.6,1045.709,0.5,0.5,0.0,0.3333,0.3333,0.3333,1.0,0.0,0.0,0.5,0.5,0.0,0.3333,0.3333,0.3333,1.0,0.0,0.0,26.151,19.173,0.901,1019.558,705.193,329.931,58761.81
143,2026-05-10T22:47:23.022905+00:00,mixed,GND,11.161,22.949,22.949,0.5,0.5,40.235,26.737,0.8219,0.3917,0,0.3333,0.3333,0.3333,0.258,0.2286,-0.47417,-6.90776,0,0.3333,0.3333,0.3333,0.408,0.1786,-0.45918,-6.90776,1,0.5,0.5,0.0,3.614,0.8333,-0.13865,-0.18198,4.28,31.017,0.3333,0.3333,0.3333,0.3333,0.3333,0.3333,0.5,0.5,0.0,0.3333,0.3333,0.3333,0.3333,0.3333,0.3333,0.5,0.5,0.0,27.951,0.0,3.065,3.065,705.193,332.996,58764.875
144,2026-05-10T22:47:33.044974+00:00,mixed,GND,17.576,26.464,26.464,0.5,0.5,47.716,30.224,0.8284,0.3865,0,0.3333,0.3333,0.3333,0.179,0.2286,-0.4821,-6.90776,1,0.3333,0.3333,0.3333,0.409,0.2857,-0.45914,-6.90776,0,0.5,0.5,0.0,0.74,0.5,-0.42601,-1.91073,1.327,31.552,0.3333,0.3333,0.3333,0.3333,0.3333,0.3333,0.5,0.5,0.0,0.3333,0.3333,0.3333,0.3333,0.3333,0.3333,0.5,0.5,0.0,31.439,0.0,0.113,0.113,705.193,333.109,58764.988
145,2026-05-10T22:47:43.075581+00:00,mixed,GND,15.298,22.12,22.12,0.5,0.5,46.435,25.853,0.8341,0.3813,0,0.3333,0.3333,0.3333,0.14,0.2286,-0.48596,-6.90776,0,0.3333,0.3333,0.3333,0.055,0.1786,-0.49454,-6.90776,1,0.5,0.5,0.0,4.042,0.8333,-0.09584,-0.12218,4.237,30.09,0.3333,0.3333,0.3333,0.3333,0.3333,0.3333,0.5,0.5,0.0,0.3333,0.3333,0.3333,0.3333,0.3333,0.3333,0.5,0.5,0.0,27.068,0.0,3.022,3.022,705.193,336.13,58768.01
146,2026-05-10T22:47:53.105757+00:00,mixed,GND,13.8,15.499,15.499,0.5,0.5,45.842,19.205,0.8389,0.3761,0,0.3333,0.3333,0.3333,0.158,0.2286,-0.48422,-6.90776,0,0.3333,0.3333,0.3333,0.07,0.1786,-0.49304,-6.90776,0,0.5,0.5,0.0,0.947,0.5,-0.40528,-1.6637,1.175,20.38,0.3333,0.3333,0.3333,0.3333,0.3333,0.3333,0.5,0.5,0.0,0.3333,0.3333,0.3333,0.3333,0.3333,0.3333,0.5,0.5,0.0,20.42,0.0,0.0,0.0,705.193,336.13,58768.01
147,2026-05-10T22:48:03.127885+00:00,mixed,GND,19.317,25.58,25.58,0.5,0.5,52.144,29.26,0.8429,0.3709,2,0.3333,0.3333,0.3333,2.737,0.7619,-0.22626,-0.35234,0,0.3333,0.3333,0.3333,0.213,0.1786,-0.47867,-6.90776,0,0.5,0.5,0.0,0.701,0.5,-0.42987,-1.96423,3.652,32.912,0.3333,0.3333,0.3333,0.3333,0.3333,0.3333,0.5,0.5,0.0,0.3333,0.3333,0.3333,0.3333,0.3333,0.3333,0.5,0.5,0.0,30.474,0.0,2.437,2.437,705.193,338.568,58770.447
148,2026-05-10T22:48:13.147646+00:00,mixed,ISL,21.428,17.093,21.428,0.5,0.5,54.895,20.746,0.846,0.3657,0,0.5,0.5,0.0,0.629,0.5333,-0.43707,-1.71202,0,0.3333,0.3333,0.3333,0.306,0.4167,-0.46937,-6.90776,0,1.0,0.0,0.0,999.0,1.9444,99.4,3.95355,999.936,1054.831,0.5,0.5,0.0,0.3333,0.3333,0.3333,1.0,0.0,0.0,0.5,0.5,0.0,0.3333,0.3333,0.3333,1.0,0.0,0.0,21.96,34.15,0.0,1032.87,739.342,338.568,59803.317
149,2026-05-10T22:48:23.177094+00:00,mixed,ISL,15.016,14.897,15.016,0.5,0.5,48.959,18.524,0.8482,0.3605,1,0.5,0.5,0.0,2.95,0.7619,-0.20504,-0.3135,0,0.3333,0.3333,0.3333,0.63,0.4167,-0.43697,-6.90776,0,1.0,0.0,0.0,999.0,1.9444,99.4,3.95355,1002.58,1051.539,0.5,0.5,0.0,0.3333,0.3333,0.3333,1.0,0.0,0.0,0.5,0.5,0.0,0.3333,0.3333,0.3333,1.0,0.0,0.0,19.739,30.435,1.881,1031.8,769.777,340.449,60835.117
150,2026-05-10T22:48:33.197829+00:00,mixed,GND,19.264,24.326,24.326,0.5,0.5,53.498,27.928,0.8496,0.3552,2,0.3333,0.3333,0.3333,2.72,0.7619,-0.22797,-0.35555,0,0.3333,0.3333,0.3333,0.069,0.1786,-0.49305,-6.90776,1,0.5,0.5,0.0,2.939,0.8333,-0.20613,-0.28417,5.728,33.656,0.3333,0.3333,0.3333,0.3333,0.3333,0.3333,0.5,0.5,0.0,0.3333,0.3333,0.3333,0.3333,0.3333,0.3333,0.5,0.5,0.0,29.142,0.0,4.514,4.514,769.777,344.962,60839.631
151,2026-05-10T22:48:43.220591+00:00,gaming,GND,16.317,26.024,26.024,0.5,0.5,50.651,29.601,0.85,0.35,0,0.3333,0.3333,0.3333,0.142,0.2286,-0.48578,-6.90776,0,0.3333,0.3333,0.3333,0.454,0.1786,-0.45462,-6.90776,0,0.3333,0.3333,0.3333,0.108,0.1119,-0.48917,-6.90776,0.704,30.305,0.3333,0.3333,0.3333,0.3333,0.3333,0.3333,0.3333,0.3333,0.3333,0.3333,0.3333,0.3333,0.3333,0.3333,0.3333,0.3333,0.3333,0.3333,30.188,0.0,0.117,0.117,769.777,345.079,60839.747
152,2026-05-10T22:48:53.255675+00:00,gaming,GND,12.606,22.814,22.814,0.5,0.5,46.841,26.366,0.8496,0.3448,0,0.3333,0.3333,0.3333,0.217,0.2286,-0.47833,-6.90776,1,0.3333,0.3333,0.3333,0.15,0.2857,-0.48502,-6.90776,0,0.3333,0.3333,0.3333,0.048,0.1119,-0.49522,-6.90776,0.414,26.78,0.3333,0.3333,0.3333,0.3333,0.3333,0.3333,0.3333,0.3333,0.3333,0.3333,0.3333,0.3333,0.3333,0.3333,0.3333,0.3333,0.3333,0.3333,26.953,0.0,0.0,0.0,769.777,345.079,60839.747
153,2026-05-10T22:49:03.281909+00:00,gaming,ISL,13.566,22.936,13.566,0.5,0.5,47.509,26.465,0.8482,0.3395,0,0.5,0.5,0.0,0.874,0.5333,-0.41256,-1.48526,0,0.3333,0.3333,0.3333,0.649,0.4167,-0.43507,-6.90776,1,0.5,0.5,0.0,2.076,0.6528,-0.29243,-0.59416,3.599,51.108,0.5,0.5,0.0,0.3333,0.3333,0.3333,0.5,0.5,0.0,0.5,0.5,0.0,0.3333,0.3333,0.3333,0.5,0.5,0.0,27.052,21.044,1.235,24.056,790.821,346.315,60863.804
154,2026-05-10T22:49:13.304390+00:00,gaming,ISL,10.494,22.346,10.494,0.5,0.5,43.961,25.851,0.846,0.3343,0,0.5,0.5,0.0,0.603,0.5333,-0.43972,-1.74001,2,0.3333,0.3333,0.3333,4.752,0.8333,-0.02478,-0.03019,0,0.5,0.5,0.0,0.864,0.4352,-0.41361,-3.00417,6.219,50.18,0.5,0.5,0.0,0.3333,0.3333,0.3333,0.5,0.5,0.0,0.5,0.5,0.0,0.3333,0.3333,0.3333,0.5,0.5,0.0,26.438,18.11,3.855,23.742,808.931,350.17,60887.545
155,2026-05-10T22:49:23.326476+00:00,gaming,GND,22.813,26.097,26.097,0.5,0.5,55.64,29.578,0.8429,0.3291,1,0.3333,0.3333,0.3333,0.466,0.381,-0.45339,-6.90776,1,0.3333,0.3333,0.3333,0.618,0.2857,-0.43824,-6.90776,0,0.3333,0.3333,0.3333,0.2,0.1119,-0.48002,-6.90776,1.284,30.862,0.3333,0.3333,0.3333,0.3333,0.3333,0.3333,0.3333,0.3333,0.3333,0.3333,0.3333,0.3333,0.3333,0.3333,0.3333,0.3333,0.3333,0.3333,30.166,0.0,0.696,0.696,808.931,350.866,60888.242
156,2026-05-10T22:49:33.357044+00:00,gaming,ISL,12.701,19.543,12.701,0.5,0.5,44.743,23.001,0.8389,0.3239,1,0.5,0.5,0.0,2.733,0.7619,-0.22672,-0.35322,2,0.3333,0.3333,0.3333,9.948,0.8333,0.4948,0.46609,0,0.5,0.5,0.0,0.698,0.4352,-0.4302,-4.46993,13.379,58.121,0.5,0.5,0.0,0.3333,0.3333,0.3333,0.5,0.5,0.0,0.5,0.5,0.0,0.3333,0.3333,0.3333,0.5,0.5,0.0,23.589,21.742,11.015,34.533,830.673,361.881,60922.774
157,2026-05-10T22:49:43.378735+00:00,gaming,GND,12.792,22.727,22.727,0.5,0.5,43.93,26.162,0.8341,0.3187,1,0.3333,0.3333,0.3333,0.685,0.381,-0.43151,-6.90776,1,0.3333,0.3333,0.3333,0.185,0.2857,-0.48154,-6.90776,0,0.3333,0.3333,0.3333,0.072,0.1119,-0.49281,-6.90776,0.941,27.104,0.3333,0.3333,0.3333,0.3333,0.3333,0.3333,0.3333,0.3333,0.3333,0.3333,0.3333,0.3333,0.3333,0.3333,0.3333,0.3333,0.3333,0.3333,26.75,0.0,0.354,0.354,830.673,362.235,60923.129
158,2026-05-10T22:49:53.423696+00:00,gaming,ISL,18.484,24.136,18.484,0.5,0.5,48.624,27.55,0.8284,0.3135,1,0.5,0.5,0.0,2.708,0.7619,-0.22923,-0.35792,2,0.3333,0.3333,0.3333,4.688,0.8333,-0.03119,-0.03814,1,0.5,0.5,0.0,1.22,0.6528,-0.37799,-0.86523,8.616,57.239,0.5,0.5,0.0,0.3333,0.3333,0.3333,0.5,0.5,0.0,0.5,0.5,0.0,0.3333,0.3333,0.3333,0.5,0.5,0.0,28.137,21.074,6.252,29.102,851.747,368.487,60952.231
159,2026-05-10T22:50:03.436579+00:00,gaming,GND,4.536,15.387,15.387,0.5,0.5,33.611,18.778,0.8219,0.3083,2,0.3333,0.3333,0.3333,2.764,0.7619,-0.2236,-0.34739,2,0.3333,0.3333,0.3333,0.556,0.4762,-0.44443,-2.70761,2,0.3333,0.3333,0.3333,0.342,0.2798,-0.46576,-6.90776,3.662,22.44,0.3333,0.3333,0.3333,0.3333,0.3333,0.3333,0.3333,0.3333,0.3333,0.3333,0.3333,0.3333,0.3333,0.3333,0.3333,0.3333,0.3333,0.3333,19.366,0.0,3.075,3.075,851.747,371.561,60955.306
160,2026-05-10T22:50:13.449372+00:00,gaming,GND,9.933,21.089,21.089,0.5,0.5,37.898,24.459,0.8146,0.3032,2,0.3333,0.3333,0.3333,2.681,0.7619,-0.23194,-0.36302,2,0.3333,0.3333,0.3333,1.147,0.4762,-0.38535,-1.65666,0,0.3333,0.3333,0.3333,0.244,0.1119,-0.47558,-6.90776,4.071,28.53,0.3333,0.3333,0.3333,0.3333,0.3333,0.3333,0.3333,0.3333,0.3333,0.3333,0.3333,0.3333,0.3333,0.3333,0.3333,0.3333,0.3333,0.3333,25.046,0.0,3.484,3.484,851.747,375.045,60958.79
161,2026-05-10T22:50:23.487136+00:00,youtube,GND,14.982,23.816,23.816,0.5,0.5,41.816,27.165,0.8065,0.298,1,0.3333,0.3333,0.3333,0.522,0.381,-0.44779,-6.90776,0,0.3333,0.3333,0.3333,0.107,0.1786,-0.48929,-6.90776,0,0.5,0.5,0.0,0.255,0.4302,-0.47446,-6.90776,0.885,28.05,0.3333,0.3333,0.3333,0.3333,0.3333,0.3333,0.5,0.5,0.0,0.3333,0.3333,0.3333,0.3333,0.3333,0.3333,0.5,0.5,0.0,28.224,0.0,0.0,0.0,851.747,375.045,60958.79
162,2026-05-10T22:50:33.517378+00:00,youtube,GND,16.427,20.833,20.833,0.5,0.5,42.127,24.162,0.7976,0.2929,0,0.3333,0.3333,0.3333,0.275,0.2286,-0.47251,-6.90776,2,0.3333,0.3333,0.3333,0.931,0.4762,-0.40689,-1.92739,0,0.5,0.5,0.0,0.367,0.4302,-0.46333,-6.90776,1.573,25.734,0.3333,0.3333,0.3333,0.3333,0.3333,0.3333,0.5,0.5,0.0,0.3333,0.3333,0.3333,0.3333,0.3333,0.3333,0.5,0.5,0.0,25.22,0.0,0.514,0.514,851.747,375.559,60959.304
163,2026-05-10T22:50:43.537667+00:00,youtube,GND,12.869,22.468,22.468,0.5,0.5,37.446,25.776,0.7879,0.2878,1,0.3333,0.3333,0.3333,0.33,0.381,-0.46696,-6.90776,0,0.3333,0.3333,0.3333,0.193,0.1786,-0.48067,-6.90776,0,0.5,0.5,0.0,0.441,0.4302,-0.45589,-6.90776,0.965,26.741,0.3333,0.3333,0.3333,0.3333,0.3333,0.3333,0.5,0.5,0.0,0.3333,0.3333,0.3333,0.3333,0.3333,0.3333,0.5,0.5,0.0,26.835,0.0,0.0,0.0,851.747,375.559,60959.304
164,2026-05-10T22:50:53.562679+00:00,youtube,ISL,14.945,23.944,14.945,0.5,0.5,38.425,27.232,0.7776,0.2828,1,0.5,0.5,0.0,2.553,0.7619,-0.24473,-0.38744,0,0.3333,0.3333,0.3333,0.363,0.4167,-0.4637,-6.90776,0,1.0,0.0,0.0,999.0,1.6728,99.4,4.10132,1001.916,1040.34,0.5,0.5,0.0,0.3333,0.3333,0.3333,1.0,0.0,0.0,0.5,0.5,0.0,0.3333,0.3333,0.3333,1.0,0.0,0.0,28.291,11.192,1.217,1012.05,862.939,376.776,61971.353
165,2026-05-10T22:51:03.587070+00:00,youtube,GND,15.932,21.135,21.135,0.5,0.5,38.347,24.404,0.7665,0.2777,2,0.3333,0.3333,0.3333,5.805,0.7619,0.08047,0.10041,0,0.3333,0.3333,0.3333,0.084,0.1786,-0.49165,-6.90776,0,0.5,0.5,0.0,0.617,0.4302,-0.43825,-6.90776,6.506,30.91,0.3333,0.3333,0.3333,0.3333,0.3333,0.3333,0.5,0.5,0.0,0.3333,0.3333,0.3333,0.3333,0.3333,0.3333,0.5,0.5,0.0,25.463,0.0,5.447,5.447,862.939,382.224,61976.8
166,2026-05-10T22:51:13.611372+00:00,youtube,GND,13.651,22.692,22.692,0.5,0.5,35.043,25.942,0.7548,0.2727,0,0.3333,0.3333,0.3333,0.34,0.2286,-0.46597,-6.90776,0,0.3333,0.3333,0.3333,0.141,0.1786,-0.48587,-6.90776,0,0.5,0.5,0.0,0.398,0.4302,-0.46017,-6.90776,0.88,26.822,0.3333,0.3333,0.3333,0.3333,0.3333,0.3333,0.5,0.5,0.0,0.3333,0.3333,0.3333,0.3333,0.3333,0.3333,0.5,0.5,0.0,27.0,0.0,0.0,0.0,862.939,382.224,61976.8
167,2026-05-10T22:51:23.629854+00:00,youtube,GND,13.217,21.989,21.989,0.5,0.5,33.632,25.221,0.7425,0.2678,0,0.3333,0.3333,0.3333,0.115,0.2286,-0.48848,-6.90776,0,0.3333,0.3333,0.3333,0.237,0.1786,-0.47631,-6.90776,1,0.5,0.5,0.0,1.842,0.7169,-0.31583,-0.58078,2.194,27.414,0.3333,0.3333,0.3333,0.3333,0.3333,0.3333,0.5,0.5,0.0,0.3333,0.3333,0.3333,0.3333,0.3333,0.3333,0.5,0.5,0.0,26.279,0.0,1.135,1.135,862.939,383.359,61977.936
168,2026-05-10T22:51:33.645244+00:00,youtube,ISL,9.703,21.018,9.703,0.5,0.5,29.189,24.231,0.7295,0.2629,0,0.5,0.5,0.0,0.912,0.5333,-0.40885,-1.45496,1,0.3333,0.3333,0.3333,0.69,0.5556,-0.43098,-1.49506,0,1.0,0.0,0.0,999.0,1.6728,99.4,4.10132,1000.602,1029.791,0.5,0.5,0.0,0.3333,0.3333,0.3333,1.0,0.0,0.0,0.5,0.5,0.0,0.3333,0.3333,0.3333,1.0,0.0,0.0,25.29,4.958,0.0,1004.501,867.897,383.359,62982.437
169,2026-05-10T22:51:43.672966+00:00,youtube,ISL,23.012,24.003,23.012,0.5,0.5,41.619,27.199,0.716,0.258,1,0.5,0.5,0.0,3.105,0.7619,-0.18953,-0.28603,1,0.3333,0.3333,0.3333,0.972,0.5556,-0.40278,-1.29101,0,1.0,0.0,0.0,999.0,1.6728,99.4,4.10132,1003.077,1044.696,0.5,0.5,0.0,0.3333,0.3333,0.3333,1.0,0.0,0.0,0.5,0.5,0.0,0.3333,0.3333,0.3333,1.0,0.0,0.0,28.257,14.42,2.378,1016.439,882.318,385.737,63998.876
170,2026-05-10T22:51:53.715826+00:00,youtube,ISL,14.389,25.724,14.389,0.5,0.5,32.168,28.902,0.702,0.2531,0,0.5,0.5,0.0,0.68,0.5333,-0.432,-1.66072,1,0.3333,0.3333,0.3333,1.23,0.5556,-0.37701,-1.13511,0,1.0,0.0,0.0,999.0,1.6728,99.4,4.10132,1000.91,1033.078,0.5,0.5,0.0,0.3333,0.3333,0.3333,1.0,0.0,0.0,0.5,0.5,0.0,0.3333,0.3333,0.3333,1.0,0.0,0.0,29.96,3.267,0.211,1003.118,885.584,385.948,65001.994
171,2026-05-10T22:52:03.735459+00:00,browsing,ISL,20.399,25.839,20.399,0.5,0.5,37.399,29.0,0.6875,0.2483,1,0.5,0.5,0.0,2.523,0.7619,-0.24768,-0.39315,0,0.3333,0.3333,0.3333,0.622,0.4167,-0.43785,-6.90776,0,1.0,0.0,0.0,999.0,1.5278,99.4,4.19059,1002.145,1039.544,0.5,0.5,0.0,0.3333,0.3333,0.3333,1.0,0.0,0.0,0.5,0.5,0.0,0.3333,0.3333,0.3333,1.0,0.0,0.0,29.987,8.399,1.446,1009.557,893.983,387.394,66011.551
172,2026-05-10T22:52:13.760377+00:00,browsing,ISL,19.333,20.177,19.333,0.5,0.5,35.602,23.321,0.6725,0.2436,1,0.5,0.5,0.0,2.679,0.7619,-0.23215,-0.3634,2,0.3333,0.3333,0.3333,8.34,0.8333,0.33399,0.33703,0,1.0,0.0,0.0,999.0,1.5278,99.4,4.19059,1010.018,1045.62,0.5,0.5,0.0,0.3333,0.3333,0.3333,1.0,0.0,0.0,0.5,0.5,0.0,0.3333,0.3333,0.3333,1.0,0.0,0.0,24.308,12.281,9.32,1021.313,906.264,396.714,67032.864
173,2026-05-10T22:52:23.792103+00:00,browsing,ISL,15.303,21.044,15.303,0.5,0.5,30.888,24.171,0.6572,0.2388,0,0.5,0.5,0.0,0.749,0.5333,-0.42505,-1.59442,0,0.3333,0.3333,0.3333,0.442,0.4167,-0.45581,-6.90776,0,1.0,0.0,0.0,999.0,1.5278,99.4,4.19059,1000.191,1031.079,0.5,0.5,0.0,0.3333,0.3333,0.3333,1.0,0.0,0.0,0.5,0.5,0.0,0.3333,0.3333,0.3333,1.0,0.0,0.0,25.158,6.717,0.0,1005.921,912.981,396.714,68038.785
174,2026-05-10T22:52:33.811179+00:00,browsing,GND,16.15,26.034,26.034,0.5,0.5,31.096,29.145,0.6415,0.2342,2,0.3333,0.3333,0.3333,3.479,0.7619,-0.1521,-0.22269,0,0.3333,0.3333,0.3333,0.055,0.1786,-0.49448,-6.90776,1,0.5,0.5,0.0,2.342,0.6548,-0.26578,-0.52073,5.876,35.021,0.3333,0.3333,0.3333,0.3333,0.3333,0.3333,0.5,0.5,0.0,0.3333,0.3333,0.3333,0.3333,0.3333,0.3333,0.5,0.5,0.0,30.132,0.0,4.89,4.89,912.981,401.604,68043.675
175,2026-05-10T22:52:43.846389+00:00,browsing,GND,19.83,23.898,23.898,0.5,0.5,34.178,26.994,0.6254,0.2296,1,0.3333,0.3333,0.3333,0.554,0.381,-0.44463,-6.90776,0,0.3333,0.3333,0.3333,0.094,0.1786,-0.49058,-6.90776,1,0.5,0.5,0.0,1.427,0.6548,-0.35729,-0.78896,2.075,29.068,0.3333,0.3333,0.3333,0.3333,0.3333,0.3333,0.5,0.5,0.0,0.3333,0.3333,0.3333,0.3333,0.3333,0.3333,0.5,0.5,0.0,27.98,0.0,1.088,1.088,912.981,402.692,68044.763
176,2026-05-10T22:52:53.863476+00:00,browsing,GND,15.979,22.135,22.135,0.5,0.5,29.771,25.216,0.6091,0.225,0,0.3333,0.3333,0.3333,0.22,0.2286,-0.47803,-6.90776,1,0.3333,0.3333,0.3333,0.446,0.2857,-0.45544,-6.90776,1,0.5,0.5,0.0,0.976,0.6548,-0.40244,-0.95357,1.641,26.857,0.3333,0.3333,0.3333,0.3333,0.3333,0.3333,0.5,0.5,0.0,0.3333,0.3333,0.3333,0.3333,0.3333,0.3333,0.5,0.5,0.0,26.203,0.0,0.654,0.654,912.981,403.346,68045.417
177,2026-05-10T22:53:03.888913+00:00,browsing,ISL,4.458,14.075,4.458,0.5,0.5,17.73,17.141,0.5926,0.2205,1,0.5,0.5,0.0,3.249,0.7619,-0.17509,-0.26112,0,0.3333,0.3333,0.3333,1.411,0.4167,-0.35895,-1.97672,0,1.0,0.0,0.0,999.0,1.5278,99.4,4.19059,1003.66,1021.39,0.5,0.5,0.0,0.3333,0.3333,0.3333,1.0,0.0,0.0,0.5,0.5,0.0,0.3333,0.3333,0.3333,1.0,0.0,0.0,18.127,0.59,2.961,1003.263,913.571,406.307,69048.68
178,2026-05-10T22:53:13.908559+00:00,browsing,GND,15.103,22.051,22.051,0.5,0.5,27.891,25.102,0.5758,0.216,1,0.3333,0.3333,0.3333,0.353,0.381,-0.46473,-6.90776,1,0.3333,0.3333,0.3333,0.428,0.2857,-0.45717,-6.90776,1,0.5,0.5,0.0,1.375,0.6548,-0.36249,-0.80658,2.156,27.258,0.3333,0.3333,0.3333,0.3333,0.3333,0.3333,0.5,0.5,0.0,0.3333,0.3333,0.3333,0.3333,0.3333,0.3333,0.5,0.5,0.0,26.088,0.0,1.17,1.17,913.571,407.477,69049.85
179,2026-05-10T22:53:23.930185+00:00,browsing,ISL,14.681,15.233,14.681,0.5,0.5,27.018,18.27,0.559,0.2117,1,0.5,0.5,0.0,3.171,0.7619,-0.18294,-0.27458,0,0.3333,0.3333,0.3333,0.976,0.4167,-0.4024,-3.37415,0,1.0,0.0,0.0,999.0,1.5278,99.4,4.19059,1003.147,1030.165,0.5,0.5,0.0,0.3333,0.3333,0.3333,1.0,0.0,0.0,0.5,0.5,0.0,0.3333,0.3333,0.3333,1.0,0.0,0.0,19.256,8.749,2.448,1010.909,922.319,409.925,70060.758
180,2026-05-10T22:53:33.956106+00:00,browsing,GND,5.808,17.354,17.354,0.5,0.5,17.725,20.377,0.542,0.2073,0,0.3333,0.3333,0.3333,0.421,0.2286,-0.45787,-6.90776,1,0.3333,0.3333,0.3333,0.211,0.2857,-0.47886,-6.90776,1,0.5,0.5,0.0,1.03,0.6548,-0.39699,-0.93219,1.663,22.04,0.3333,0.3333,0.3333,0.3333,0.3333,0.3333,0.5,0.5,0.0,0.3333,0.3333,0.3333,0.3333,0.3333,0.3333,0.5,0.5,0.0,21.364,2.652,0.676,0.676,924.971,410.601,70061.434
181,2026-05-10T22:53:43.970136+00:00,instagram,ISL,17.224,23.989,17.224,0.5,0.5,28.751,26.998,0.525,0.2031,0,0.5,0.5,0.0,0.815,0.5333,-0.41848,-1.53551,1,0.3333,0.3333,0.3333,0.717,0.5556,-0.42832,-1.4739,0,1.0,0.0,0.0,999.0,2.5,99.4,3.7077,1000.532,1029.283,0.5,0.5,0.0,0.3333,0.3333,0.3333,1.0,0.0,0.0,0.5,0.5,0.0,0.3333,0.3333,0.3333,1.0,0.0,0.0,28.68,1.752,0.0,1000.603,926.723,410.601,71062.037
182,2026-05-10T22:53:53.980932+00:00,instagram,GND,19.596,24.044,24.044,0.5,0.5,30.759,27.041,0.508,0.1989,1,0.3333,0.3333,0.3333,0.392,0.381,-0.46077,-6.90776,2,0.3333,0.3333,0.3333,0.513,0.4762,-0.44866,-2.85068,0,1.0,0.0,0.0,1.44,0.6429,-0.35603,-0.80703,2.345,29.386,0.3333,0.3333,0.3333,0.3333,0.3333,0.3333,1.0,0.0,0.0,0.3333,0.3333,0.3333,0.3333,0.3333,0.3333,1.0,0.0,0.0,28.722,0.0,0.664,0.664,926.723,411.265,71062.701
183,2026-05-10T22:54:04.003081+00:00,instagram,ISL,12.853,23.115,12.853,0.5,0.5,23.677,26.099,0.491,0.1947,0,0.5,0.5,0.0,0.526,0.5333,-0.44736,-1.82516,2,0.3333,0.3333,0.3333,5.137,0.8333,0.01371,0.01632,0,1.0,0.0,0.0,999.0,2.5,99.4,3.7077,1004.663,1028.34,0.5,0.5,0.0,0.3333,0.3333,0.3333,1.0,0.0,0.0,0.5,0.5,0.0,0.3333,0.3333,0.3333,1.0,0.0,0.0,27.78,0.0,3.965,1000.56,926.723,415.23,72063.262
184,2026-05-10T22:54:14.024121+00:00,instagram,ISL,15.779,22.993,15.779,0.5,0.5,26.288,25.964,0.4742,0.1906,1,0.5,0.5,0.0,3.136,0.7619,-0.18641,-0.28059,0,0.3333,0.3333,0.3333,0.792,0.4167,-0.42076,-6.90776,0,1.0,0.0,0.0,999.0,2.5,99.4,3.7077,1002.928,1029.216,0.5,0.5,0.0,0.3333,0.3333,0.3333,1.0,0.0,0.0,0.5,0.5,0.0,0.3333,0.3333,0.3333,1.0,0.0,0.0,27.645,0.324,2.23,1001.571,927.048,417.46,73064.833
185,2026-05-10T22:54:24.051168+00:00,instagram,ISL,6.427,16.631,6.427,0.5,0.5,16.642,19.59,0.4574,0.1866,0,0.5,0.5,0.0,0.849,0.5333,-0.41515,-1.5069,2,0.3333,0.3333,0.3333,4.593,0.8333,-0.04073,-0.05011,0,1.0,0.0,0.0,999.0,2.5,99.4,3.7077,1004.441,1021.083,0.5,0.5,0.0,0.3333,0.3333,0.3333,1.0,0.0,0.0,0.5,0.5,0.0,0.3333,0.3333,0.3333,1.0,0.0,0.0,21.272,0.0,3.743,999.811,927.048,421.202,74064.644
186,2026-05-10T22:54:34.075013+00:00,instagram,ISL,13.621,24.152,13.621,0.5,0.5,23.563,27.099,0.4409,0.1827,0,0.5,0.5,0.0,1.064,0.5333,-0.39357,-1.33919,2,0.3333,0.3333,0.3333,4.648,0.8333,-0.03518,-0.04314,0,1.0,0.0,0.0,999.0,2.5,99.4,3.7077,1004.712,1028.276,0.5,0.5,0.0,0.3333,0.3333,0.3333,1.0,0.0,0.0,0.5,0.5,0.0,0.3333,0.3333,0.3333,1.0,0.0,0.0,28.78,0.0,4.014,999.496,927.048,425.216,75064.14
187,2026-05-10T22:54:44.097422+00:00,instagram,GND,18.77,24.007,24.007,0.5,0.5,28.46,26.943,0.4246,0.1789,2,0.3333,0.3333,0.3333,3.167,0.7619,-0.1833,-0.2752,2,0.3333,0.3333,0.3333,2.236,0.4762,-0.27635,-0.86831,0,1.0,0.0,0.0,0.794,0.6429,-0.42059,-1.06206,6.198,33.141,0.3333,0.3333,0.3333,0.3333,0.3333,0.3333,1.0,0.0,0.0,0.3333,0.3333,0.3333,0.3333,0.3333,0.3333,1.0,0.0,0.0,28.624,0.0,4.516,4.516,927.048,429.732,75068.656
188,2026-05-10T22:54:54.124922+00:00,instagram,GND,9.163,14.725,14.725,0.5,0.5,18.616,17.649,0.4085,0.1751,2,0.3333,0.3333,0.3333,2.317,0.7619,-0.26828,-0.43405,0,0.3333,0.3333,0.3333,0.206,0.1786,-0.47943,-6.90776,0,1.0,0.0,0.0,2.149,0.6429,-0.28511,-0.5861,4.672,22.321,0.3333,0.3333,0.3333,0.3333,0.3333,0.3333,1.0,0.0,0.0,0.3333,0.3333,0.3333,0.3333,0.3333,0.3333,1.0,0.0,0.0,19.33,0.0,2.99,2.99,927.048,432.723,75071.647
189,2026-05-10T22:55:04.146234+00:00,instagram,GND,16.482,25.476,25.476,0.5,0.5,25.717,28.39,0.3928,0.1714,2,0.3333,0.3333,0.3333,2.375,0.7619,-0.26245,-0.42231,2,0.3333,0.3333,0.3333,0.624,0.4762,-0.43761,-2.51317,0,1.0,0.0,0.0,1.09,0.6429,-0.39095,-0.93688,4.09,32.48,0.3333,0.3333,0.3333,0.3333,0.3333,0.3333,1.0,0.0,0.0,0.3333,0.3333,0.3333,0.3333,0.3333,0.3333,1.0,0.0,0.0,30.071,2.673,2.409,2.409,929.721,435.131,75074.055
190,2026-05-10T22:55:14.171609+00:00,instagram,ISL,13.146,23.734,13.146,0.5,0.5,22.178,26.637,0.3775,0.1678,1,0.5,0.5,0.0,4.814,0.7619,-0.01855,-0.02465,0,0.3333,0.3333,0.3333,0.364,0.4167,-0.46361,-6.90776,0,1.0,0.0,0.0,999.0,2.5,99.4,3.7077,1004.178,1026.356,0.5,0.5,0.0,0.3333,0.3333,0.3333,1.0,0.0,0.0,0.5,0.5,0.0,0.3333,0.3333,0.3333,1.0,0.0,0.0,28.318,0.0,3.48,998.038,929.721,438.611,76072.093
191,2026-05-10T22:55:24.205231+00:00,mixed,GND,22.508,21.818,21.818,0.5,0.5,31.351,24.711,0.3625,0.1642,1,0.3333,0.3333,0.3333,0.314,0.381,-0.46859,-6.90776,0,0.3333,0.3333,0.3333,0.062,0.1786,-0.49384,-6.90776,0,0.5,0.5,0.0,0.694,0.5,-0.43061,-1.97487,1.07,25.781,0.3333,0.3333,0.3333,0.3333,0.3333,0.3333,0.5,0.5,0.0,0.3333,0.3333,0.3333,0.3333,0.3333,0.3333,0.5,0.5,0.0,25.926,0.0,0.0,0.0,929.721,438.611,76072.093
192,2026-05-10T22:55:34.219758+00:00,mixed,ISL,19.221,26.479,19.221,0.5,0.5,27.889,29.362,0.348,0.1608,0,0.5,0.5,0.0,0.673,0.5333,-0.43275,-1.66815,0,0.3333,0.3333,0.3333,0.409,0.4167,-0.45912,-6.90776,0,1.0,0.0,0.0,999.0,1.9444,99.4,3.95355,1000.081,1027.971,0.5,0.5,0.0,0.3333,0.3333,0.3333,1.0,0.0,0.0,0.5,0.5,0.0,0.3333,0.3333,0.3333,1.0,0.0,0.0,30.577,0.0,0.0,997.394,929.721,438.611,77069.487
193,2026-05-10T22:55:44.243815+00:00,mixed,GND,7.591,17.013,17.013,0.5,0.5,16.098,19.887,0.334,0.1574,0,0.3333,0.3333,0.3333,0.419,0.2286,-0.45808,-6.90776,2,0.3333,0.3333,0.3333,0.878,0.4762,-0.41216,-2.0064,1,0.5,0.5,0.0,4.677,0.8333,-0.03228,-0.03951,5.975,25.862,0.3333,0.3333,0.3333,0.3333,0.3333,0.3333,0.5,0.5,0.0,0.3333,0.3333,0.3333,0.3333,0.3333,0.3333,0.5,0.5,0.0,21.101,3.789,4.76,4.76,933.51,443.371,77074.247
194,2026-05-10T22:55:54.244811+00:00,mixed,GND,10.52,22.651,22.651,0.5,0.5,18.878,25.515,0.3205,0.1541,2,0.3333,0.3333,0.3333,2.975,0.7619,-0.20246,-0.30887,0,0.3333,0.3333,0.3333,0.292,0.1786,-0.47082,-6.90776,0,0.5,0.5,0.0,0.468,0.5,-0.45323,-2.36932,3.735,29.25,0.3333,0.3333,0.3333,0.3333,0.3333,0.3333,0.5,0.5,0.0,0.3333,0.3333,0.3333,0.3333,0.3333,0.3333,0.5,0.5,0.0,26.73,6.637,2.52,2.52,940.147,445.891,77076.767
195,2026-05-10T22:56:04.264747+00:00,mixed,GND,14.257,26.148,26.148,0.5,0.5,22.478,29.004,0.3075,0.1509,1,0.3333,0.3333,0.3333,0.544,0.381,-0.44557,-6.90776,0,0.3333,0.3333,0.3333,0.28,0.1786,-0.47204,-6.90776,0,0.5,0.5,0.0,0.591,0.5,-0.44089,-2.1352,1.415,30.419,0.3333,0.3333,0.3333,0.3333,0.3333,0.3333,0.5,0.5,0.0,0.3333,0.3333,0.3333,0.3333,0.3333,0.3333,0.5,0.5,0.0,30.218,6.525,0.2,0.2,946.672,446.092,77076.968
196,2026-05-10T22:56:14.278418+00:00,mixed,ISL,17.678,26.382,17.678,0.5,0.5,25.772,29.229,0.2952,0.1477,0,0.5,0.5,0.0,1.271,0.5333,-0.37293,-1.20147,0,0.3333,0.3333,0.3333,0.895,0.4167,-0.41052,-4.21639,0,1.0,0.0,0.0,999.0,1.9444,99.4,3.95355,1001.165,1026.937,0.5,0.5,0.0,0.3333,0.3333,0.3333,1.0,0.0,0.0,0.5,0.5,0.0,0.3333,0.3333,0.3333,1.0,0.0,0.0,30.444,0.0,0.467,996.494,946.672,446.558,78073.461
197,2026-05-10T22:56:24.292399+00:00,mixed,ISL,10.21,21.075,10.21,0.5,0.5,18.188,23.914,0.2835,0.1447,1,0.5,0.5,0.0,2.943,0.7619,-0.20565,-0.3146,2,0.3333,0.3333,0.3333,4.637,0.8333,-0.03632,-0.04456,0,1.0,0.0,0.0,999.0,1.9444,99.4,3.95355,1006.58,1024.768,0.5,0.5,0.0,0.3333,0.3333,0.3333,1.0,0.0,0.0,0.5,0.5,0.0,0.3333,0.3333,0.3333,1.0,0.0,0.0,25.128,0.0,5.882,999.64,946.672,452.44,79073.101
198,2026-05-10T22:56:34.309430+00:00,mixed,ISL,19.165,23.593,19.165,0.5,0.5,27.037,26.424,0.2724,0.1418,1,0.5,0.5,0.0,2.495,0.7619,-0.25055,-0.39875,0,0.3333,0.3333,0.3333,0.511,0.4167,-0.44886,-6.90776,0,1.0,0.0,0.0,999.0,1.9444,99.4,3.95355,1002.006,1029.043,0.5,0.5,0.0,0.3333,0.3333,0.3333,1.0,0.0,0.0,0.5,0.5,0.0,0.3333,0.3333,0.3333,1.0,0.0,0.0,27.638,0.613,1.307,1001.404,947.285,453.747,80074.506
199,2026-05-10T22:56:44.350896+00:00,mixed,GND,16.015,26.494,26.494,0.5,0.5,23.791,29.317,0.2621,0.1389,0,0.3333,0.3333,0.3333,0.122,0.2286,-0.48784,-6.90776,1,0.3333,0.3333,0.3333,0.152,0.2857,-0.48478,-6.90776,1,0.5,0.5,0.0,3.298,0.8333,-0.17018,-0.22843,3.572,32.889,0.3333,0.3333,0.3333,0.3333,0.3333,0.3333,0.5,0.5,0.0,0.3333,0.3333,0.3333,0.3333,0.3333,0.3333,0.5,0.5,0.0,30.532,5.526,2.357,2.357,952.812,456.104,80076.863
200,2026-05-10T22:56:54.372718+00:00,mixed,GND,17.259,25.517,25.517,0.5,0.5,24.947,28.333,0.2524,0.1362,0,0.3333,0.3333,0.3333,0.256,0.2286,-0.47443,-6.90776,0,0.3333,0.3333,0.3333,0.735,0.1786,-0.42654,-6.90776,1,0.5,0.5,0.0,2.933,0.8333,-0.2067,-0.28507,3.923,32.256,0.3333,0.3333,0.3333,0.3333,0.3333,0.3333,0.5,0.5,0.0,0.3333,0.3333,0.3333,0.3333,0.3333,0.3333,0.5,0.5,0.0,29.547,3.385,2.709,2.709,956.197,458.813,80079.572
201,2026-05-10T22:57:04.387210+00:00,gaming,ISL,19.607,20.192,19.607,0.5,0.5,27.217,23.0,0.2435,0.1335,0,0.5,0.5,0.0,1.909,0.5333,-0.30909,-0.86642,0,0.3333,0.3333,0.3333,0.342,0.4167,-0.46584,-6.90776,0,0.5,0.5,0.0,1.158,0.4352,-0.38416,-2.14347,3.409,30.626,0.5,0.5,0.0,0.3333,0.3333,0.3333,0.5,0.5,0.0,0.5,0.5,0.0,0.3333,0.3333,0.3333,0.5,0.5,0.0,23.588,4.217,1.045,7.038,960.413,459.858,80086.61
202,2026-05-10T22:57:14.420106+00:00,gaming,ISL,19.772,25.509,19.772,0.5,0.5,27.312,28.31,0.2354,0.1309,1,0.5,0.5,0.0,2.574,0.7619,-0.24262,-0.38337,2,0.3333,0.3333,0.3333,5.484,0.8333,0.04839,0.05644,0,0.5,0.5,0.0,0.416,0.4352,-0.45841,-6.90776,8.474,35.785,0.5,0.5,0.0,0.3333,0.3333,0.3333,0.5,0.5,0.0,0.5,0.5,0.0,0.3333,0.3333,0.3333,0.5,0.5,0.0,28.897,0.0,6.11,6.888,960.413,465.968,80093.498
203,2026-05-10T22:57:24.427226+00:00,gaming,GND,12.026,20.957,20.957,0.5,0.5,19.503,23.752,0.2281,0.1284,1,0.3333,0.3333,0.3333,0.195,0.381,-0.48048,-6.90776,2,0.3333,0.3333,0.3333,0.58,0.4762,-0.44203,-2.63482,1,0.3333,0.3333,0.3333,0.124,0.1865,-0.48758,-6.90776,0.899,24.651,0.3333,0.3333,0.3333,0.3333,0.3333,0.3333,0.3333,0.3333,0.3333,0.3333,0.3333,0.3333,0.3333,0.3333,0.3333,0.3333,0.3333,0.3333,21.867,4.249,0.312,2.784,964.662,466.279,80096.281
204,2026-05-10T22:57:34.446692+00:00,gaming,GND,10.605,20.401,20.401,0.5,0.5,18.028,23.189,0.2216,0.1261,2,0.3333,0.3333,0.3333,2.295,0.7619,-0.27049,-0.43854,0,0.3333,0.3333,0.3333,0.323,0.1786,-0.46771,-6.90776,2,0.3333,0.3333,0.3333,0.124,0.2798,-0.48763,-6.90776,2.742,25.931,0.3333,0.3333,0.3333,0.3333,0.3333,0.3333,0.3333,0.3333,0.3333,0.3333,0.3333,0.3333,0.3333,0.3333,0.3333,0.3333,0.3333,0.3333,20.392,5.161,2.154,5.539,969.823,468.434,80101.82
205,2026-05-10T22:57:44.467851+00:00,gaming,ISL,15.67,21.025,15.67,0.5,0.5,23.047,23.807,0.2159,0.1238,0,0.5,0.5,0.0,0.913,0.5333,-0.40874,-1.45411,0,0.3333,0.3333,0.3333,1.048,0.4167,-0.39518,-2.96493,1,0.5,0.5,0.0,1.773,0.6528,-0.32269,-0.68189,3.734,26.781,0.5,0.5,0.0,0.3333,0.3333,0.3333,0.5,0.5,0.0,0.5,0.5,0.0,0.3333,0.3333,0.3333,0.5,0.5,0.0,24.395,0.0,1.37,2.386,969.823,469.804,80104.206
206,2026-05-10T22:57:54.491131+00:00,gaming,ISL,15.407,11.944,15.407,0.5,0.5,22.745,14.721,0.2111,0.1216,0,0.5,0.5,0.0,0.992,0.5333,-0.40077,-1.39211,2,0.3333,0.3333,0.3333,6.295,0.8333,0.12954,0.14448,1,0.5,0.5,0.0,1.611,0.6528,-0.33892,-0.73228,8.898,31.643,0.5,0.5,0.0,0.3333,0.3333,0.3333,0.5,0.5,0.0,0.5,0.5,0.0,0.3333,0.3333,0.3333,0.5,0.5,0.0,15.308,8.024,6.535,16.335,977.847,476.338,80120.542
207,2026-05-10T22:58:04.504876+00:00,gaming,ISL,10.556,21.881,10.556,0.5,0.5,17.862,24.652,0.2071,0.1195,1,0.5,0.5,0.0,2.456,0.7619,-0.25438,-0.40627,2,0.3333,0.3333,0.3333,4.912,0.8333,-0.00881,-0.01063,1,0.5,0.5,0.0,1.254,0.6528,-0.37457,-0.85286,8.622,26.485,0.5,0.5,0.0,0.3333,0.3333,0.3333,0.5,0.5,0.0,0.5,0.5,0.0,0.3333,0.3333,0.3333,0.5,0.5,0.0,20.226,0.0,6.258,6.258,977.847,482.597,80126.8
208,2026-05-10T22:58:14.555795+00:00,gaming,GND,15.218,25.535,25.535,0.5,0.5,22.5,28.301,0.204,0.1176,2,0.3333,0.3333,0.3333,3.034,0.7619,-0.19656,-0.29839,0,0.3333,0.3333,0.3333,0.079,0.1786,-0.49213,-6.90776,0,0.3333,0.3333,0.3333,0.187,0.1119,-0.48133,-6.90776,3.3,31.601,0.3333,0.3333,0.3333,0.3333,0.3333,0.3333,0.3333,0.3333,0.3333,0.3333,0.3333,0.3333,0.3333,0.3333,0.3333,0.3333,0.3333,0.3333,24.864,5.801,2.712,6.737,983.648,485.309,80133.537
209,2026-05-10T22:58:24.577391+00:00,gaming,ISL,11.757,23.078,11.757,0.5,0.5,19.021,25.84,0.2018,0.1157,0,0.5,0.5,0.0,0.531,0.5333,-0.44686,-1.81935,2,0.3333,0.3333,0.3333,4.58,0.8333,-0.042,-0.05172,1,0.5,0.5,0.0,2.083,0.6528,-0.29172,-0.59221,7.194,26.215,0.5,0.5,0.0,0.3333,0.3333,0.3333,0.5,0.5,0.0,0.5,0.5,0.0,0.3333,0.3333,0.3333,0.5,0.5,0.0,21.385,0.0,4.83,4.83,983.648,490.139,80138.367
210,2026-05-10T22:58:34.606216+00:00,gaming,GND,16.596,26.039,26.039,0.5,0.5,23.849,28.796,0.2004,0.1139,2,0.3333,0.3333,0.3333,3.029,0.7619,-0.19713,-0.29939,1,0.3333,0.3333,0.3333,0.223,0.2857,-0.47771,-6.90776,1,0.3333,0.3333,0.3333,0.177,0.1865,-0.48234,-6.90776,3.428,32.224,0.3333,0.3333,0.3333,0.3333,0.3333,0.3333,0.3333,0.3333,0.3333,0.3333,0.3333,0.3333,0.3333,0.3333,0.3333,0.3333,0.3333,0.3333,26.213,4.947,2.841,6.011,988.595,492.98,80144.378
211,2026-05-10T22:58:44.622389+00:00,youtube,ISL,11.43,22.478,11.43,0.5,0.5,18.68,25.231,0.2,0.1122,0,0.5,0.5,0.0,1.092,0.5333,-0.39078,-1.31942,0,0.3333,0.3333,0.3333,0.433,0.4167,-0.45666,-6.90776,0,1.0,0.0,0.0,999.0,1.6728,99.4,4.10132,1000.526,1019.206,0.5,0.5,0.0,0.3333,0.3333,0.3333,1.0,0.0,0.0,0.5,0.5,0.0,0.3333,0.3333,0.3333,1.0,0.0,0.0,26.29,0.0,0.0,992.916,988.595,492.98,81137.294
212,2026-05-10T22:58:54.642117+00:00,youtube,ISL,11.883,23.201,11.883,0.5,0.5,19.136,25.95,0.2004,0.1107,0,0.5,0.5,0.0,1.96,0.5333,-0.304,-0.84398,2,0.3333,0.3333,0.3333,5.99,0.8333,0.09898,0.11224,0,1.0,0.0,0.0,999.0,1.6728,99.4,4.10132,1006.95,1026.086,0.5,0.5,0.0,0.3333,0.3333,0.3333,1.0,0.0,0.0,0.5,0.5,0.0,0.3333,0.3333,0.3333,1.0,0.0,0.0,27.009,0.0,6.251,999.077,988.595,499.231,82136.371
213,2026-05-10T22:59:04.679594+00:00,youtube,ISL,18.414,23.99,18.414,0.5,0.5,25.678,26.735,0.2018,0.1092,0,0.5,0.5,0.0,0.981,0.5333,-0.40195,-1.401,2,0.3333,0.3333,0.3333,4.881,0.8333,-0.0119,-0.01438,0,1.0,0.0,0.0,999.0,1.6728,99.4,4.10132,1004.862,1030.539,0.5,0.5,0.0,0.3333,0.3333,0.3333,1.0,0.0,0.0,0.5,0.5,0.0,0.3333,0.3333,0.3333,1.0,0.0,0.0,27.793,0.0,4.163,1002.746,988.595,503.394,83139.118
214,2026-05-10T22:59:14.687571+00:00,youtube,GND,9.983,12.171,12.171,0.5,0.5,17.265,14.913,0.204,0.1079,0,0.3333,0.3333,0.3333,0.275,0.2286,-0.4725,-6.90776,1,0.3333,0.3333,0.3333,0.153,0.2857,-0.48473,-6.90776,0,0.5,0.5,0.0,0.173,0.4302,-0.48272,-6.90776,0.601,15.514,0.3333,0.3333,0.3333,0.3333,0.3333,0.3333,0.5,0.5,0.0,0.3333,0.3333,0.3333,0.3333,0.3333,0.3333,0.5,0.5,0.0,15.972,0.0,0.0,0.0,988.595,503.394,83139.118
215,2026-05-10T22:59:24.696205+00:00,youtube,ISL,9.059,20.888,9.059,0.5,0.5,16.365,23.627,0.2071,0.1066,1,0.5,0.5,0.0,3.16,0.7619,-0.18403,-0.27646,1,0.3333,0.3333,0.3333,0.823,0.5556,-0.41769,-1.39368,0,1.0,0.0,0.0,999.0,1.6728,99.4,4.10132,1002.983,1019.348,0.5,0.5,0.0,0.3333,0.3333,0.3333,1.0,0.0,0.0,0.5,0.5,0.0,0.3333,0.3333,0.3333,1.0,0.0,0.0,24.686,0.0,2.284,994.663,988.595,505.678,84133.78
216,2026-05-10T22:59:34.732846+00:00,youtube,ISL,13.688,24.256,13.688,0.5,0.5,21.026,26.992,0.2111,0.1055,1,0.5,0.5,0.0,2.322,0.7619,-0.26784,-0.43315,1,0.3333,0.3333,0.3333,0.957,0.5556,-0.4043,-1.301,0,1.0,0.0,0.0,999.0,1.6728,99.4,4.10132,1002.279,1023.304,0.5,0.5,0.0,0.3333,0.3333,0.3333,1.0,0.0,0.0,0.5,0.5,0.0,0.3333,0.3333,0.3333,1.0,0.0,0.0,28.05,0.0,1.58,995.254,988.595,507.258,85129.034
217,2026-05-10T22:59:44.753301+00:00,youtube,GND,15.393,23.962,23.962,0.5,0.5,22.769,26.696,0.2159,0.1044,0,0.3333,0.3333,0.3333,0.609,0.2286,-0.43908,-6.90776,1,0.3333,0.3333,0.3333,0.605,0.2857,-0.43954,-6.90776,1,0.5,0.5,0.0,2.188,0.7169,-0.28123,-0.49801,3.402,30.097,0.3333,0.3333,0.3333,0.3333,0.3333,0.3333,0.5,0.5,0.0,0.3333,0.3333,0.3333,0.3333,0.3333,0.3333,0.5,0.5,0.0,27.754,3.926,2.343,2.343,992.521,509.601,85131.377
218,2026-05-10T22:59:54.782305+00:00,youtube,GND,10.629,20.654,20.654,0.5,0.5,18.052,23.385,0.2216,0.1035,2,0.3333,0.3333,0.3333,4.084,0.7619,-0.0916,-0.12808,2,0.3333,0.3333,0.3333,1.089,0.4762,-0.39106,-1.72164,1,0.5,0.5,0.0,1.976,0.7169,-0.30238,-0.54778,7.15,30.535,0.3333,0.3333,0.3333,0.3333,0.3333,0.3333,0.5,0.5,0.0,0.3333,0.3333,0.3333,0.3333,0.3333,0.3333,0.5,0.5,0.0,24.444,5.333,6.091,6.091,997.854,515.692,85137.468
219,2026-05-10T23:00:04.800005+00:00,youtube,GND,16.082,21.28,21.28,0.5,0.5,23.559,24.009,0.2281,0.1027,0,0.3333,0.3333,0.3333,0.473,0.2286,-0.45273,-6.90776,0,0.3333,0.3333,0.3333,0.807,0.1786,-0.41934,-6.90776,1,0.5,0.5,0.0,2.53,0.7169,-0.24698,-0.42236,3.809,27.819,0.3333,0.3333,0.3333,0.3333,0.3333,0.3333,0.5,0.5,0.0,0.3333,0.3333,0.3333,0.3333,0.3333,0.3333,0.5,0.5,0.0,25.068,0.45,2.751,2.751,998.304,518.443,85140.219
220,2026-05-10T23:00:14.822480+00:00,youtube,ISL,11.692,23.201,11.692,0.5,0.5,19.231,25.929,0.2354,0.102,1,0.5,0.5,0.0,3.043,0.7619,-0.19571,-0.29688,2,0.3333,0.3333,0.3333,4.513,0.8333,-0.04865,-0.06016,0,1.0,0.0,0.0,999.0,1.6728,99.4,4.10132,1006.556,1025.788,0.5,0.5,0.0,0.3333,0.3333,0.3333,1.0,0.0,0.0,0.5,0.5,0.0,0.3333,0.3333,0.3333,1.0,0.0,0.0,26.987,0.0,5.858,998.8,998.304,524.301,86139.019
221,2026-05-10T23:00:24.826441+00:00,browsing,GND,17.095,25.804,25.804,0.5,0.5,24.704,28.529,0.2435,0.1014,2,0.3333,0.3333,0.3333,3.003,0.7619,-0.19965,-0.30387,0,0.3333,0.3333,0.3333,0.208,0.1786,-0.4792,-6.90776,0,0.5,0.5,0.0,0.564,0.3929,-0.44363,-6.90776,3.775,32.305,0.3333,0.3333,0.3333,0.3333,0.3333,0.3333,0.5,0.5,0.0,0.3333,0.3333,0.3333,0.3333,0.3333,0.3333,0.5,0.5,0.0,29.516,3.825,2.789,2.789,1002.129,527.089,86141.808
222,2026-05-10T23:00:34.842317+00:00,browsing,ISL,10.749,21.036,10.749,0.5,0.5,18.437,23.76,0.2524,0.1009,1,0.5,0.5,0.0,4.269,0.7619,-0.07307,-0.10082,1,0.3333,0.3333,0.3333,0.8,0.5556,-0.42002,-1.41075,0,1.0,0.0,0.0,999.0,1.5278,99.4,4.19059,1004.069,1022.506,0.5,0.5,0.0,0.3333,0.3333,0.3333,1.0,0.0,0.0,0.5,0.5,0.0,0.3333,0.3333,0.3333,1.0,0.0,0.0,24.747,0.0,3.37,997.759,1002.129,530.46,87139.567
223,2026-05-10T23:00:44.859917+00:00,browsing,GND,11.55,21.542,21.542,0.5,0.5,19.326,24.265,0.2621,0.1005,1,0.3333,0.3333,0.3333,0.243,0.381,-0.47572,-6.90776,2,0.3333,0.3333,0.3333,0.613,0.4762,-0.43871,-2.54196,1,0.5,0.5,0.0,1.224,0.6548,-0.37755,-0.8595,2.08,26.346,0.3333,0.3333,0.3333,0.3333,0.3333,0.3333,0.5,0.5,0.0,0.3333,0.3333,0.3333,0.3333,0.3333,0.3333,0.5,0.5,0.0,25.252,4.94,1.094,1.094,1007.069,531.553,87140.661
224,2026-05-10T23:00:54.872699+00:00,browsing,ISL,25.915,21.992,25.915,0.5,0.5,33.787,24.715,0.2724,0.1002,1,0.5,0.5,0.0,2.371,0.7619,-0.26287,-0.42315,1,0.3333,0.3333,0.3333,2.843,0.5556,-0.21566,-0.49133,0,1.0,0.0,0.0,999.0,1.5278,99.4,4.19059,1004.215,1038.002,0.5,0.5,0.0,0.3333,0.3333,0.3333,1.0,0.0,0.0,0.5,0.5,0.0,0.3333,0.3333,0.3333,1.0,0.0,0.0,25.702,9.072,3.516,1012.3,1016.141,535.069,88152.961
225,2026-05-10T23:01:04.893512+00:00,browsing,GND,14.336,25.741,25.741,0.5,0.5,22.314,28.463,0.2835,0.1001,2,0.3333,0.3333,0.3333,3.169,0.7619,-0.18306,-0.27478,1,0.3333,0.3333,0.3333,0.622,0.2857,-0.43776,-6.90776,0,0.5,0.5,0.0,0.365,0.3929,-0.46351,-6.90776,4.157,32.62,0.3333,0.3333,0.3333,0.3333,0.3333,0.3333,0.5,0.5,0.0,0.3333,0.3333,0.3333,0.3333,0.3333,0.3333,0.5,0.5,0.0,29.45,6.149,3.17,3.17,1022.29,538.239,88156.131
226,2026-05-10T23:01:14.909029+00:00,browsing,GND,15.796,25.728,25.728,0.5,0.5,23.89,28.45,0.2952,0.1,2,0.3333,0.3333,0.3333,3.266,0.7619,-0.17336,-0.25817,0,0.3333,0.3333,0.3333,0.162,0.1786,-0.48377,-6.90776,1,0.5,0.5,0.0,2.062,0.6548,-0.29376,-0.59538,5.491,33.941,0.3333,0.3333,0.3333,0.3333,0.3333,0.3333,0.5,0.5,0.0,0.3333,0.3333,0.3333,0.3333,0.3333,0.3333,0.5,0.5,0.0,29.437,4.561,4.505,4.505,1026.85,542.744,88160.636
227,2026-05-10T23:01:24.924408+00:00,browsing,ISL,12.456,22.539,12.456,0.5,0.5,20.676,25.261,0.3075,0.1001,1,0.5,0.5,0.0,2.399,0.7619,-0.2601,-0.41761,1,0.3333,0.3333,0.3333,1.168,0.5556,-0.38321,-1.17046,0,1.0,0.0,0.0,999.0,1.5278,99.4,4.19059,1002.567,1023.243,0.5,0.5,0.0,0.3333,0.3333,0.3333,1.0,0.0,0.0,0.5,0.5,0.0,0.3333,0.3333,0.3333,1.0,0.0,0.0,26.248,0.0,1.868,996.995,1026.85,544.612,89157.631
228,2026-05-10T23:01:34.960377+00:00,browsing,ISL,19.229,23.709,19.229,0.5,0.5,27.587,26.431,0.3205,0.1002,0,0.5,0.5,0.0,1.397,0.5333,-0.36034,-1.12591,2,0.3333,0.3333,0.3333,4.702,0.8333,-0.02976,-0.03636,0,1.0,0.0,0.0,999.0,1.5278,99.4,4.19059,1005.099,1032.686,0.5,0.5,0.0,0.3333,0.3333,0.3333,1.0,0.0,0.0,0.5,0.5,0.0,0.3333,0.3333,0.3333,1.0,0.0,0.0,27.418,1.156,4.4,1005.268,1028.006,549.013,90162.899
229,2026-05-10T23:01:44.977089+00:00,browsing,GND,11.481,22.194,22.194,0.5,0.5,19.989,24.918,0.334,0.1005,0,0.3333,0.3333,0.3333,0.319,0.2286,-0.46809,-6.90776,2,0.3333,0.3333,0.3333,0.637,0.4762,-0.4363,-2.47964,1,0.5,0.5,0.0,1.229,0.6548,-0.3771,-0.85789,2.185,27.103,0.3333,0.3333,0.3333,0.3333,0.3333,0.3333,0.5,0.5,0.0,0.3333,0.3333,0.3333,0.3333,0.3333,0.3333,0.5,0.5,0.0,25.904,4.929,1.199,1.199,1032.935,550.211,90164.098
230,2026-05-10T23:01:54.997918+00:00,browsing,ISL,19.948,25.452,19.948,0.5,0.5,28.617,28.177,0.348,0.1009,1,0.5,0.5,0.0,2.528,0.7619,-0.24718,-0.3922,2,0.3333,0.3333,0.3333,5.723,0.8333,0.07233,0.08324,0,1.0,0.0,0.0,999.0,1.5278,99.4,4.19059,1007.252,1035.869,0.5,0.5,0.0,0.3333,0.3333,0.3333,1.0,0.0,0.0,0.5,0.5,0.0,0.3333,0.3333,0.3333,1.0,0.0,0.0,29.163,0.44,6.553,1006.705,1033.376,556.764,91170.803
231,2026-05-10T23:02:05.011308+00:00,instagram,ISL,17.832,22.3,17.832,0.5,0.5,26.675,25.025,0.3625,0.1014,0,0.5,0.5,0.0,1.02,0.5333,-0.39799,-1.3713,0,0.3333,0.3333,0.3333,0.627,0.4167,-0.43731,-6.90776,0,1.0,0.0,0.0,999.0,2.5,99.4,3.7077,1000.647,1027.322,0.5,0.5,0.0,0.3333,0.3333,0.3333,1.0,0.0,0.0,0.5,0.5,0.0,0.3333,0.3333,0.3333,1.0,0.0,0.0,26.707,1.649,0.0,1000.615,1035.025,556.764,92171.418
232,2026-05-10T23:02:15.028250+00:00,instagram,GND,12.198,18.003,18.003,0.5,0.5,21.23,20.73,0.3775,0.102,0,0.3333,0.3333,0.3333,0.481,0.2286,-0.45185,-6.90776,0,0.3333,0.3333,0.3333,0.685,0.1786,-0.43145,-6.90776,0,1.0,0.0,0.0,1.138,0.6429,-0.38619,-0.91814,2.305,23.035,0.3333,0.3333,0.3333,0.3333,0.3333,0.3333,1.0,0.0,0.0,0.3333,0.3333,0.3333,0.3333,0.3333,0.3333,1.0,0.0,0.0,22.411,0.0,0.624,0.624,1035.025,557.388,92172.042
233,2026-05-10T23:02:25.039142+00:00,instagram,GND,17.236,26.298,26.298,0.5,0.5,26.471,29.026,0.3928,0.1027,2,0.3333,0.3333,0.3333,3.824,0.7619,-0.11759,-0.16764,0,0.3333,0.3333,0.3333,0.141,0.1786,-0.4859,-6.90776,0,1.0,0.0,0.0,0.802,0.6429,-0.41985,-1.0587,4.767,33.793,0.3333,0.3333,0.3333,0.3333,0.3333,0.3333,1.0,0.0,0.0,0.3333,0.3333,0.3333,0.3333,0.3333,0.3333,1.0,0.0,0.0,30.708,2.556,3.085,3.085,1037.581,560.473,92175.127
234,2026-05-10T23:02:35.064496+00:00,instagram,GND,12.189,22.288,22.288,0.5,0.5,21.642,25.019,0.4085,0.1035,0,0.3333,0.3333,0.3333,0.3,0.2286,-0.47004,-6.90776,0,0.3333,0.3333,0.3333,0.207,0.1786,-0.47932,-6.90776,0,1.0,0.0,0.0,0.937,0.6429,-0.4063,-0.99971,1.443,26.462,0.3333,0.3333,0.3333,0.3333,0.3333,0.3333,1.0,0.0,0.0,0.3333,0.3333,0.3333,0.3333,0.3333,0.3333,1.0,0.0,0.0,26.7,3.377,0.0,0.0,1040.957,560.473,92175.127
235,2026-05-10T23:02:45.095644+00:00,instagram,ISL,15.893,24.437,15.893,0.5,0.5,25.582,27.17,0.4246,0.1044,0,0.5,0.5,0.0,1.041,0.5333,-0.39591,-1.35609,2,0.3333,0.3333,0.3333,5.724,0.8333,0.07242,0.08333,0,1.0,0.0,0.0,999.0,2.5,99.4,3.7077,1005.765,1031.347,0.5,0.5,0.0,0.3333,0.3333,0.3333,1.0,0.0,0.0,0.5,0.5,0.0,0.3333,0.3333,0.3333,1.0,0.0,0.0,28.852,0.0,5.066,1002.496,1040.957,565.539,93177.623
236,2026-05-10T23:02:55.115495+00:00,instagram,ISL,11.245,20.857,11.245,0.5,0.5,21.188,23.593,0.4409,0.1055,1,0.5,0.5,0.0,2.794,0.7619,-0.22063,-0.34189,1,0.3333,0.3333,0.3333,0.979,0.5556,-0.40206,-1.28628,0,1.0,0.0,0.0,999.0,2.5,99.4,3.7077,1002.773,1023.961,0.5,0.5,0.0,0.3333,0.3333,0.3333,1.0,0.0,0.0,0.5,0.5,0.0,0.3333,0.3333,0.3333,1.0,0.0,0.0,25.275,0.0,2.074,998.687,1040.957,567.614,94176.31
237,2026-05-10T23:03:05.141612+00:00,instagram,ISL,15.79,20.985,15.79,0.5,0.5,26.006,23.724,0.4574,0.1066,1,0.5,0.5,0.0,2.615,0.7619,-0.23849,-0.37546,0,0.3333,0.3333,0.3333,0.628,0.4167,-0.43723,-6.90776,0,1.0,0.0,0.0,999.0,2.5,99.4,3.7077,1002.243,1028.248,0.5,0.5,0.0,0.3333,0.3333,0.3333,1.0,0.0,0.0,0.5,0.5,0.0,0.3333,0.3333,0.3333,1.0,0.0,0.0,25.405,2.282,1.544,1002.843,1043.239,569.158,95179.153
238,2026-05-10T23:03:15.166367+00:00,instagram,ISL,14.893,22.786,14.893,0.5,0.5,25.401,25.528,0.4742,0.1079,1,0.5,0.5,0.0,2.743,0.7619,-0.22575,-0.35139,0,0.3333,0.3333,0.3333,1.187,0.4167,-0.3813,-2.46647,0,1.0,0.0,0.0,999.0,2.5,99.4,3.7077,1002.93,1028.331,0.5,0.5,0.0,0.3333,0.3333,0.3333,1.0,0.0,0.0,0.5,0.5,0.0,0.3333,0.3333,0.3333,1.0,0.0,0.0,27.209,0.0,2.231,1001.122,1043.239,571.389,96180.274
239,2026-05-10T23:03:25.207554+00:00,instagram,GND,14.629,25.682,25.682,0.5,0.5,25.453,28.427,0.491,0.1092,1,0.3333,0.3333,0.3333,0.429,0.381,-0.45707,-6.90776,2,0.3333,0.3333,0.3333,0.477,0.4762,-0.45231,-2.99269,0,1.0,0.0,0.0,1.424,0.6429,-0.35757,-0.81241,2.331,30.758,0.3333,0.3333,0.3333,0.3333,0.3333,0.3333,1.0,0.0,0.0,0.3333,0.3333,0.3333,0.3333,0.3333,0.3333,1.0,0.0,0.0,30.108,2.975,0.649,0.649,1046.213,572.038,96180.924
240,2026-05-10T23:03:35.246540+00:00,instagram,GND,14.368,25.741,25.741,0.5,0.5,25.53,28.49,0.508,0.1107,1,0.3333,0.3333,0.3333,0.359,0.381,-0.46414,-6.90776,0,0.3333,0.3333,0.3333,0.105,0.1786,-0.4895,-6.90776,0,1.0,0.0,0.0,1.553,0.6429,-0.34472,-0.76836,2.016,30.506,0.3333,0.3333,0.3333,0.3333,0.3333,0.3333,1.0,0.0,0.0,0.3333,0.3333,0.3333,0.3333,0.3333,0.3333,1.0,0.0,0.0,30.171,2.959,0.335,0.335,1049.173,572.373,96181.259
241,2026-05-10T23:03:45.267245+00:00,mixed,GND,16.198,26.229,26.229,0.5,0.5,27.724,28.982,0.525,0.1122,1,0.3333,0.3333,0.3333,0.711,0.381,-0.42887,-6.90776,2,0.3333,0.3333,0.3333,0.436,0.4762,-0.45645,-3.18305,1,0.5,0.5,0.0,3.086,0.8333,-0.19145,-0.26102,4.232,33.215,0.3333,0.3333,0.3333,0.3333,0.3333,0.3333,0.5,0.5,0.0,0.3333,0.3333,0.3333,0.3333,0.3333,0.3333,0.5,0.5,0.0,30.197,1.258,3.018,3.018,1050.431,575.391,96184.276
242,2026-05-10T23:03:55.269026+00:00,mixed,GND,16.989,23.007,23.007,0.5,0.5,28.906,25.764,0.542,0.1139,0,0.3333,0.3333,0.3333,0.618,0.2286,-0.43816,-6.90776,1,0.3333,0.3333,0.3333,0.205,0.2857,-0.47947,-6.90776,0,0.5,0.5,0.0,0.791,0.5,-0.42093,-1.84431,1.614,27.379,0.3333,0.3333,0.3333,0.3333,0.3333,0.3333,0.5,0.5,0.0,0.3333,0.3333,0.3333,0.3333,0.3333,0.3333,0.5,0.5,0.0,26.979,0.0,0.4,0.4,1050.431,575.79,96184.676
243,2026-05-10T23:04:05.280393+00:00,mixed,GND,7.591,13.761,13.761,0.5,0.5,19.928,16.523,0.559,0.1157,0,0.3333,0.3333,0.3333,0.215,0.2286,-0.47848,-6.90776,1,0.3333,0.3333,0.3333,0.568,0.2857,-0.4432,-6.90776,1,0.5,0.5,0.0,3.441,0.8333,-0.15592,-0.20715,4.224,20.747,0.3333,0.3333,0.3333,0.3333,0.3333,0.3333,0.5,0.5,0.0,0.3333,0.3333,0.3333,0.3333,0.3333,0.3333,0.5,0.5,0.0,17.738,0.0,3.009,3.009,1050.431,578.8,96187.685
244,2026-05-10T23:04:15.301437+00:00,mixed,GND,21.748,22.362,22.362,0.5,0.5,34.536,25.129,0.5758,0.1176,0,0.3333,0.3333,0.3333,0.388,0.2286,-0.46116,-6.90776,1,0.3333,0.3333,0.3333,0.599,0.2857,-0.44013,-6.90776,1,0.5,0.5,0.0,3.174,0.8333,-0.18256,-0.24727,4.162,29.29,0.3333,0.3333,0.3333,0.3333,0.3333,0.3333,0.5,0.5,0.0,0.3333,0.3333,0.3333,0.3333,0.3333,0.3333,0.5,0.5,0.0,26.344,0.0,2.947,2.947,1050.431,581.746,96190.632
245,2026-05-10T23:04:25.325846+00:00,mixed,ISL,19.425,14.489,19.425,0.5,0.5,32.697,17.261,0.5926,0.1195,0,0.5,0.5,0.0,1.027,0.5333,-0.39729,-1.36614,1,0.3333,0.3333,0.3333,1.456,0.5556,-0.35441,-1.01592,0,1.0,0.0,0.0,999.0,1.9444,99.4,3.95355,1001.483,1034.18,0.5,0.5,0.0,0.3333,0.3333,0.3333,1.0,0.0,0.0,0.5,0.5,0.0,0.3333,0.3333,0.3333,1.0,0.0,0.0,18.475,15.436,0.784,1015.704,1065.867,582.531,97206.336
246,2026-05-10T23:04:35.337121+00:00,mixed,ISL,13.459,22.77,13.459,0.5,0.5,27.25,25.547,0.6091,0.1216,1,0.5,0.5,0.0,2.432,0.7619,-0.25682,-0.41109,0,0.3333,0.3333,0.3333,0.498,0.4167,-0.45017,-6.90776,0,1.0,0.0,0.0,999.0,1.9444,99.4,3.95355,1001.93,1029.18,0.5,0.5,0.0,0.3333,0.3333,0.3333,1.0,0.0,0.0,0.5,0.5,0.0,0.3333,0.3333,0.3333,1.0,0.0,0.0,26.762,1.703,1.231,1002.419,1067.57,583.762,98208.755
247,2026-05-10T23:04:45.349612+00:00,mixed,ISL,10.091,22.337,10.091,0.5,0.5,24.44,25.119,0.6254,0.1238,1,0.5,0.5,0.0,2.964,0.7619,-0.20361,-0.31093,0,0.3333,0.3333,0.3333,0.483,0.4167,-0.45167,-6.90776,0,1.0,0.0,0.0,999.0,1.9444,99.4,3.95355,1002.447,1026.887,0.5,0.5,0.0,0.3333,0.3333,0.3333,1.0,0.0,0.0,0.5,0.5,0.0,0.3333,0.3333,0.3333,1.0,0.0,0.0,26.334,0.0,1.749,1000.553,1067.57,585.511,99209.308
248,2026-05-10T23:04:55.389770+00:00,mixed,GND,15.663,26.172,26.172,0.5,0.5,30.608,28.961,0.6415,0.1261,0,0.3333,0.3333,0.3333,0.485,0.2286,-0.45148,-6.90776,0,0.3333,0.3333,0.3333,0.188,0.1786,-0.48116,-6.90776,1,0.5,0.5,0.0,5.799,0.8333,0.07991,0.09157,6.473,35.433,0.3333,0.3333,0.3333,0.3333,0.3333,0.3333,0.5,0.5,0.0,0.3333,0.3333,0.3333,0.3333,0.3333,0.3333,0.5,0.5,0.0,30.175,0.0,5.258,5.258,1067.57,590.768,99214.566
249,2026-05-10T23:05:05.394656+00:00,mixed,ISL,18.684,25.874,18.684,0.5,0.5,34.269,28.669,0.6572,0.1284,1,0.5,0.5,0.0,3.406,0.7619,-0.15945,-0.23481,0,0.3333,0.3333,0.3333,0.615,0.4167,-0.43854,-6.90776,0,1.0,0.0,0.0,999.0,1.9444,99.4,3.95355,1003.02,1037.29,0.5,0.5,0.0,0.3333,0.3333,0.3333,1.0,0.0,0.0,0.5,0.5,0.0,0.3333,0.3333,0.3333,1.0,0.0,0.0,29.883,5.601,2.321,1007.406,1073.171,593.09,100221.972
250,2026-05-10T23:05:15.417134+00:00,mixed,GND,7.287,16.865,16.865,0.5,0.5,23.557,19.666,0.6725,0.1309,2,0.3333,0.3333,0.3333,2.403,0.7619,-0.25971,-0.41683,1,0.3333,0.3333,0.3333,0.227,0.2857,-0.47732,-6.90776,0,0.5,0.5,0.0,0.971,0.5,-0.40288,-1.63871,3.601,23.267,0.3333,0.3333,0.3333,0.3333,0.3333,0.3333,0.5,0.5,0.0,0.3333,0.3333,0.3333,0.3333,0.3333,0.3333,0.5,0.5,0.0,20.881,0.0,2.386,2.386,1073.171,595.476,100224.358
251,2026-05-10T23:05:25.457180+00:00,gaming,ISL,13.64,22.19,13.64,0.5,0.5,30.64,24.998,0.6875,0.1335,1,0.5,0.5,0.0,2.591,0.7619,-0.24091,-0.38008,2,0.3333,0.3333,0.3333,4.959,0.8333,-0.00414,-0.00498,0,0.5,0.5,0.0,0.337,0.4352,-0.46635,-6.90776,7.886,38.527,0.5,0.5,0.0,0.3333,0.3333,0.3333,0.5,0.5,0.0,0.5,0.5,0.0,0.3333,0.3333,0.3333,0.5,0.5,0.0,25.586,5.642,5.522,12.941,1078.813,600.998,100237.299
252,2026-05-10T23:05:35.470398+00:00,gaming,GND,8.619,20.777,20.777,0.5,0.5,26.398,23.593,0.702,0.1362,0,0.3333,0.3333,0.3333,0.1,0.2286,-0.49003,-6.90776,2,0.3333,0.3333,0.3333,0.448,0.4762,-0.45523,-3.12324,2,0.3333,0.3333,0.3333,0.806,0.2798,-0.4194,-6.90776,1.353,24.946,0.3333,0.3333,0.3333,0.3333,0.3333,0.3333,0.3333,0.3333,0.3333,0.3333,0.3333,0.3333,0.3333,0.3333,0.3333,0.3333,0.3333,0.3333,24.18,0.0,0.766,0.766,1078.813,601.764,100238.065
253,2026-05-10T23:05:45.488331+00:00,gaming,GND,20.811,24.45,24.45,0.5,0.5,39.419,27.273,0.716,0.1389,2,0.3333,0.3333,0.3333,3.764,0.7619,-0.12359,-0.17699,2,0.3333,0.3333,0.3333,0.491,0.4762,-0.45089,-2.93503,2,0.3333,0.3333,0.3333,0.309,0.2798,-0.46911,-6.90776,4.564,31.837,0.3333,0.3333,0.3333,0.3333,0.3333,0.3333,0.3333,0.3333,0.3333,0.3333,0.3333,0.3333,0.3333,0.3333,0.3333,0.3333,0.3333,0.3333,27.86,0.0,3.977,3.977,1078.813,605.741,100242.042
254,2026-05-10T23:05:55.519632+00:00,gaming,GND,8.169,20.685,20.685,0.5,0.5,27.656,23.515,0.7295,0.1418,2,0.3333,0.3333,0.3333,3.141,0.7619,-0.18585,-0.27962,1,0.3333,0.3333,0.3333,0.159,0.2857,-0.48412,-6.90776,1,0.3333,0.3333,0.3333,0.044,0.1865,-0.49559,-6.90776,3.344,26.86,0.3333,0.3333,0.3333,0.3333,0.3333,0.3333,0.3333,0.3333,0.3333,0.3333,0.3333,0.3333,0.3333,0.3333,0.3333,0.3333,0.3333,0.3333,24.103,0.0,2.757,2.757,1078.813,608.498,100244.799
255,2026-05-10T23:06:05.540845+00:00,gaming,ISL,16.492,26.304,16.492,0.5,0.5,36.907,29.143,0.7425,0.1447,0,0.5,0.5,0.0,0.588,0.5333,-0.44118,-1.75572,1,0.3333,0.3333,0.3333,1.134,0.5556,-0.38658,-1.19019,1,0.5,0.5,0.0,1.854,0.6528,-0.31464,-0.6578,3.576,40.483,0.5,0.5,0.0,0.3333,0.3333,0.3333,0.5,0.5,0.0,0.5,0.5,0.0,0.3333,0.3333,0.3333,0.5,0.5,0.0,29.73,7.764,1.212,10.753,1086.578,609.71,100255.552
256,2026-05-10T23:06:15.562507+00:00,gaming,ISL,12.333,23.102,12.333,0.5,0.5,33.725,25.949,0.7548,0.1477,1,0.5,0.5,0.0,2.404,0.7619,-0.2596,-0.41661,0,0.3333,0.3333,0.3333,0.538,0.4167,-0.44623,-6.90776,1,0.5,0.5,0.0,1.939,0.6528,-0.3061,-0.63285,4.881,38.606,0.5,0.5,0.0,0.3333,0.3333,0.3333,0.5,0.5,0.0,0.5,0.5,0.0,0.3333,0.3333,0.3333,0.5,0.5,0.0,26.536,7.776,2.517,12.069,1094.353,612.227,100267.621
257,2026-05-10T23:06:25.587025+00:00,gaming,GND,13.414,23.031,23.031,0.5,0.5,35.829,25.886,0.7665,0.1509,0,0.3333,0.3333,0.3333,0.181,0.2286,-0.4819,-6.90776,2,0.3333,0.3333,0.3333,1.277,0.4762,-0.37232,-1.52267,2,0.3333,0.3333,0.3333,0.433,0.2798,-0.45675,-6.90776,1.89,27.776,0.3333,0.3333,0.3333,0.3333,0.3333,0.3333,0.3333,0.3333,0.3333,0.3333,0.3333,0.3333,0.3333,0.3333,0.3333,0.3333,0.3333,0.3333,26.473,0.0,1.303,1.303,1094.353,613.53,100268.924
258,2026-05-10T23:06:35.607438+00:00,gaming,GND,16.697,26.232,26.232,0.5,0.5,40.176,29.097,0.7776,0.1541,0,0.3333,0.3333,0.3333,0.24,0.2286,-0.47604,-6.90776,2,0.3333,0.3333,0.3333,0.639,0.4762,-0.43606,-2.47376,2,0.3333,0.3333,0.3333,0.259,0.2798,-0.47414,-6.90776,1.138,30.234,0.3333,0.3333,0.3333,0.3333,0.3333,0.3333,0.3333,0.3333,0.3333,0.3333,0.3333,0.3333,0.3333,0.3333,0.3333,0.3333,0.3333,0.3333,29.684,0.0,0.55,0.55,1094.353,614.08,100269.474
259,2026-05-10T23:06:45.655499+00:00,gaming,GND,14.09,22.596,22.596,0.5,0.5,38.667,25.469,0.7879,0.1574,2,0.3333,0.3333,0.3333,2.601,0.7619,-0.23992,-0.37818,1,0.3333,0.3333,0.3333,0.366,0.2857,-0.46338,-6.90776,0,0.3333,0.3333,0.3333,0.078,0.1119,-0.49215,-6.90776,3.045,28.515,0.3333,0.3333,0.3333,0.3333,0.3333,0.3333,0.3333,0.3333,0.3333,0.3333,0.3333,0.3333,0.3333,0.3333,0.3333,0.3333,0.3333,0.3333,26.057,0.0,2.458,2.458,1094.353,616.538,100271.932
260,2026-05-10T23:06:55.670693+00:00,gaming,GND,7.402,19.538,19.538,0.5,0.5,33.102,22.421,0.7976,0.1608,2,0.3333,0.3333,0.3333,3.439,0.7619,-0.1561,-0.22927,1,0.3333,0.3333,0.3333,0.531,0.2857,-0.44693,-6.90776,1,0.3333,0.3333,0.3333,0.224,0.1865,-0.47759,-6.90776,4.194,26.615,0.3333,0.3333,0.3333,0.3333,0.3333,0.3333,0.3333,0.3333,0.3333,0.3333,0.3333,0.3333,0.3333,0.3333,0.3333,0.3333,0.3333,0.3333,23.009,0.0,3.606,3.606,1094.353,620.144,100275.539
261,2026-05-10T23:07:05.678418+00:00,youtube,ISL,14.998,24.301,14.998,0.5,0.5,41.832,27.194,0.8065,0.1642,0,0.5,0.5,0.0,1.712,0.5333,-0.32884,-0.95863,2,0.3333,0.3333,0.3333,5.066,0.8333,0.00662,0.00791,0,1.0,0.0,0.0,999.0,1.6728,99.4,4.10132,1005.778,1047.61,0.5,0.5,0.0,0.3333,0.3333,0.3333,1.0,0.0,0.0,0.5,0.5,0.0,0.3333,0.3333,0.3333,1.0,0.0,0.0,28.253,14.638,5.079,1019.357,1108.991,625.224,101294.896
262,2026-05-10T23:07:15.693578+00:00,youtube,GND,16.219,21.413,21.413,0.5,0.5,44.184,24.316,0.8146,0.1678,2,0.3333,0.3333,0.3333,2.945,0.7619,-0.20549,-0.3143,1,0.3333,0.3333,0.3333,0.227,0.2857,-0.4773,-6.90776,0,0.5,0.5,0.0,0.619,0.4302,-0.43815,-6.90776,3.791,28.106,0.3333,0.3333,0.3333,0.3333,0.3333,0.3333,0.5,0.5,0.0,0.3333,0.3333,0.3333,0.3333,0.3333,0.3333,0.5,0.5,0.0,25.374,0.0,2.732,2.732,1108.991,627.956,101297.628
263,2026-05-10T23:07:25.698789+00:00,youtube,GND,17.89,26.368,26.368,0.5,0.5,46.964,29.282,0.8219,0.1714,0,0.3333,0.3333,0.3333,0.172,0.2286,-0.48283,-6.90776,2,0.3333,0.3333,0.3333,0.438,0.4762,-0.45622,-3.17138,1,0.5,0.5,0.0,1.351,0.7169,-0.36493,-0.71135,1.96,31.242,0.3333,0.3333,0.3333,0.3333,0.3333,0.3333,0.5,0.5,0.0,0.3333,0.3333,0.3333,0.3333,0.3333,0.3333,0.5,0.5,0.0,30.34,0.0,0.902,0.902,1108.991,628.857,101298.529
264,2026-05-10T23:07:35.715549+00:00,youtube,ISL,15.863,21.17,15.863,0.5,0.5,46.003,24.094,0.8284,0.1751,1,0.5,0.5,0.0,2.224,0.7619,-0.27757,-0.45305,0,0.3333,0.3333,0.3333,0.319,0.4167,-0.4681,-6.90776,0,1.0,0.0,0.0,999.0,1.6728,99.4,4.10132,1001.543,1047.546,0.5,0.5,0.0,0.3333,0.3333,0.3333,1.0,0.0,0.0,0.5,0.5,0.0,0.3333,0.3333,0.3333,1.0,0.0,0.0,25.153,21.909,0.845,1022.393,1130.9,629.702,102320.923
265,2026-05-10T23:07:45.727434+00:00,youtube,ISL,10.459,22.143,10.459,0.5,0.5,41.596,25.078,0.8341,0.1789,1,0.5,0.5,0.0,2.348,0.7619,-0.26516,-0.42775,2,0.3333,0.3333,0.3333,4.608,0.8333,-0.03921,-0.0482,0,1.0,0.0,0.0,999.0,1.6728,99.4,4.10132,1005.956,1047.552,0.5,0.5,0.0,0.3333,0.3333,0.3333,1.0,0.0,0.0,0.5,0.5,0.0,0.3333,0.3333,0.3333,1.0,0.0,0.0,26.137,16.518,5.258,1021.415,1147.418,634.959,103342.338
266,2026-05-10T23:07:55.738708+00:00,youtube,ISL,20.729,26.275,20.729,0.5,0.5,52.77,29.222,0.8389,0.1827,0,0.5,0.5,0.0,1.025,0.5333,-0.39752,-1.36786,0,0.3333,0.3333,0.3333,0.318,0.4167,-0.46823,-6.90776,0,1.0,0.0,0.0,999.0,1.6728,99.4,4.10132,1000.343,1053.113,0.5,0.5,0.0,0.3333,0.3333,0.3333,1.0,0.0,0.0,0.5,0.5,0.0,0.3333,0.3333,0.3333,1.0,0.0,0.0,30.281,23.548,0.0,1022.832,1170.966,634.959,104365.17
267,2026-05-10T23:08:05.753768+00:00,youtube,ISL,27.352,21.707,27.352,0.5,0.5,60.178,24.666,0.8429,0.1866,0,0.5,0.5,0.0,0.662,0.5333,-0.43379,-1.67859,2,0.3333,0.3333,0.3333,4.558,0.8333,-0.04422,-0.05453,0,1.0,0.0,0.0,999.0,1.6728,99.4,4.10132,1004.22,1064.398,0.5,0.5,0.0,0.3333,0.3333,0.3333,1.0,0.0,0.0,0.5,0.5,0.0,0.3333,0.3333,0.3333,1.0,0.0,0.0,25.724,35.513,3.521,1038.674,1206.479,638.481,105403.844
268,2026-05-10T23:08:15.776557+00:00,youtube,GND,18.955,19.756,19.756,0.5,0.5,52.422,22.728,0.846,0.1906,2,0.3333,0.3333,0.3333,2.52,0.7619,-0.24803,-0.39384,0,0.3333,0.3333,0.3333,0.164,0.1786,-0.48357,-6.90776,0,0.5,0.5,0.0,0.472,0.4302,-0.45281,-6.90776,3.156,25.883,0.3333,0.3333,0.3333,0.3333,0.3333,0.3333,0.5,0.5,0.0,0.3333,0.3333,0.3333,0.3333,0.3333,0.3333,0.5,0.5,0.0,23.786,0.0,2.097,2.097,1206.479,640.578,105405.942
269,2026-05-10T23:08:25.788818+00:00,youtube,ISL,16.852,21.031,16.852,0.5,0.5,50.794,24.015,0.8482,0.1947,1,0.5,0.5,0.0,3.113,0.7619,-0.18867,-0.28453,2,0.3333,0.3333,0.3333,4.853,0.8333,-0.0147,-0.01779,0,1.0,0.0,0.0,999.0,1.6728,99.4,4.10132,1006.966,1057.761,0.5,0.5,0.0,0.3333,0.3333,0.3333,1.0,0.0,0.0,0.5,0.5,0.0,0.3333,0.3333,0.3333,1.0,0.0,0.0,25.073,26.78,6.268,1032.687,1233.258,646.845,106438.629
270,2026-05-10T23:08:35.799100+00:00,youtube,ISL,17.953,26.05,17.953,0.5,0.5,52.187,29.047,0.8496,0.1989,1,0.5,0.5,0.0,3.927,0.7619,-0.10732,-0.15183,0,0.3333,0.3333,0.3333,0.466,0.4167,-0.45338,-6.90776,0,1.0,0.0,0.0,999.0,1.6728,99.4,4.10132,1003.393,1055.58,0.5,0.5,0.0,0.3333,0.3333,0.3333,1.0,0.0,0.0,0.5,0.5,0.0,0.3333,0.3333,0.3333,1.0,0.0,0.0,30.105,23.141,2.694,1025.475,1256.399,649.54,107464.104
271,2026-05-10T23:08:45.815751+00:00,browsing,GND,10.889,20.769,20.769,0.5,0.5,45.223,23.778,0.85,0.2031,0,0.3333,0.3333,0.3333,0.467,0.2286,-0.45327,-6.90776,0,0.3333,0.3333,0.3333,0.169,0.1786,-0.48307,-6.90776,0,0.5,0.5,0.0,0.637,0.3929,-0.43627,-6.90776,1.274,25.052,0.3333,0.3333,0.3333,0.3333,0.3333,0.3333,0.5,0.5,0.0,0.3333,0.3333,0.3333,0.3333,0.3333,0.3333,0.5,0.5,0.0,24.765,0.0,0.287,0.287,1256.399,649.827,107464.391
272,2026-05-10T23:08:55.824804+00:00,browsing,ISL,16.056,21.121,16.056,0.5,0.5,50.291,24.144,0.8496,0.2073,1,0.5,0.5,0.0,2.909,0.7619,-0.20908,-0.32078,2,0.3333,0.3333,0.3333,4.548,0.8333,-0.04524,-0.05581,0,1.0,0.0,0.0,999.0,1.5278,99.4,4.19059,1006.457,1056.747,0.5,0.5,0.0,0.3333,0.3333,0.3333,1.0,0.0,0.0,0.5,0.5,0.0,0.3333,0.3333,0.3333,1.0,0.0,0.0,25.131,26.147,5.758,1031.617,1282.546,655.585,108496.008
273,2026-05-10T23:09:05.824504+00:00,browsing,GND,16.266,22.471,22.471,0.5,0.5,50.209,25.508,0.8482,0.2117,2,0.3333,0.3333,0.3333,4.144,0.7619,-0.08556,-0.11911,0,0.3333,0.3333,0.3333,0.398,0.1786,-0.46024,-6.90776,1,0.5,0.5,0.0,2.819,0.6548,-0.21812,-0.40517,7.361,32.868,0.3333,0.3333,0.3333,0.3333,0.3333,0.3333,0.5,0.5,0.0,0.3333,0.3333,0.3333,0.3333,0.3333,0.3333,0.5,0.5,0.0,26.494,0.0,6.374,6.374,1282.546,661.96,108502.382
274,2026-05-10T23:09:15.842303+00:00,browsing,GND,5.274,13.676,13.676,0.5,0.5,38.741,16.727,0.846,0.216,1,0.3333,0.3333,0.3333,0.658,0.381,-0.43419,-6.90776,1,0.3333,0.3333,0.3333,0.523,0.2857,-0.44772,-6.90776,0,0.5,0.5,0.0,0.434,0.3929,-0.45663,-6.90776,1.615,18.342,0.3333,0.3333,0.3333,0.3333,0.3333,0.3333,0.5,0.5,0.0,0.3333,0.3333,0.3333,0.3333,0.3333,0.3333,0.5,0.5,0.0,17.714,0.0,0.628,0.628,1282.546,662.588,108503.01
275,2026-05-10T23:09:25.854230+00:00,browsing,ISL,16.445,20.765,16.445,0.5,0.5,49.271,23.83,0.8429,0.2205,0,0.5,0.5,0.0,0.981,0.5333,-0.40194,-1.40099,1,0.3333,0.3333,0.3333,1.23,0.5556,-0.37704,-1.13532,0,1.0,0.0,0.0,999.0,1.5278,99.4,4.19059,1001.21,1050.481,0.5,0.5,0.0,0.3333,0.3333,0.3333,1.0,0.0,0.0,0.5,0.5,0.0,0.3333,0.3333,0.3333,1.0,0.0,0.0,24.817,25.441,0.511,1025.664,1307.986,663.099,109528.675
276,2026-05-10T23:09:35.860357+00:00,browsing,ISL,14.222,17.159,14.222,0.5,0.5,46.264,20.24,0.8389,0.225,0,0.5,0.5,0.0,0.85,0.5333,-0.41501,-1.50575,2,0.3333,0.3333,0.3333,4.853,0.8333,-0.01471,-0.01781,0,1.0,0.0,0.0,999.0,1.5278,99.4,4.19059,1004.703,1050.966,0.5,0.5,0.0,0.3333,0.3333,0.3333,1.0,0.0,0.0,0.5,0.5,0.0,0.3333,0.3333,0.3333,1.0,0.0,0.0,21.226,26.024,4.004,1029.74,1334.01,667.103,110558.415
277,2026-05-10T23:09:45.878115+00:00,browsing,GND,11.151,20.55,20.55,0.5,0.5,42.289,23.646,0.8341,0.2296,0,0.3333,0.3333,0.3333,0.126,0.2286,-0.48739,-6.90776,0,0.3333,0.3333,0.3333,0.171,0.1786,-0.48287,-6.90776,1,0.5,0.5,0.0,1.654,0.6548,-0.33457,-0.71536,1.952,25.597,0.3333,0.3333,0.3333,0.3333,0.3333,0.3333,0.5,0.5,0.0,0.3333,0.3333,0.3333,0.3333,0.3333,0.3333,0.5,0.5,0.0,24.632,0.0,0.965,0.965,1334.01,668.068,110559.38
278,2026-05-10T23:09:55.882189+00:00,browsing,ISL,16.162,20.66,16.162,0.5,0.5,46.302,23.772,0.8284,0.2342,1,0.5,0.5,0.0,2.535,0.7619,-0.24651,-0.39089,2,0.3333,0.3333,0.3333,4.532,0.8333,-0.04681,-0.05781,0,1.0,0.0,0.0,999.0,1.5278,99.4,4.19059,1006.067,1052.369,0.5,0.5,0.0,0.3333,0.3333,0.3333,1.0,0.0,0.0,0.5,0.5,0.0,0.3333,0.3333,0.3333,1.0,0.0,0.0,24.759,22.53,5.368,1027.61,1356.54,673.436,111586.99
