ho_id,timestamp,task_type,path,isl_ms,gnd_ms,prop_ms,path_p_isl,path_p_gnd,access_cost_isl,access_cost_gnd,inv_cost_p_isl,inv_cost_p_gnd,trgsat_bg,tn_bg,amf_inst,amf_p0,amf_p1,amf_p2,amf_ms,amf_rho,amf_x,amf_cost,smf_inst,smf_p0,smf_p1,smf_p2,smf_ms,smf_rho,smf_x,smf_cost,upf_inst,upf_p0,upf_p1,upf_p2,upf_ms,upf_rho,upf_x,upf_cost,core_ms,total_ms,on_amf_p0,on_amf_p1,on_amf_p2,on_smf_p0,on_smf_p1,on_smf_p2,on_upf_p0,on_upf_p1,on_upf_p2,gnd_amf_p0,gnd_amf_p1,gnd_amf_p2,gnd_smf_p0,gnd_smf_p1,gnd_smf_p2,gnd_upf_p0,gnd_upf_p1,gnd_upf_p2,on_amf_B0,on_amf_B1,on_amf_B2,on_smf_B0,on_smf_B1,on_smf_B2,on_upf_B0,on_upf_B1,on_upf_B2,gnd_amf_B0,gnd_amf_B1,gnd_amf_B2,gnd_smf_B0,gnd_smf_B1,gnd_smf_B2,gnd_upf_B0,gnd_upf_B1,gnd_upf_B2,global_oracle_ms,access_regret_ms,inst_regret_ms,global_regret_ms,cum_access_regret_ms,cum_inst_regret_ms,cum_global_regret_ms
1,2026-05-14T16:26:38.836475+00:00,gaming,GND,17.191,40.368,40.368,0.5,0.5,25.612,48.06,0.6523,0.3477,0.525,0.35,0,0.3333,0.3333,0.3333,0.351,0.19,0.01011,0.04326,2,0.3333,0.3333,0.3333,0.503,0.1822,0.03527,0.08288,1,0.3333,0.3333,0.3333,0.034,0.0571,-0.01664,-0.12385,0.887,48.947,0.3333,0.3333,0.3333,0.3333,0.3333,0.3333,0.3333,0.3333,0.3333,0.3333,0.3333,0.3333,0.3333,0.3333,0.3333,0.3333,0.3333,0.3333,,,,,,,,,,,,,,,,,,,27.106,22.448,0.387,21.841,22.448,0.387,21.841
2,2026-05-14T16:26:44.842046+00:00,gaming,ISL,40.084,43.448,40.084,0.5,0.5,48.818,51.203,0.5119,0.4881,0.542,0.3552,2,0.3333,0.3333,0.3333,0.996,0.2673,0.02956,0.04339,2,0.3333,0.3333,0.3333,0.347,0.2498,-0.0153,-0.02558,1,0.3333,0.3333,0.3333,0.46,0.237,-0.05399,-0.09553,1.803,50.62,0.3333,0.3333,0.3333,0.3333,0.3333,0.3333,0.3333,0.3333,0.3333,0.3333,0.3333,0.3333,0.3333,0.3333,0.3333,0.3333,0.3333,0.3333,,,,,,,,,,,,,,,,,,,50.328,0.0,0.292,0.292,22.448,0.679,22.133
3,2026-05-14T16:26:50.846714+00:00,gaming,GND,17.964,25.851,25.851,0.5,0.5,27.034,33.67,0.5547,0.4453,0.559,0.3605,2,0.3333,0.3333,0.3333,0.36,0.1969,0.01098,0.02374,1,0.3333,0.3333,0.3333,0.281,0.1294,0.01309,0.0448,0,0.3333,0.3333,0.3333,0.062,0.0229,-0.01382,-0.27694,0.703,34.372,0.3333,0.3333,0.3333,0.3333,0.3333,0.3333,0.3333,0.3333,0.3333,0.3333,0.3333,0.3333,0.3333,0.3333,0.3333,0.3333,0.3333,0.3333,,,,,,,,,,,,,,,,,,,28.558,6.636,0.201,5.814,29.083,0.88,27.947
4,2026-05-14T16:26:56.849636+00:00,gaming,GND,11.675,21.821,21.821,0.5,0.5,21.106,29.703,0.5846,0.4154,0.5758,0.3657,2,0.3333,0.3333,0.3333,0.354,0.1993,0.01042,0.02254,0,0.3333,0.3333,0.3333,0.17,0.1872,0.00201,0.01121,1,0.3333,0.3333,0.3333,0.135,0.0571,-0.00646,-0.04624,0.66,30.363,0.3333,0.3333,0.3333,0.3333,0.3333,0.3333,0.3333,0.3333,0.3333,0.3333,0.3333,0.3333,0.3333,0.3333,0.3333,0.3333,0.3333,0.3333,,,,,,,,,,,,,,,,,,,22.642,8.597,0.158,7.721,37.681,1.038,35.668
5,2026-05-14T16:27:02.857510+00:00,gaming,GND,29.805,26.365,26.365,0.5,0.5,39.623,34.313,0.4641,0.5359,0.5926,0.3709,2,0.3333,0.3333,0.3333,0.414,0.202,0.01639,0.03522,1,0.3333,0.3333,0.3333,0.069,0.1261,-0.00807,-0.02863,1,0.3333,0.3333,0.3333,0.087,0.0571,-0.0113,-0.08244,0.57,34.883,0.3333,0.3333,0.3333,0.3333,0.3333,0.3333,0.3333,0.3333,0.3333,0.3333,0.3333,0.3333,0.3333,0.3333,0.3333,0.3333,0.3333,0.3333,,,,,,,,,,,,,,,,,,,34.816,0.0,0.068,0.068,37.681,1.105,35.736
6,2026-05-14T16:27:08.864991+00:00,gaming,GND,36.416,29.589,29.589,0.5,0.5,46.649,37.603,0.4463,0.5537,0.6091,0.3761,1,0.3333,0.3333,0.3333,0.327,0.1512,0.00773,0.0234,0,0.3333,0.3333,0.3333,0.195,0.1895,0.00452,0.02498,2,0.3333,0.3333,0.3333,0.637,0.1469,0.04368,0.11235,1.159,38.763,0.3333,0.3333,0.3333,0.3333,0.3333,0.3333,0.3333,0.3333,0.3333,0.3333,0.3333,0.3333,0.3333,0.3333,0.3333,0.3333,0.3333,0.3333,,,,,,,,,,,,,,,,,,,38.106,0.0,0.656,0.656,37.681,1.761,36.392
7,2026-05-14T16:27:14.880601+00:00,gaming,GND,31.886,25.514,25.514,0.5,0.5,42.565,33.596,0.4411,0.5589,0.6254,0.3813,1,0.3333,0.3333,0.3333,0.14,0.1491,-0.011,-0.03428,2,0.3333,0.3333,0.3333,0.549,0.1988,0.03988,0.09323,1,0.3333,0.3333,0.3333,0.063,0.0571,-0.0137,-0.10078,0.752,34.348,0.3333,0.3333,0.3333,0.3333,0.3333,0.3333,0.3333,0.3333,0.3333,0.3333,0.3333,0.3333,0.3333,0.3333,0.3333,0.3333,0.3333,0.3333,,,,,,,,,,,,,,,,,,,34.099,0.0,0.248,0.248,37.681,2.01,36.64
8,2026-05-14T16:27:20.890202+00:00,gaming,ISL,37.031,30.469,37.031,0.5,0.5,48.187,38.619,0.4449,0.5551,0.6415,0.3865,2,0.3333,0.3333,0.3333,1.833,0.2719,0.1133,0.15696,1,0.3333,0.3333,0.3333,0.199,0.2123,-0.03009,-0.06528,0,0.3333,0.3333,0.3333,0.386,0.1111,-0.06137,-0.24964,2.418,50.606,0.3333,0.3333,0.3333,0.3333,0.3333,0.3333,0.3333,0.3333,0.3333,0.3333,0.3333,0.3333,0.3333,0.3333,0.3333,0.3333,0.3333,0.3333,,,,,,,,,,,,,,,,,,,39.123,9.568,0.869,11.483,47.249,2.879,48.123
9,2026-05-14T16:27:26.896943+00:00,gaming,ISL,33.7,33.711,33.7,0.5,0.5,45.368,41.93,0.4803,0.5197,0.6572,0.3917,0,0.3333,0.3333,0.3333,1.155,0.3511,0.0455,0.11282,0,0.3333,0.3333,0.3333,0.859,0.3069,0.03592,0.09257,0,0.3333,0.3333,0.3333,0.043,0.1111,-0.09569,-0.42233,2.057,47.426,0.3333,0.3333,0.3333,0.3333,0.3333,0.3333,0.3333,0.3333,0.3333,0.3333,0.3333,0.3333,0.3333,0.3333,0.3333,0.3333,0.3333,0.3333,,,,,,,,,,,,,,,,,,,42.434,3.438,0.514,4.992,50.687,3.393,53.115
10,2026-05-14T16:27:32.904063+00:00,gaming,ISL,10.849,21.365,10.849,0.5,0.5,23.065,29.655,0.5625,0.4375,0.6725,0.3968,0,0.3333,0.3333,0.3333,0.384,0.3524,-0.03161,-0.08662,2,0.3333,0.3333,0.3333,1.071,0.281,0.05713,0.09008,1,0.3333,0.3333,0.3333,0.754,0.237,-0.02464,-0.04247,2.209,25.274,0.3333,0.3333,0.3333,0.3333,0.3333,0.3333,0.3333,0.3333,0.3333,0.3333,0.3333,0.3333,0.3333,0.3333,0.3333,0.3333,0.3333,0.3333,,,,,,,,,,,,,,,,,,,24.599,0.0,0.675,0.675,50.687,4.068,53.79
11,2026-05-14T16:27:38.905305+00:00,gaming,ISL,19.596,25.371,19.596,0.5,0.5,32.396,33.732,0.5101,0.4899,0.6875,0.402,0,0.3333,0.3333,0.3333,0.464,0.3511,-0.02356,-0.06384,1,0.3333,0.3333,0.3333,1.496,0.1978,0.0996,0.18993,1,0.3333,0.3333,0.3333,1.946,0.237,0.09459,0.14809,3.906,36.303,0.3333,0.3333,0.3333,0.3333,0.3333,0.3333,0.3333,0.3333,0.3333,0.3333,0.3333,0.3333,0.3333,0.3333,0.3333,0.3333,0.3333,0.3333,,,,,,,,,,,,,,,,,,,33.917,0.0,2.385,2.385,50.687,6.454,56.175
12,2026-05-14T16:27:44.912677+00:00,gaming,ISL,31.038,29.492,31.038,0.5,0.5,44.462,37.925,0.4603,0.5397,0.702,0.4071,1,0.3333,0.3333,0.3333,0.868,0.263,0.01677,0.03097,2,0.3333,0.3333,0.3333,1.393,0.2913,0.08933,0.13749,2,0.3333,0.3333,0.3333,1.734,0.4444,0.07337,0.06395,3.995,48.456,0.3333,0.3333,0.3333,0.3333,0.3333,0.3333,0.3333,0.3333,0.3333,0.3333,0.3333,0.3333,0.3333,0.3333,0.3333,0.3333,0.3333,0.3333,,,,,,,,,,,,,,,,,,,38.43,6.536,2.49,10.027,57.223,8.943,66.201
13,2026-05-14T16:27:50.918178+00:00,gaming,ISL,30.052,21.666,30.052,0.5,0.5,44.138,30.172,0.406,0.594,0.716,0.4122,2,0.3333,0.3333,0.3333,0.756,0.2889,0.00557,0.00832,0,0.3333,0.3333,0.3333,0.618,0.2551,0.01184,0.03148,1,0.3333,0.3333,0.3333,0.407,0.237,-0.05932,-0.10548,1.781,45.919,0.3333,0.3333,0.3333,0.3333,0.3333,0.3333,0.3333,0.3333,0.3333,0.3333,0.3333,0.3333,0.3333,0.3333,0.3333,0.3333,0.3333,0.3333,,,,,,,,,,,,,,,,,,,30.677,13.966,0.294,15.243,71.189,9.237,81.444
14,2026-05-14T16:27:56.931805+00:00,gaming,GND,37.148,30.229,30.229,0.5,0.5,51.937,38.809,0.4277,0.5723,0.7295,0.4172,0,0.3333,0.3333,0.3333,0.166,0.2114,-0.00841,-0.03751,1,0.3333,0.3333,0.3333,0.279,0.116,0.01294,0.0443,0,0.3333,0.3333,0.3333,0.047,0.0229,-0.01531,-0.31199,0.492,39.301,0.3333,0.3333,0.3333,0.3333,0.3333,0.3333,0.3333,0.3333,0.3333,0.3333,0.3333,0.3333,0.3333,0.3333,0.3333,0.3333,0.3333,0.3333,,,,,,,,,,,,,,,,,,,39.313,0.0,0.0,0.0,71.189,9.237,81.444
15,2026-05-14T16:28:02.942683+00:00,gaming,ISL,29.042,26.084,29.042,0.5,0.5,44.574,34.738,0.438,0.562,0.7425,0.4223,1,0.3333,0.3333,0.3333,5.465,0.2391,0.47647,0.63836,1,0.3333,0.3333,0.3333,0.483,0.1905,-0.00173,-0.00365,1,0.3333,0.3333,0.3333,0.849,0.237,-0.0151,-0.02582,6.796,51.37,0.3333,0.3333,0.3333,0.3333,0.3333,0.3333,0.3333,0.3333,0.3333,0.3333,0.3333,0.3333,0.3333,0.3333,0.3333,0.3333,0.3333,0.3333,,,,,,,,,,,,,,,,,,,35.242,9.836,5.352,16.128,81.025,14.589,97.572
16,2026-05-14T16:28:08.949400+00:00,gaming,ISL,19.069,24.95,19.069,0.5,0.5,35.383,33.68,0.4877,0.5123,0.7548,0.4273,2,0.3333,0.3333,0.3333,0.939,0.3035,0.02389,0.03521,2,0.3333,0.3333,0.3333,0.803,0.3129,0.03032,0.04882,1,0.3333,0.3333,0.3333,0.256,0.237,-0.07436,-0.13408,1.999,37.381,0.3333,0.3333,0.3333,0.3333,0.3333,0.3333,0.3333,0.3333,0.3333,0.3333,0.3333,0.3333,0.3333,0.3333,0.3333,0.3333,0.3333,0.3333,,,,,,,,,,,,,,,,,,,34.184,1.703,0.577,3.198,82.728,15.166,100.77
17,2026-05-14T16:28:14.953016+00:00,gaming,GND,17.291,28.671,28.671,0.5,0.5,34.423,37.477,0.5212,0.4788,0.7665,0.4322,0,0.3333,0.3333,0.3333,0.253,0.2096,0.0003,0.00132,2,0.3333,0.3333,0.3333,1.669,0.2268,0.15191,0.3164,2,0.3333,0.3333,0.3333,0.101,0.1469,-0.00989,-0.0273,2.023,39.5,0.3333,0.3333,0.3333,0.3333,0.3333,0.3333,0.3333,0.3333,0.3333,0.3333,0.3333,0.3333,0.3333,0.3333,0.3333,0.3333,0.3333,0.3333,,,,,,,,,,,,,,,,,,,35.822,3.053,1.52,3.678,85.782,16.686,104.448
18,2026-05-14T16:28:21.434595+00:00,gaming,ISL,15.58,26.716,15.58,0.5,0.5,33.563,35.599,0.5147,0.4853,0.7776,0.4371,2,0.3333,0.3333,0.3333,1.456,0.3144,0.07557,0.10738,0,0.3333,0.3333,0.3333,0.134,0.1894,-0.03662,-0.1041,0,0.3333,0.3333,0.3333,0.149,0.1111,-0.08508,-0.36572,1.739,35.302,0.3333,0.3333,0.3333,0.3333,0.3333,0.3333,0.3333,0.3333,0.3333,0.3333,0.3333,0.3333,0.3333,0.3333,0.3333,0.3333,0.3333,0.3333,,,,,,,,,,,,,,,,,,,34.939,0.0,0.363,0.363,85.782,17.049,104.811
19,2026-05-14T16:28:27.433972+00:00,gaming,GND,21.084,26.181,26.181,0.5,0.5,39.946,35.142,0.468,0.532,0.7879,0.442,1,0.3333,0.3333,0.3333,0.286,0.1323,0.00363,0.01106,2,0.3333,0.3333,0.3333,0.533,0.2313,0.03828,0.08965,1,0.3333,0.3333,0.3333,0.194,0.0571,-0.00058,-0.00409,1.013,36.156,0.3333,0.3333,0.3333,0.3333,0.3333,0.3333,0.3333,0.3333,0.3333,0.3333,0.3333,0.3333,0.3333,0.3333,0.3333,0.3333,0.3333,0.3333,,,,,,,,,,,,,,,,,,,35.645,0.0,0.51,0.51,85.782,17.559,105.322
20,2026-05-14T16:28:33.443187+00:00,gaming,ISL,28.419,38.73,28.419,0.5,0.5,48.179,47.769,0.4979,0.5021,0.7976,0.4469,2,0.3333,0.3333,0.3333,1.786,0.3258,0.10858,0.15089,1,0.3333,0.3333,0.3333,0.345,0.2019,-0.01553,-0.03316,0,0.3333,0.3333,0.3333,0.259,0.1111,-0.07413,-0.31042,2.389,50.568,0.3333,0.3333,0.3333,0.3333,0.3333,0.3333,0.3333,0.3333,0.3333,0.3333,0.3333,0.3333,0.3333,0.3333,0.3333,0.3333,0.3333,0.3333,,,,,,,,,,,,,,,,,,,48.272,0.409,1.056,2.296,86.191,18.616,107.618
21,2026-05-14T16:28:39.447620+00:00,gaming,ISL,37.611,34.099,37.611,0.5,0.5,58.279,43.218,0.4258,0.5742,0.8065,0.4517,2,0.3333,0.3333,0.3333,1.293,0.3317,0.05926,0.08516,1,0.3333,0.3333,0.3333,1.016,0.2067,0.05156,0.10281,2,0.3333,0.3333,0.3333,1.401,0.4444,0.04011,0.03547,3.709,61.988,0.3333,0.3333,0.3333,0.3333,0.3333,0.3333,0.3333,0.3333,0.3333,0.3333,0.3333,0.3333,0.3333,0.3333,0.3333,0.3333,0.3333,0.3333,,,,,,,,,,,,,,,,,,,43.72,15.061,2.395,18.268,101.252,21.011,125.886
22,2026-05-14T16:28:45.477678+00:00,gaming,GND,12.399,21.71,21.71,0.5,0.5,33.971,30.909,0.4764,0.5236,0.8146,0.4564,2,0.3333,0.3333,0.3333,0.308,0.2511,0.00576,0.01251,1,0.3333,0.3333,0.3333,0.591,0.1147,0.04406,0.14342,1,0.3333,0.3333,0.3333,0.078,0.0571,-0.01217,-0.08901,0.977,31.885,0.3333,0.3333,0.3333,0.3333,0.3333,0.3333,0.3333,0.3333,0.3333,0.3333,0.3333,0.3333,0.3333,0.3333,0.3333,0.3333,0.3333,0.3333,,,,,,,,,,,,,,,,,,,31.41,0.0,0.475,0.475,101.252,21.486,126.362
23,2026-05-14T16:28:51.466241+00:00,gaming,GND,19.597,25.224,25.224,0.5,0.5,42.056,34.503,0.4507,0.5493,0.8219,0.4612,2,0.3333,0.3333,0.3333,0.428,0.2533,0.01779,0.03818,0,0.3333,0.3333,0.3333,0.56,0.1725,0.04103,0.20683,1,0.3333,0.3333,0.3333,0.144,0.0571,-0.00556,-0.03973,1.133,35.635,0.3333,0.3333,0.3333,0.3333,0.3333,0.3333,0.3333,0.3333,0.3333,0.3333,0.3333,0.3333,0.3333,0.3333,0.3333,0.3333,0.3333,0.3333,,,,,,,,,,,,,,,,,,,35.003,0.0,0.632,0.632,101.252,22.118,126.993
24,2026-05-14T16:28:57.480184+00:00,gaming,ISL,30.364,29.492,30.364,0.5,0.5,53.676,38.852,0.4199,0.5801,0.8284,0.4658,1,0.3333,0.3333,0.3333,0.952,0.2155,0.02524,0.04624,2,0.3333,0.3333,0.3333,0.668,0.3519,0.01685,0.02742,1,0.3333,0.3333,0.3333,1.746,0.237,0.07455,0.1185,3.366,57.043,0.3333,0.3333,0.3333,0.3333,0.3333,0.3333,0.3333,0.3333,0.3333,0.3333,0.3333,0.3333,0.3333,0.3333,0.3333,0.3333,0.3333,0.3333,,,,,,,,,,,,,,,,,,,39.352,14.824,2.096,17.69,116.076,24.213,144.684
25,2026-05-14T16:29:03.478648+00:00,gaming,ISL,17.358,25.254,17.358,0.5,0.5,41.467,34.696,0.4555,0.5445,0.8341,0.4704,1,0.3333,0.3333,0.3333,0.672,0.2183,-0.00281,-0.00528,0,0.3333,0.3333,0.3333,0.177,0.1482,-0.03227,-0.09115,2,0.3333,0.3333,0.3333,1.569,0.4444,0.0569,0.04994,2.418,43.886,0.3333,0.3333,0.3333,0.3333,0.3333,0.3333,0.3333,0.3333,0.3333,0.3333,0.3333,0.3333,0.3333,0.3333,0.3333,0.3333,0.3333,0.3333,,,,,,,,,,,,,,,,,,,35.195,6.772,1.157,8.69,122.848,25.37,153.374
26,2026-05-14T16:29:09.483009+00:00,gaming,GND,30.882,21.874,21.874,0.5,0.5,55.715,31.398,0.3604,0.6396,0.8389,0.475,1,0.3333,0.3333,0.3333,0.387,0.1309,0.01373,0.04118,0,0.3333,0.3333,0.3333,0.271,0.1636,0.01213,0.06574,2,0.3333,0.3333,0.3333,0.957,0.1469,0.07572,0.18741,1.616,33.014,0.3333,0.3333,0.3333,0.3333,0.3333,0.3333,0.3333,0.3333,0.3333,0.3333,0.3333,0.3333,0.3333,0.3333,0.3333,0.3333,0.3333,0.3333,,,,,,,,,,,,,,,,,,,31.897,0.0,1.117,1.117,122.848,26.487,154.492
27,2026-05-14T16:29:15.496697+00:00,gaming,ISL,27.317,37.254,27.317,0.5,0.5,52.778,46.86,0.4703,0.5297,0.8429,0.4795,0,0.3333,0.3333,0.3333,0.519,0.1633,-0.01812,-0.04873,1,0.3333,0.3333,0.3333,0.245,0.2492,-0.02548,-0.055,0,0.3333,0.3333,0.3333,0.145,0.1111,-0.08553,-0.36806,0.909,53.687,0.3333,0.3333,0.3333,0.3333,0.3333,0.3333,0.3333,0.3333,0.3333,0.3333,0.3333,0.3333,0.3333,0.3333,0.3333,0.3333,0.3333,0.3333,,,,,,,,,,,,,,,,,,,47.358,5.918,0.0,6.329,128.766,26.487,160.82
28,2026-05-14T16:29:21.501675+00:00,gaming,GND,24.514,29.734,29.734,0.5,0.5,50.488,39.423,0.4385,0.5615,0.846,0.484,1,0.3333,0.3333,0.3333,0.275,0.1317,0.00254,0.00774,1,0.3333,0.3333,0.3333,0.455,0.1184,0.03054,0.10155,2,0.3333,0.3333,0.3333,0.485,0.1469,0.02853,0.0748,1.216,40.639,0.3333,0.3333,0.3333,0.3333,0.3333,0.3333,0.3333,0.3333,0.3333,0.3333,0.3333,0.3333,0.3333,0.3333,0.3333,0.3333,0.3333,0.3333,,,,,,,,,,,,,,,,,,,39.921,0.0,0.719,0.719,128.766,27.206,161.539
29,2026-05-14T16:29:27.511790+00:00,gaming,ISL,31.177,29.385,31.177,0.5,0.5,57.531,39.158,0.405,0.595,0.8482,0.4883,1,0.3333,0.3333,0.3333,0.865,0.2391,0.01652,0.0305,0,0.3333,0.3333,0.3333,0.206,0.1652,-0.02936,-0.08258,1,0.3333,0.3333,0.3333,0.263,0.237,-0.07366,-0.13274,1.335,58.866,0.3333,0.3333,0.3333,0.3333,0.3333,0.3333,0.3333,0.3333,0.3333,0.3333,0.3333,0.3333,0.3333,0.3333,0.3333,0.3333,0.3333,0.3333,,,,,,,,,,,,,,,,,,,39.654,18.374,0.083,19.212,147.139,27.289,180.751
30,2026-05-14T16:29:33.522377+00:00,instagram,ISL,15.053,24.876,15.053,0.5,0.5,41.64,34.732,0.4548,0.5452,0.8496,0.4927,1,0.3333,0.3333,0.3333,1.22,0.5664,0.05203,0.09308,0,0.3333,0.3333,0.3333,0.419,0.3961,-0.00809,-0.02208,2,0.0,0.0,1.0,2.565,0.6667,0.1565,0.21087,4.204,45.845,0.3333,0.3333,0.3333,0.3333,0.3333,0.3333,0.0,0.0,1.0,0.3333,0.3333,0.3333,0.3333,0.3333,0.3333,0.0,0.0,1.0,,,,,,,,,,,,,,,,,,,35.403,6.909,0.085,10.441,154.048,27.374,191.193
31,2026-05-14T16:29:39.529589+00:00,instagram,ISL,18.397,25.899,18.397,0.5,0.5,45.064,35.838,0.443,0.557,0.85,0.4969,0,0.3333,0.3333,0.3333,0.982,0.3822,0.02824,0.07151,2,0.3333,0.3333,0.3333,2.883,0.7343,0.23827,0.33157,2,0.0,0.0,1.0,2.312,0.6667,0.13121,0.17967,6.177,51.241,0.3333,0.3333,0.3333,0.3333,0.3333,0.3333,0.0,0.0,1.0,0.3333,0.3333,0.3333,0.3333,0.3333,0.3333,0.0,0.0,1.0,,,,,,,,,,,,,,,,,,,36.509,9.226,2.043,14.732,163.274,29.417,205.925
32,2026-05-14T16:29:45.533912+00:00,instagram,ISL,18.616,21.814,18.616,0.5,0.5,45.203,31.837,0.4133,0.5867,0.8496,0.5011,1,0.3333,0.3333,0.3333,1.567,0.583,0.08665,0.15055,1,0.3333,0.3333,0.3333,2.011,0.5789,0.15108,0.27556,2,0.0,0.0,1.0,2.097,0.6667,0.10969,0.15232,5.674,50.878,0.3333,0.3333,0.3333,0.3333,0.3333,0.3333,0.0,0.0,1.0,0.3333,0.3333,0.3333,0.3333,0.3333,0.3333,0.0,0.0,1.0,,,,,,,,,,,,,,,,,,,32.507,13.366,1.521,18.371,176.64,30.938,224.296
33,2026-05-14T16:29:51.536976+00:00,instagram,GND,30.858,29.247,29.247,0.5,0.5,57.212,39.353,0.4075,0.5925,0.8482,0.5053,1,0.3333,0.3333,0.3333,0.721,0.332,0.04706,0.13464,0,0.3333,0.3333,0.3333,0.317,0.2461,0.01668,0.08931,1,0.3333,0.3333,0.3333,0.306,0.2619,0.01056,0.03954,1.343,40.696,0.3333,0.3333,0.3333,0.3333,0.3333,0.3333,0.3333,0.3333,0.3333,0.3333,0.3333,0.3333,0.3333,0.3333,0.3333,0.3333,0.3333,0.3333,,,,,,,,,,,,,,,,,,,40.022,0.0,0.675,0.675,176.64,31.613,224.971
34,2026-05-14T16:29:57.545723+00:00,instagram,GND,16.395,25.86,25.86,0.5,0.5,42.369,36.05,0.4597,0.5403,0.846,0.5094,0,0.3333,0.3333,0.3333,0.209,0.2969,-0.00414,-0.01826,1,0.3333,0.3333,0.3333,0.15,0.2975,-1e-05,-3e-05,0,0.3333,0.3333,0.3333,0.219,0.1857,0.00193,0.01032,0.578,36.628,0.3333,0.3333,0.3333,0.3333,0.3333,0.3333,0.3333,0.3333,0.3333,0.3333,0.3333,0.3333,0.3333,0.3333,0.3333,0.3333,0.3333,0.3333,,,,,,,,,,,,,,,,,,,36.717,0.0,0.0,0.0,176.64,31.613,224.971
35,2026-05-14T16:30:03.551582+00:00,instagram,ISL,28.702,25.519,28.702,0.5,0.5,54.163,35.793,0.3979,0.6021,0.8429,0.5134,2,0.3333,0.3333,0.3333,5.833,0.7935,0.51332,0.57096,0,0.3333,0.3333,0.3333,0.541,0.4565,0.00411,0.01105,2,0.0,0.0,1.0,2.103,0.6667,0.11027,0.15307,8.477,62.64,0.3333,0.3333,0.3333,0.3333,0.3333,0.3333,0.0,0.0,1.0,0.3333,0.3333,0.3333,0.3333,0.3333,0.3333,0.0,0.0,1.0,,,,,,,,,,,,,,,,,,,36.459,18.37,4.234,26.181,195.01,35.847,251.152
36,2026-05-14T16:30:09.561654+00:00,instagram,ISL,21.629,29.287,21.629,0.5,0.5,46.462,39.645,0.4604,0.5396,0.8389,0.5173,0,0.3333,0.3333,0.3333,0.448,0.4222,-0.02516,-0.06832,0,0.3333,0.3333,0.3333,1.345,0.4704,0.08448,0.20547,2,0.0,0.0,1.0,2.622,0.6667,0.16215,0.21771,4.415,50.877,0.3333,0.3333,0.3333,0.3333,0.3333,0.3333,0.0,0.0,1.0,0.3333,0.3333,0.3333,0.3333,0.3333,0.3333,0.0,0.0,1.0,,,,,,,,,,,,,,,,,,,40.31,6.817,0.132,10.567,201.827,35.979,261.719
37,2026-05-14T16:30:15.563722+00:00,instagram,GND,13.476,26.199,26.199,0.5,0.5,37.586,36.64,0.4936,0.5064,0.8341,0.5211,1,0.3333,0.3333,0.3333,0.15,0.3377,-0.00996,-0.03099,1,0.3333,0.3333,0.3333,0.315,0.3026,0.01652,0.05622,2,0.3333,0.3333,0.3333,0.245,0.3265,0.00447,0.0136,0.71,37.351,0.3333,0.3333,0.3333,0.3333,0.3333,0.3333,0.3333,0.3333,0.3333,0.3333,0.3333,0.3333,0.3333,0.3333,0.3333,0.3333,0.3333,0.3333,,,,,,,,,,,,,,,,,,,37.304,0.0,0.047,0.047,201.827,36.026,261.765
38,2026-05-14T16:30:21.571068+00:00,instagram,GND,18.472,28.814,28.814,0.5,0.5,41.784,39.338,0.4849,0.5151,0.8284,0.5249,2,0.3333,0.3333,0.3333,1.204,0.5328,0.09541,0.18956,1,0.3333,0.3333,0.3333,0.384,0.3044,0.02341,0.07874,1,0.3333,0.3333,0.3333,0.076,0.2619,-0.0124,-0.04851,1.664,41.002,0.3333,0.3333,0.3333,0.3333,0.3333,0.3333,0.3333,0.3333,0.3333,0.3333,0.3333,0.3333,0.3333,0.3333,0.3333,0.3333,0.3333,0.3333,,,,,,,,,,,,,,,,,,,40.001,0.0,1.002,1.002,201.827,37.028,262.767
39,2026-05-14T16:30:27.576155+00:00,instagram,GND,42.265,25.983,25.983,0.5,0.5,64.724,36.59,0.3612,0.6388,0.8219,0.5286,1,0.3333,0.3333,0.3333,0.766,0.3412,0.05159,0.1467,0,0.3333,0.3333,0.3333,0.205,0.2237,0.00551,0.03039,2,0.3333,0.3333,0.3333,0.174,0.3265,-0.00258,-0.00792,1.145,37.736,0.3333,0.3333,0.3333,0.3333,0.3333,0.3333,0.3333,0.3333,0.3333,0.3333,0.3333,0.3333,0.3333,0.3333,0.3333,0.3333,0.3333,0.3333,,,,,,,,,,,,,,,,,,,37.252,0.0,0.484,0.484,201.827,37.512,263.251
40,2026-05-14T16:30:33.585723+00:00,instagram,GND,31.121,37.083,37.083,0.5,0.5,52.694,47.772,0.4755,0.5245,0.8146,0.5322,2,0.3333,0.3333,0.3333,0.482,0.5295,0.0232,0.04951,2,0.3333,0.3333,0.3333,0.419,0.4772,0.02695,0.06393,1,0.3333,0.3333,0.3333,0.241,0.2619,0.00412,0.01559,1.143,48.915,0.3333,0.3333,0.3333,0.3333,0.3333,0.3333,0.3333,0.3333,0.3333,0.3333,0.3333,0.3333,0.3333,0.3333,0.3333,0.3333,0.3333,0.3333,,,,,,,,,,,,,,,,,,,48.432,0.0,0.482,0.482,201.827,37.994,263.733
41,2026-05-14T16:30:39.596247+00:00,instagram,GND,10.844,21.72,21.72,0.5,0.5,31.512,32.491,0.5077,0.4923,0.8065,0.5358,0,0.3333,0.3333,0.3333,0.194,0.2681,-0.0056,-0.02479,2,0.3333,0.3333,0.3333,0.269,0.4751,0.01192,0.02879,1,0.3333,0.3333,0.3333,0.139,0.2619,-0.00609,-0.02353,0.602,33.093,0.3333,0.3333,0.3333,0.3333,0.3333,0.3333,0.3333,0.3333,0.3333,0.3333,0.3333,0.3333,0.3333,0.3333,0.3333,0.3333,0.3333,0.3333,,,,,,,,,,,,,,,,,,,33.15,0.979,0.0,0.0,202.806,37.994,263.733
42,2026-05-14T16:30:45.603962+00:00,instagram,GND,22.211,26.929,26.929,0.5,0.5,41.97,37.781,0.4737,0.5263,0.7976,0.5392,2,0.3333,0.3333,0.3333,1.118,0.5254,0.08678,0.17381,0,0.3333,0.3333,0.3333,0.166,0.213,0.00159,0.00885,2,0.3333,0.3333,0.3333,0.64,0.3265,0.04401,0.12643,1.924,39.705,0.3333,0.3333,0.3333,0.3333,0.3333,0.3333,0.3333,0.3333,0.3333,0.3333,0.3333,0.3333,0.3333,0.3333,0.3333,0.3333,0.3333,0.3333,,,,,,,,,,,,,,,,,,,38.439,0.0,1.266,1.266,202.806,39.259,264.999
43,2026-05-14T16:30:51.611857+00:00,instagram,GND,13.462,29.12,29.12,0.5,0.5,32.323,40.052,0.5534,0.4466,0.7879,0.5426,2,0.3333,0.3333,0.3333,1.121,0.5231,0.08708,0.17436,1,0.3333,0.3333,0.3333,0.305,0.3146,0.01547,0.05273,2,0.3333,0.3333,0.3333,0.965,0.3265,0.07651,0.21052,2.391,42.442,0.3333,0.3333,0.3333,0.3333,0.3333,0.3333,0.3333,0.3333,0.3333,0.3333,0.3333,0.3333,0.3333,0.3333,0.3333,0.3333,0.3333,0.3333,,,,,,,,,,,,,,,,,,,36.955,7.728,1.733,5.487,210.535,40.993,270.486
44,2026-05-14T16:30:57.617373+00:00,instagram,ISL,26.315,33.531,26.315,0.5,0.5,44.299,44.543,0.5014,0.4986,0.7776,0.5459,1,0.3333,0.3333,0.3333,2.5,0.6871,0.18002,0.29083,0,0.3333,0.3333,0.3333,0.791,0.5602,0.02913,0.07571,2,0.0,0.0,1.0,2.984,0.6667,0.19842,0.26054,6.276,50.574,0.3333,0.3333,0.3333,0.3333,0.3333,0.3333,0.0,0.0,1.0,0.3333,0.3333,0.3333,0.3333,0.3333,0.3333,0.0,0.0,1.0,,,,,,,,,,,,,,,,,,,45.199,0.0,1.597,5.375,210.535,42.59,275.861
45,2026-05-14T16:31:03.620265+00:00,gaming,ISL,22.501,30.023,22.501,0.5,0.5,39.633,41.113,0.5092,0.4908,0.7665,0.5491,0,0.3333,0.3333,0.3333,1.183,0.3231,0.04829,0.11935,1,0.3333,0.3333,0.3333,3.034,0.3605,0.25335,0.4266,1,0.3333,0.3333,0.3333,0.429,0.237,-0.05713,-0.10137,4.645,44.278,0.3333,0.3333,0.3333,0.3333,0.3333,0.3333,0.3333,0.3333,0.3333,0.3333,0.3333,0.3333,0.3333,0.3333,0.3333,0.3333,0.3333,0.3333,,,,,,,,,,,,,,,,,,,41.18,0.0,3.098,3.098,210.535,45.688,278.96
46,2026-05-14T16:31:09.628865+00:00,gaming,ISL,29.243,26.338,29.243,0.5,0.5,45.557,37.505,0.4515,0.5485,0.7548,0.5523,0,0.3333,0.3333,0.3333,0.542,0.3333,-0.01582,-0.0424,0,0.3333,0.3333,0.3333,0.749,0.3466,0.02491,0.0651,1,0.3333,0.3333,0.3333,1.048,0.237,0.00476,0.008,2.339,47.895,0.3333,0.3333,0.3333,0.3333,0.3333,0.3333,0.3333,0.3333,0.3333,0.3333,0.3333,0.3333,0.3333,0.3333,0.3333,0.3333,0.3333,0.3333,,,,,,,,,,,,,,,,,,,37.988,8.052,0.777,9.908,218.587,46.465,288.867
47,2026-05-14T16:31:15.630601+00:00,gaming,ISL,24.04,25.338,24.04,0.5,0.5,39.572,36.582,0.4804,0.5196,0.7425,0.5553,2,0.3333,0.3333,0.3333,0.729,0.3786,0.00289,0.00433,0,0.3333,0.3333,0.3333,0.281,0.3481,-0.02186,-0.06085,2,0.3333,0.3333,0.3333,4.093,0.4444,0.30926,0.24556,5.103,44.675,0.3333,0.3333,0.3333,0.3333,0.3333,0.3333,0.3333,0.3333,0.3333,0.3333,0.3333,0.3333,0.3333,0.3333,0.3333,0.3333,0.3333,0.3333,,,,,,,,,,,,,,,,,,,37.064,2.991,3.53,7.611,221.578,49.995,296.479
48,2026-05-14T16:31:21.634192+00:00,gaming,GND,25.895,22.374,22.374,0.5,0.5,40.684,33.692,0.453,0.547,0.7295,0.5582,1,0.3333,0.3333,0.3333,0.571,0.1652,0.03209,0.09375,2,0.3333,0.3333,0.3333,0.264,0.2121,0.01138,0.0275,1,0.3333,0.3333,0.3333,0.143,0.0571,-0.00569,-0.04068,0.978,34.67,0.3333,0.3333,0.3333,0.3333,0.3333,0.3333,0.3333,0.3333,0.3333,0.3333,0.3333,0.3333,0.3333,0.3333,0.3333,0.3333,0.3333,0.3333,,,,,,,,,,,,,,,,,,,34.174,0.0,0.496,0.496,221.578,50.491,296.975
49,2026-05-14T16:31:27.634758+00:00,gaming,ISL,30.84,29.18,30.84,0.5,0.5,44.926,40.572,0.4745,0.5255,0.716,0.5611,2,0.3333,0.3333,0.3333,0.67,0.3699,-0.00298,-0.00448,1,0.3333,0.3333,0.3333,0.402,0.3531,-0.00983,-0.02087,0,0.3333,0.3333,0.3333,0.203,0.1111,-0.07972,-0.33828,1.275,46.201,0.3333,0.3333,0.3333,0.3333,0.3333,0.3333,0.3333,0.3333,0.3333,0.3333,0.3333,0.3333,0.3333,0.3333,0.3333,0.3333,0.3333,0.3333,,,,,,,,,,,,,,,,,,,41.053,4.354,0.0,5.148,225.933,50.491,302.123
50,2026-05-14T16:31:33.636716+00:00,gaming,GND,25.13,21.672,21.672,0.5,0.5,38.553,33.135,0.4622,0.5378,0.702,0.5638,2,0.3333,0.3333,0.3333,0.938,0.2291,0.06884,0.14027,2,0.3333,0.3333,0.3333,0.259,0.2062,0.01094,0.02644,1,0.3333,0.3333,0.3333,0.167,0.0571,-0.00333,-0.02357,1.364,34.5,0.3333,0.3333,0.3333,0.3333,0.3333,0.3333,0.3333,0.3333,0.3333,0.3333,0.3333,0.3333,0.3333,0.3333,0.3333,0.3333,0.3333,0.3333,,,,,,,,,,,,,,,,,,,33.616,0.0,0.884,0.884,225.933,51.374,303.006
51,2026-05-14T16:31:39.659054+00:00,gaming,GND,39.298,29.15,29.15,0.5,0.5,52.098,40.684,0.4385,0.5615,0.6875,0.5665,1,0.3333,0.3333,0.3333,0.703,0.1728,0.04526,0.1298,1,0.3333,0.3333,0.3333,0.263,0.1619,0.01126,0.03865,2,0.3333,0.3333,0.3333,1.365,0.1469,0.11648,0.27542,2.33,43.014,0.3333,0.3333,0.3333,0.3333,0.3333,0.3333,0.3333,0.3333,0.3333,0.3333,0.3333,0.3333,0.3333,0.3333,0.3333,0.3333,0.3333,0.3333,,,,,,,,,,,,,,,,,,,41.165,0.0,1.85,1.85,225.933,53.224,304.856
52,2026-05-14T16:31:45.648484+00:00,gaming,ISL,10.489,22.894,10.489,0.5,0.5,22.705,34.497,0.6031,0.3969,0.6725,0.5691,1,0.3333,0.3333,0.3333,0.713,0.3799,0.00135,0.00252,0,0.3333,0.3333,0.3333,0.23,0.3269,-0.02698,-0.07563,2,0.3333,0.3333,0.3333,5.241,0.4444,0.42409,0.3233,6.185,28.89,0.3333,0.3333,0.3333,0.3333,0.3333,0.3333,0.3333,0.3333,0.3333,0.3333,0.3333,0.3333,0.3333,0.3333,0.3333,0.3333,0.3333,0.3333,,,,,,,,,,,,,,,,,,,24.263,0.0,4.626,4.626,225.933,57.85,309.482
53,2026-05-14T16:31:51.652555+00:00,gaming,ISL,31.848,25.207,31.848,0.5,0.5,43.516,36.877,0.4587,0.5413,0.6572,0.5716,2,0.3333,0.3333,0.3333,1.382,0.349,0.06819,0.09738,2,0.3333,0.3333,0.3333,0.419,0.3047,-0.00813,-0.01351,1,0.3333,0.3333,0.3333,0.48,0.237,-0.05204,-0.09192,2.28,45.796,0.3333,0.3333,0.3333,0.3333,0.3333,0.3333,0.3333,0.3333,0.3333,0.3333,0.3333,0.3333,0.3333,0.3333,0.3333,0.3333,0.3333,0.3333,,,,,,,,,,,,,,,,,,,37.356,6.64,0.738,8.44,232.572,58.589,317.922
54,2026-05-14T16:31:57.662764+00:00,gaming,GND,37.415,30.034,30.034,0.5,0.5,48.572,41.769,0.4623,0.5377,0.6415,0.5739,2,0.3333,0.3333,0.3333,0.139,0.2166,-0.01109,-0.02456,2,0.3333,0.3333,0.3333,0.736,0.1945,0.05855,0.13405,2,0.3333,0.3333,0.3333,0.044,0.1469,-0.0156,-0.04339,0.919,42.688,0.3333,0.3333,0.3333,0.3333,0.3333,0.3333,0.3333,0.3333,0.3333,0.3333,0.3333,0.3333,0.3333,0.3333,0.3333,0.3333,0.3333,0.3333,,,,,,,,,,,,,,,,,,,42.249,0.0,0.439,0.439,232.572,59.028,318.361
55,2026-05-14T16:32:03.671136+00:00,gaming,GND,17.739,29.786,29.786,0.5,0.5,28.418,41.584,0.594,0.406,0.6254,0.5762,1,0.3333,0.3333,0.3333,0.453,0.1832,0.02029,0.06029,1,0.3333,0.3333,0.3333,0.514,0.1715,0.03639,0.11988,2,0.3333,0.3333,0.3333,0.617,0.1469,0.04174,0.10762,1.584,43.169,0.3333,0.3333,0.3333,0.3333,0.3333,0.3333,0.3333,0.3333,0.3333,0.3333,0.3333,0.3333,0.3333,0.3333,0.3333,0.3333,0.3333,0.3333,,,,,,,,,,,,,,,,,,,29.918,13.166,1.105,13.25,245.738,60.133,331.611
56,2026-05-14T16:32:09.678774+00:00,gaming,ISL,16.034,28.76,16.034,0.5,0.5,26.268,40.619,0.6073,0.3927,0.6091,0.5784,1,0.3333,0.3333,0.3333,3.734,0.361,0.30336,0.45032,0,0.3333,0.3333,0.3333,0.319,0.2824,-0.01813,-0.05019,1,0.3333,0.3333,0.3333,3.633,0.237,0.26334,0.36769,7.686,33.953,0.3333,0.3333,0.3333,0.3333,0.3333,0.3333,0.3333,0.3333,0.3333,0.3333,0.3333,0.3333,0.3333,0.3333,0.3333,0.3333,0.3333,0.3333,,,,,,,,,,,,,,,,,,,27.743,0.0,6.21,6.21,245.738,66.343,337.821
57,2026-05-14T16:32:15.682393+00:00,gaming,GND,15.837,28.998,28.998,0.5,0.5,25.655,40.916,0.6146,0.3854,0.5926,0.5805,0,0.3333,0.3333,0.3333,0.083,0.0918,-0.0167,-0.07586,0,0.3333,0.3333,0.3333,0.118,0.0725,-0.00319,-0.01803,2,0.3333,0.3333,0.3333,0.707,0.1469,0.05066,0.1292,0.908,41.824,0.3333,0.3333,0.3333,0.3333,0.3333,0.3333,0.3333,0.3333,0.3333,0.3333,0.3333,0.3333,0.3333,0.3333,0.3333,0.3333,0.3333,0.3333,,,,,,,,,,,,,,,,,,,27.105,15.262,0.429,14.719,261.0,66.771,352.54
58,2026-05-14T16:32:21.685368+00:00,gaming,GND,31.305,29.372,29.372,0.5,0.5,40.736,41.346,0.5037,0.4963,0.5758,0.5824,0,0.3333,0.3333,0.3333,0.174,0.0915,-0.00762,-0.03391,0,0.3333,0.3333,0.3333,0.202,0.0719,0.00516,0.02848,0,0.3333,0.3333,0.3333,0.024,0.0229,-0.01756,-0.36707,0.4,41.746,0.3333,0.3333,0.3333,0.3333,0.3333,0.3333,0.3333,0.3333,0.3333,0.3333,0.3333,0.3333,0.3333,0.3333,0.3333,0.3333,0.3333,0.3333,,,,,,,,,,,,,,,,,,,41.825,0.611,0.0,0.0,261.611,66.771,352.54
59,2026-05-14T16:32:27.705771+00:00,gaming,ISL,11.791,21.625,11.791,0.5,0.5,20.86,33.654,0.6173,0.3827,0.559,0.5843,0,0.3333,0.3333,0.3333,0.333,0.268,-0.03673,-0.10139,1,0.3333,0.3333,0.3333,0.265,0.2844,-0.02354,-0.0507,0,0.3333,0.3333,0.3333,0.127,0.1111,-0.08731,-0.37734,0.724,21.585,0.3333,0.3333,0.3333,0.3333,0.3333,0.3333,0.3333,0.3333,0.3333,0.3333,0.3333,0.3333,0.3333,0.3333,0.3333,0.3333,0.3333,0.3333,,,,,,,,,,,,,,,,,,,22.259,0.0,0.0,0.0,261.611,66.771,352.54
60,2026-05-14T16:32:33.781462+00:00,gaming,GND,22.495,25.779,25.779,0.5,0.5,31.229,37.859,0.548,0.452,0.542,0.5861,1,0.3333,0.3333,0.3333,0.368,0.1961,0.01175,0.03536,0,0.3333,0.3333,0.3333,0.238,0.0714,0.00881,0.04818,2,0.3333,0.3333,0.3333,0.803,0.1469,0.06033,0.15207,1.409,39.268,0.3333,0.3333,0.3333,0.3333,0.3333,0.3333,0.3333,0.3333,0.3333,0.3333,0.3333,0.3333,0.3333,0.3333,0.3333,0.3333,0.3333,0.3333,,,,,,,,,,,,,,,,,,,32.602,6.631,0.93,6.666,268.241,67.701,359.206
61,2026-05-14T16:32:39.791186+00:00,gaming,ISL,13.602,26.032,13.602,0.5,0.5,22.024,38.161,0.6341,0.3659,0.525,0.5878,0,0.3333,0.3333,0.3333,0.315,0.2367,-0.03849,-0.1065,0,0.3333,0.3333,0.3333,1.5,0.2139,0.09999,0.23899,2,0.3333,0.3333,0.3333,1.765,0.4444,0.07649,0.06657,3.58,25.603,0.3333,0.3333,0.3333,0.3333,0.3333,0.3333,0.3333,0.3333,0.3333,0.3333,0.3333,0.3333,0.3333,0.3333,0.3333,0.3333,0.3333,0.3333,,,,,,,,,,,,,,,,,,,23.374,0.0,2.23,2.23,268.241,69.931,361.436
62,2026-05-14T16:32:45.795957+00:00,gaming,ISL,36.204,28.859,36.204,0.5,0.5,44.334,41.034,0.4807,0.5193,0.508,0.5893,1,0.3333,0.3333,0.3333,0.4,0.3104,-0.02995,-0.0578,2,0.3333,0.3333,0.3333,1.169,0.261,0.06693,0.10475,0,0.3333,0.3333,0.3333,0.215,0.1111,-0.07853,-0.33226,1.784,46.118,0.3333,0.3333,0.3333,0.3333,0.3333,0.3333,0.3333,0.3333,0.3333,0.3333,0.3333,0.3333,0.3333,0.3333,0.3333,0.3333,0.3333,0.3333,,,,,,,,,,,,,,,,,,,41.513,3.3,0.457,4.605,271.541,70.388,366.041
63,2026-05-14T16:32:51.801367+00:00,gaming,ISL,26.907,22.547,26.907,0.5,0.5,34.766,34.766,0.5,0.5,0.491,0.5908,1,0.3333,0.3333,0.3333,0.382,0.3008,-0.03181,-0.06149,1,0.3333,0.3333,0.3333,0.229,0.2492,-0.02705,-0.05848,1,0.3333,0.3333,0.3333,0.259,0.237,-0.07412,-0.13363,0.87,35.636,0.3333,0.3333,0.3333,0.3333,0.3333,0.3333,0.3333,0.3333,0.3333,0.3333,0.3333,0.3333,0.3333,0.3333,0.3333,0.3333,0.3333,0.3333,,,,,,,,,,,,,,,,,,,35.245,0.0,0.0,0.391,271.541,70.388,366.432
64,2026-05-14T16:32:57.809477+00:00,gaming,ISL,16.392,29.436,16.392,0.5,0.5,23.999,41.695,0.6347,0.3653,0.4742,0.5921,1,0.3333,0.3333,0.3333,3.408,0.2911,0.27084,0.41067,1,0.3333,0.3333,0.3333,0.691,0.2409,0.0191,0.03934,2,0.3333,0.3333,0.3333,1.562,0.4444,0.05623,0.04936,5.662,29.661,0.3333,0.3333,0.3333,0.3333,0.3333,0.3333,0.3333,0.3333,0.3333,0.3333,0.3333,0.3333,0.3333,0.3333,0.3333,0.3333,0.3333,0.3333,,,,,,,,,,,,,,,,,,,25.289,0.0,4.372,4.372,271.541,74.759,370.804
65,2026-05-14T16:33:03.816534+00:00,gaming,ISL,16.79,29.435,16.79,0.5,0.5,24.162,41.732,0.6333,0.3667,0.4574,0.5934,1,0.3333,0.3333,0.3333,0.317,0.2815,-0.03834,-0.0746,2,0.3333,0.3333,0.3333,0.323,0.2511,-0.01771,-0.02966,2,0.3333,0.3333,0.3333,2.175,0.4444,0.11751,0.10053,2.815,26.977,0.3333,0.3333,0.3333,0.3333,0.3333,0.3333,0.3333,0.3333,0.3333,0.3333,0.3333,0.3333,0.3333,0.3333,0.3333,0.3333,0.3333,0.3333,,,,,,,,,,,,,,,,,,,25.437,0.0,1.54,1.54,271.541,76.299,372.344
66,2026-05-14T16:33:09.821636+00:00,gaming,ISL,36.872,29.086,36.872,0.5,0.5,44.026,41.417,0.4847,0.5153,0.4409,0.5945,1,0.3333,0.3333,0.3333,0.471,0.2721,-0.02293,-0.04394,1,0.3333,0.3333,0.3333,0.981,0.2255,0.0481,0.09622,2,0.3333,0.3333,0.3333,2.729,0.4444,0.17292,0.14464,4.181,48.207,0.3333,0.3333,0.3333,0.3333,0.3333,0.3333,0.3333,0.3333,0.3333,0.3333,0.3333,0.3333,0.3333,0.3333,0.3333,0.3333,0.3333,0.3333,,,,,,,,,,,,,,,,,,,41.897,2.609,2.919,6.309,274.15,79.218,378.653
67,2026-05-14T16:33:15.832229+00:00,gaming,GND,12.921,23.048,23.048,0.5,0.5,19.872,35.411,0.6405,0.3595,0.4246,0.5956,0,0.3333,0.3333,0.3333,0.334,0.1017,0.00845,0.03629,0,0.3333,0.3333,0.3333,0.133,0.0771,-0.00166,-0.00933,0,0.3333,0.3333,0.3333,0.045,0.0229,-0.01548,-0.31586,0.513,35.924,0.3333,0.3333,0.3333,0.3333,0.3333,0.3333,0.3333,0.3333,0.3333,0.3333,0.3333,0.3333,0.3333,0.3333,0.3333,0.3333,0.3333,0.3333,,,,,,,,,,,,,,,,,,,21.125,15.539,0.033,14.799,289.689,79.251,393.453
68,2026-05-14T16:33:21.837178+00:00,gaming,GND,12.242,21.547,21.547,0.5,0.5,19.005,33.939,0.641,0.359,0.4085,0.5965,2,0.3333,0.3333,0.3333,0.232,0.1848,-0.00177,-0.00387,2,0.3333,0.3333,0.3333,0.367,0.1652,0.02174,0.05189,1,0.3333,0.3333,0.3333,0.156,0.0571,-0.00438,-0.03115,0.756,34.695,0.3333,0.3333,0.3333,0.3333,0.3333,0.3333,0.3333,0.3333,0.3333,0.3333,0.3333,0.3333,0.3333,0.3333,0.3333,0.3333,0.3333,0.3333,,,,,,,,,,,,,,,,,,,20.25,14.934,0.275,14.445,304.623,79.526,407.897
69,2026-05-14T16:33:27.850976+00:00,gaming,GND,15.692,25.569,25.569,0.5,0.5,22.28,37.986,0.6303,0.3697,0.3928,0.5973,2,0.3333,0.3333,0.3333,1.015,0.184,0.07654,0.1548,1,0.3333,0.3333,0.3333,0.382,0.2009,0.02318,0.07801,0,0.3333,0.3333,0.3333,0.024,0.0229,-0.01755,-0.36698,1.422,39.408,0.3333,0.3333,0.3333,0.3333,0.3333,0.3333,0.3333,0.3333,0.3333,0.3333,0.3333,0.3333,0.3333,0.3333,0.3333,0.3333,0.3333,0.3333,,,,,,,,,,,,,,,,,,,23.521,15.706,0.94,15.886,320.329,80.466,423.784
70,2026-05-14T16:33:33.855415+00:00,gaming,ISL,13.907,25.383,13.907,0.5,0.5,20.333,37.822,0.6504,0.3496,0.3775,0.598,0,0.3333,0.3333,0.3333,0.257,0.1524,-0.04434,-0.12375,1,0.3333,0.3333,0.3333,0.308,0.2019,-0.0192,-0.04115,1,0.3333,0.3333,0.3333,0.447,0.237,-0.05531,-0.09799,1.011,21.344,0.3333,0.3333,0.3333,0.3333,0.3333,0.3333,0.3333,0.3333,0.3333,0.3333,0.3333,0.3333,0.3333,0.3333,0.3333,0.3333,0.3333,0.3333,,,,,,,,,,,,,,,,,,,21.573,0.0,0.0,0.0,320.329,80.466,423.784
71,2026-05-14T16:33:39.866759+00:00,gaming,ISL,31.001,28.953,31.001,0.5,0.5,37.275,41.411,0.5263,0.4737,0.3625,0.5986,1,0.3333,0.3333,0.3333,0.513,0.2325,-0.01874,-0.03577,0,0.3333,0.3333,0.3333,0.148,0.1497,-0.03521,-0.0999,1,0.3333,0.3333,0.3333,0.287,0.237,-0.07132,-0.12823,0.947,38.223,0.3333,0.3333,0.3333,0.3333,0.3333,0.3333,0.3333,0.3333,0.3333,0.3333,0.3333,0.3333,0.3333,0.3333,0.3333,0.3333,0.3333,0.3333,,,,,,,,,,,,,,,,,,,38.517,0.0,0.0,0.0,320.329,80.466,423.784
72,2026-05-14T16:33:45.869540+00:00,gaming,ISL,20.662,22.113,20.662,0.5,0.5,26.797,34.586,0.5634,0.4366,0.348,0.5991,1,0.3333,0.3333,0.3333,0.48,0.2268,-0.02201,-0.04214,0,0.3333,0.3333,0.3333,0.816,0.153,0.03157,0.08179,0,0.3333,0.3333,0.3333,0.658,0.1111,-0.03424,-0.13154,1.953,28.75,0.3333,0.3333,0.3333,0.3333,0.3333,0.3333,0.3333,0.3333,0.3333,0.3333,0.3333,0.3333,0.3333,0.3333,0.3333,0.3333,0.3333,0.3333,,,,,,,,,,,,,,,,,,,28.043,0.0,0.707,0.707,320.329,81.173,424.49
73,2026-05-14T16:33:51.878498+00:00,gaming,GND,16.058,26.705,26.705,0.5,0.5,22.063,39.19,0.6398,0.3602,0.334,0.5995,0,0.3333,0.3333,0.3333,0.17,0.1196,-0.00804,-0.0358,1,0.3333,0.3333,0.3333,0.583,0.2068,0.04329,0.14107,2,0.3333,0.3333,0.3333,0.656,0.1469,0.04562,0.11706,1.409,40.598,0.3333,0.3333,0.3333,0.3333,0.3333,0.3333,0.3333,0.3333,0.3333,0.3333,0.3333,0.3333,0.3333,0.3333,0.3333,0.3333,0.3333,0.3333,,,,,,,,,,,,,,,,,,,23.317,17.126,0.925,17.281,337.455,82.098,441.771
74,2026-05-14T16:33:57.885261+00:00,gaming,GND,14.995,26.016,26.016,0.5,0.5,20.882,38.509,0.6484,0.3516,0.3205,0.5998,1,0.3333,0.3333,0.3333,0.504,0.2239,0.02539,0.07487,1,0.3333,0.3333,0.3333,0.816,0.208,0.06656,0.20942,0,0.3333,0.3333,0.3333,0.04,0.0229,-0.01605,-0.32965,1.359,39.868,0.3333,0.3333,0.3333,0.3333,0.3333,0.3333,0.3333,0.3333,0.3333,0.3333,0.3333,0.3333,0.3333,0.3333,0.3333,0.3333,0.3333,0.3333,,,,,,,,,,,,,,,,,,,22.146,17.627,0.875,17.721,355.082,82.973,459.492
75,2026-05-14T16:34:03.901508+00:00,youtube,ISL,21.702,29.81,21.702,0.5,0.5,27.478,42.308,0.6063,0.3937,0.3075,0.5999,0,0.3333,0.3333,0.3333,1.199,0.296,0.04987,0.12303,0,0.3333,0.3333,0.3333,0.318,0.2849,-0.01818,-0.05034,1,0.3333,0.3333,0.3333,2.269,0.5704,0.12691,0.14475,3.786,31.264,0.3333,0.3333,0.3333,0.3333,0.3333,0.3333,0.3333,0.3333,0.3333,0.3333,0.3333,0.3333,0.3333,0.3333,0.3333,0.3333,0.3333,0.3333,,,,,,,,,,,,,,,,,,,29.605,0.0,1.659,1.659,355.082,84.632,461.152
76,2026-05-14T16:34:09.901926+00:00,youtube,ISL,29.522,26.123,29.522,0.5,0.5,35.197,38.623,0.5232,0.4768,0.2952,0.6,1,0.3333,0.3333,0.3333,0.659,0.3739,-0.00413,-0.00777,0,0.3333,0.3333,0.3333,0.73,0.295,0.02297,0.06016,1,0.3333,0.3333,0.3333,1.81,0.5704,0.08097,0.09473,3.198,38.395,0.3333,0.3333,0.3333,0.3333,0.3333,0.3333,0.3333,0.3333,0.3333,0.3333,0.3333,0.3333,0.3333,0.3333,0.3333,0.3333,0.3333,0.3333,,,,,,,,,,,,,,,,,,,37.345,0.0,1.05,1.05,355.082,85.682,462.202
77,2026-05-14T16:34:15.912272+00:00,youtube,ISL,24.017,25.417,24.017,0.5,0.5,29.6,37.915,0.5616,0.4384,0.2835,0.5999,0,0.3333,0.3333,0.3333,0.547,0.3213,-0.01529,-0.04095,0,0.3333,0.3333,0.3333,0.539,0.3063,0.00393,0.01054,0,0.3333,0.3333,0.3333,0.932,0.3889,-0.00675,-0.01223,2.019,31.618,0.3333,0.3333,0.3333,0.3333,0.3333,0.3333,0.3333,0.3333,0.3333,0.3333,0.3333,0.3333,0.3333,0.3333,0.3333,0.3333,0.3333,0.3333,,,,,,,,,,,,,,,,,,,31.772,0.0,0.0,0.0,355.082,85.682,462.202
78,2026-05-14T16:34:21.920754+00:00,youtube,GND,22.278,22.766,22.766,0.5,0.5,27.776,35.259,0.5594,0.4406,0.2724,0.5998,1,0.3333,0.3333,0.3333,0.36,0.3261,0.01103,0.03321,2,0.3333,0.3333,0.3333,0.28,0.2893,0.01299,0.03133,1,0.3333,0.3333,0.3333,0.252,0.15,0.00524,0.02416,0.893,36.152,0.3333,0.3333,0.3333,0.3333,0.3333,0.3333,0.3333,0.3333,0.3333,0.3333,0.3333,0.3333,0.3333,0.3333,0.3333,0.3333,0.3333,0.3333,,,,,,,,,,,,,,,,,,,29.976,7.483,0.301,6.175,362.565,85.983,468.377
79,2026-05-14T16:34:27.920864+00:00,youtube,ISL,44.116,30.766,44.116,0.5,0.5,49.537,43.251,0.4661,0.5339,0.2621,0.5995,2,0.3333,0.3333,0.3333,1.029,0.4744,0.03295,0.04824,2,0.3333,0.3333,0.3333,1.134,0.4375,0.06342,0.09952,0,0.3333,0.3333,0.3333,0.61,0.3889,-0.03899,-0.07276,2.774,52.31,0.3333,0.3333,0.3333,0.3333,0.3333,0.3333,0.3333,0.3333,0.3333,0.3333,0.3333,0.3333,0.3333,0.3333,0.3333,0.3333,0.3333,0.3333,,,,,,,,,,,,,,,,,,,43.843,6.286,0.542,8.467,368.851,86.525,476.844
80,2026-05-14T16:34:33.925883+00:00,youtube,GND,43.836,38.679,38.679,0.5,0.5,49.187,51.152,0.5098,0.4902,0.2524,0.5991,2,0.3333,0.3333,0.3333,0.42,0.3276,0.01704,0.03659,2,0.3333,0.3333,0.3333,0.177,0.2921,0.00268,0.00655,0,0.3333,0.3333,0.3333,0.035,0.1,-0.01651,-0.12279,0.632,51.784,0.3333,0.3333,0.3333,0.3333,0.3333,0.3333,0.3333,0.3333,0.3333,0.3333,0.3333,0.3333,0.3333,0.3333,0.3333,0.3333,0.3333,0.3333,,,,,,,,,,,,,,,,,,,51.452,1.965,0.039,0.332,370.816,86.564,477.177
81,2026-05-14T16:34:39.935504+00:00,youtube,GND,22.82,30.247,30.247,0.5,0.5,28.108,42.704,0.6031,0.3969,0.2435,0.5986,2,0.3333,0.3333,0.3333,0.795,0.3296,0.05448,0.1126,2,0.3333,0.3333,0.3333,0.282,0.2938,0.01319,0.03179,2,0.3333,0.3333,0.3333,0.14,0.2,-0.00602,-0.02128,1.217,43.921,0.3333,0.3333,0.3333,0.3333,0.3333,0.3333,0.3333,0.3333,0.3333,0.3333,0.3333,0.3333,0.3333,0.3333,0.3333,0.3333,0.3333,0.3333,,,,,,,,,,,,,,,,,,,30.408,14.596,0.622,13.513,385.412,87.186,490.689
82,2026-05-14T16:34:45.949047+00:00,youtube,ISL,21.423,25.107,21.423,0.5,0.5,26.655,37.545,0.5848,0.4152,0.2354,0.598,2,0.3333,0.3333,0.3333,1.744,0.4847,0.10435,0.14542,1,0.3333,0.3333,0.3333,0.455,0.3552,-0.00445,-0.00939,2,0.3333,0.3333,0.3333,0.674,0.4148,-0.03261,-0.05661,2.873,29.528,0.3333,0.3333,0.3333,0.3333,0.3333,0.3333,0.3333,0.3333,0.3333,0.3333,0.3333,0.3333,0.3333,0.3333,0.3333,0.3333,0.3333,0.3333,,,,,,,,,,,,,,,,,,,28.991,0.0,0.537,0.537,385.412,87.723,491.226
83,2026-05-14T16:34:51.959209+00:00,youtube,GND,29.154,26.162,26.162,0.5,0.5,34.336,38.579,0.5291,0.4709,0.2281,0.5973,2,0.3333,0.3333,0.3333,0.691,0.334,0.0441,0.09209,2,0.3333,0.3333,0.3333,0.727,0.2977,0.05771,0.13225,1,0.3333,0.3333,0.3333,0.123,0.15,-0.00775,-0.03684,1.541,40.12,0.3333,0.3333,0.3333,0.3333,0.3333,0.3333,0.3333,0.3333,0.3333,0.3333,0.3333,0.3333,0.3333,0.3333,0.3333,0.3333,0.3333,0.3333,,,,,,,,,,,,,,,,,,,36.708,4.244,0.944,3.411,389.656,88.667,494.638
84,2026-05-14T16:34:57.969456+00:00,youtube,GND,19.699,25.354,25.354,0.5,0.5,24.838,37.746,0.6031,0.3969,0.2216,0.5965,0,0.3333,0.3333,0.3333,0.102,0.2325,-0.01479,-0.06691,2,0.3333,0.3333,0.3333,0.293,0.2999,0.01425,0.03432,2,0.3333,0.3333,0.3333,0.478,0.2,0.02783,0.09296,0.873,38.619,0.3333,0.3333,0.3333,0.3333,0.3333,0.3333,0.3333,0.3333,0.3333,0.3333,0.3333,0.3333,0.3333,0.3333,0.3333,0.3333,0.3333,0.3333,,,,,,,,,,,,,,,,,,,27.247,12.908,0.275,11.372,402.563,88.942,506.01
85,2026-05-14T16:35:03.986766+00:00,youtube,GND,17.798,29.164,29.164,0.5,0.5,22.899,41.527,0.6446,0.3554,0.2159,0.5956,2,0.3333,0.3333,0.3333,0.292,0.3391,0.00419,0.00913,1,0.3333,0.3333,0.3333,0.399,0.3,0.02485,0.08341,2,0.3333,0.3333,0.3333,0.307,0.2,0.01067,0.03667,0.997,42.524,0.3333,0.3333,0.3333,0.3333,0.3333,0.3333,0.3333,0.3333,0.3333,0.3333,0.3333,0.3333,0.3333,0.3333,0.3333,0.3333,0.3333,0.3333,,,,,,,,,,,,,,,,,,,25.342,18.628,0.399,17.182,421.191,89.341,523.192
86,2026-05-14T16:35:09.991369+00:00,youtube,GND,13.881,26.805,26.805,0.5,0.5,18.952,39.137,0.6737,0.3263,0.2111,0.5945,1,0.3333,0.3333,0.3333,0.38,0.3283,0.01302,0.03909,0,0.3333,0.3333,0.3333,0.168,0.1888,0.00176,0.0098,1,0.3333,0.3333,0.3333,0.078,0.15,-0.01221,-0.05867,0.626,39.762,0.3333,0.3333,0.3333,0.3333,0.3333,0.3333,0.3333,0.3333,0.3333,0.3333,0.3333,0.3333,0.3333,0.3333,0.3333,0.3333,0.3333,0.3333,,,,,,,,,,,,,,,,,,,21.426,20.185,0.026,18.337,441.377,89.367,541.528
87,2026-05-14T16:35:15.996244+00:00,youtube,GND,25.571,28.98,28.98,0.5,0.5,30.616,41.277,0.5741,0.4259,0.2071,0.5934,1,0.3333,0.3333,0.3333,0.495,0.328,0.02452,0.07242,0,0.3333,0.3333,0.3333,0.112,0.1925,-0.00381,-0.02157,1,0.3333,0.3333,0.3333,0.05,0.15,-0.01499,-0.07254,0.657,41.934,0.3333,0.3333,0.3333,0.3333,0.3333,0.3333,0.3333,0.3333,0.3333,0.3333,0.3333,0.3333,0.3333,0.3333,0.3333,0.3333,0.3333,0.3333,,,,,,,,,,,,,,,,,,,33.118,10.661,0.057,8.816,452.037,89.424,550.345
88,2026-05-14T16:35:22.002028+00:00,youtube,ISL,34.418,36.487,34.418,0.5,0.5,39.443,48.746,0.5527,0.4473,0.204,0.5921,0,0.3333,0.3333,0.3333,0.664,0.4618,-0.00357,-0.00941,1,0.3333,0.3333,0.3333,0.717,0.4007,0.02167,0.0445,0,0.3333,0.3333,0.3333,2.019,0.3889,0.1019,0.16841,3.4,42.843,0.3333,0.3333,0.3333,0.3333,0.3333,0.3333,0.3333,0.3333,0.3333,0.3333,0.3333,0.3333,0.3333,0.3333,0.3333,0.3333,0.3333,0.3333,,,,,,,,,,,,,,,,,,,41.968,0.0,0.875,0.875,452.037,90.299,551.22
89,2026-05-14T16:35:28.047778+00:00,youtube,ISL,14.319,25.734,14.319,0.5,0.5,19.331,37.952,0.6625,0.3375,0.2018,0.5908,0,0.3333,0.3333,0.3333,2.381,0.4654,0.1681,0.36552,2,0.3333,0.3333,0.3333,0.952,0.4838,0.04525,0.07201,1,0.3333,0.3333,0.3333,1.645,0.5704,0.06451,0.0762,4.979,24.309,0.3333,0.3333,0.3333,0.3333,0.3333,0.3333,0.3333,0.3333,0.3333,0.3333,0.3333,0.3333,0.3333,0.3333,0.3333,0.3333,0.3333,0.3333,,,,,,,,,,,,,,,,,,,21.872,0.0,2.437,2.437,452.037,92.737,553.657
90,2026-05-14T16:35:34.028516+00:00,gaming,ISL,12.615,29.689,12.615,0.5,0.5,17.618,41.864,0.7038,0.2962,0.2004,0.5893,0,0.3333,0.3333,0.3333,0.312,0.3524,-0.03881,-0.10746,1,0.3333,0.3333,0.3333,1.358,0.2755,0.08578,0.16564,0,0.3333,0.3333,0.3333,0.285,0.1111,-0.0715,-0.2976,1.955,19.572,0.3333,0.3333,0.3333,0.3333,0.3333,0.3333,0.3333,0.3333,0.3333,0.3333,0.3333,0.3333,0.3333,0.3333,0.3333,0.3333,0.3333,0.3333,,,,,,,,,,,,,,,,,,,19.198,0.0,0.374,0.374,452.037,93.111,554.032
91,2026-05-14T16:35:40.041083+00:00,gaming,GND,34.895,38.775,38.775,0.5,0.5,39.895,50.904,0.5606,0.4394,0.2,0.5878,1,0.3333,0.3333,0.3333,0.659,0.2273,0.04089,0.11799,1,0.3333,0.3333,0.3333,0.208,0.2118,0.0058,0.02009,1,0.3333,0.3333,0.3333,0.143,0.0571,-0.0057,-0.04069,1.01,51.914,0.3333,0.3333,0.3333,0.3333,0.3333,0.3333,0.3333,0.3333,0.3333,0.3333,0.3333,0.3333,0.3333,0.3333,0.3333,0.3333,0.3333,0.3333,,,,,,,,,,,,,,,,,,,41.478,11.009,0.512,10.437,463.047,93.623,564.468
92,2026-05-14T16:35:46.048678+00:00,gaming,GND,35.27,26.343,26.343,0.5,0.5,40.272,38.423,0.4883,0.5117,0.2004,0.5861,1,0.3333,0.3333,0.3333,0.165,0.2263,-0.00855,-0.02653,0,0.3333,0.3333,0.3333,0.397,0.157,0.02465,0.12931,1,0.3333,0.3333,0.3333,0.341,0.0571,0.0141,0.09413,0.902,39.325,0.3333,0.3333,0.3333,0.3333,0.3333,0.3333,0.3333,0.3333,0.3333,0.3333,0.3333,0.3333,0.3333,0.3333,0.3333,0.3333,0.3333,0.3333,,,,,,,,,,,,,,,,,,,38.922,0.0,0.404,0.404,463.047,94.026,564.872
93,2026-05-14T16:35:52.054715+00:00,gaming,GND,27.163,22.951,22.951,0.5,0.5,32.175,34.98,0.5209,0.4791,0.2018,0.5843,1,0.3333,0.3333,0.3333,0.183,0.2252,-0.00671,-0.02077,2,0.3333,0.3333,0.3333,0.326,0.2018,0.01759,0.0422,2,0.3333,0.3333,0.3333,0.485,0.1469,0.02853,0.0748,0.994,35.974,0.3333,0.3333,0.3333,0.3333,0.3333,0.3333,0.3333,0.3333,0.3333,0.3333,0.3333,0.3333,0.3333,0.3333,0.3333,0.3333,0.3333,0.3333,,,,,,,,,,,,,,,,,,,33.747,2.805,0.495,2.227,465.852,94.521,567.099
94,2026-05-14T16:35:58.071878+00:00,gaming,GND,15.62,28.844,28.844,0.5,0.5,20.645,40.819,0.6641,0.3359,0.204,0.5824,0,0.3333,0.3333,0.3333,0.315,0.1987,0.00653,0.02815,0,0.3333,0.3333,0.3333,0.287,0.1636,0.01367,0.07376,1,0.3333,0.3333,0.3333,0.13,0.0571,-0.00701,-0.05034,0.732,41.55,0.3333,0.3333,0.3333,0.3333,0.3333,0.3333,0.3333,0.3333,0.3333,0.3333,0.3333,0.3333,0.3333,0.3333,0.3333,0.3333,0.3333,0.3333,,,,,,,,,,,,,,,,,,,22.205,20.174,0.232,19.345,486.025,94.753,586.444
95,2026-05-14T16:36:04.073840+00:00,gaming,GND,13.395,29.448,29.448,0.5,0.5,18.44,41.366,0.6917,0.3083,0.2071,0.5805,0,0.3333,0.3333,0.3333,0.113,0.2012,-0.01367,-0.06167,2,0.3333,0.3333,0.3333,0.593,0.2077,0.04426,0.10295,2,0.3333,0.3333,0.3333,0.221,0.1469,0.00211,0.00573,0.927,42.293,0.3333,0.3333,0.3333,0.3333,0.3333,0.3333,0.3333,0.3333,0.3333,0.3333,0.3333,0.3333,0.3333,0.3333,0.3333,0.3333,0.3333,0.3333,,,,,,,,,,,,,,,,,,,19.985,22.926,0.426,22.308,508.951,95.18,608.752
96,2026-05-14T16:36:10.083090+00:00,gaming,ISL,32.645,33.669,32.645,0.5,0.5,37.715,45.528,0.5469,0.4531,0.2111,0.5784,1,0.3333,0.3333,0.3333,0.631,0.3463,-0.00693,-0.01308,0,0.3333,0.3333,0.3333,1.286,0.3348,0.0786,0.19246,0,0.3333,0.3333,0.3333,0.123,0.1111,-0.0877,-0.37938,2.04,39.755,0.3333,0.3333,0.3333,0.3333,0.3333,0.3333,0.3333,0.3333,0.3333,0.3333,0.3333,0.3333,0.3333,0.3333,0.3333,0.3333,0.3333,0.3333,,,,,,,,,,,,,,,,,,,39.24,0.0,0.515,0.515,508.951,95.694,609.267
97,2026-05-14T16:36:16.090863+00:00,gaming,ISL,22.515,26.064,22.515,0.5,0.5,27.617,37.862,0.5782,0.4218,0.2159,0.5762,2,0.3333,0.3333,0.3333,1.731,0.365,0.10309,0.14379,1,0.3333,0.3333,0.3333,0.882,0.3324,0.03821,0.07719,2,0.3333,0.3333,0.3333,4.322,0.4444,0.33217,0.26156,6.935,34.551,0.3333,0.3333,0.3333,0.3333,0.3333,0.3333,0.3333,0.3333,0.3333,0.3333,0.3333,0.3333,0.3333,0.3333,0.3333,0.3333,0.3333,0.3333,,,,,,,,,,,,,,,,,,,29.12,0.0,5.431,5.431,508.951,101.126,614.698
98,2026-05-14T16:36:22.137509+00:00,gaming,ISL,29.066,26.075,29.066,0.5,0.5,34.205,37.81,0.525,0.475,0.2216,0.5739,1,0.3333,0.3333,0.3333,0.51,0.361,-0.01898,-0.03623,1,0.3333,0.3333,0.3333,0.587,0.3386,0.00871,0.01813,2,0.3333,0.3333,0.3333,1.693,0.4444,0.06935,0.06054,2.791,36.995,0.3333,0.3333,0.3333,0.3333,0.3333,0.3333,0.3333,0.3333,0.3333,0.3333,0.3333,0.3333,0.3333,0.3333,0.3333,0.3333,0.3333,0.3333,,,,,,,,,,,,,,,,,,,35.684,0.0,1.311,1.311,508.951,102.437,616.009
99,2026-05-14T16:36:28.108916+00:00,gaming,GND,15.645,25.287,25.287,0.5,0.5,20.827,36.957,0.6396,0.3604,0.2281,0.5716,2,0.3333,0.3333,0.3333,1.206,0.2438,0.09555,0.18981,1,0.3333,0.3333,0.3333,0.363,0.2025,0.02127,0.0718,2,0.3333,0.3333,0.3333,0.463,0.1469,0.02626,0.06903,2.031,38.988,0.3333,0.3333,0.3333,0.3333,0.3333,0.3333,0.3333,0.3333,0.3333,0.3333,0.3333,0.3333,0.3333,0.3333,0.3333,0.3333,0.3333,0.3333,,,,,,,,,,,,,,,,,,,22.282,16.13,1.528,16.706,525.081,103.965,632.715
100,2026-05-14T16:36:34.122507+00:00,gaming,GND,20.648,25.534,25.534,0.5,0.5,25.88,37.137,0.5893,0.4107,0.2354,0.5691,2,0.3333,0.3333,0.3333,0.158,0.2464,-0.00925,-0.02044,2,0.3333,0.3333,0.3333,0.184,0.2218,0.0034,0.0083,0,0.3333,0.3333,0.3333,0.053,0.0229,-0.0147,-0.2973,0.395,37.531,0.3333,0.3333,0.3333,0.3333,0.3333,0.3333,0.3333,0.3333,0.3333,0.3333,0.3333,0.3333,0.3333,0.3333,0.3333,0.3333,0.3333,0.3333,,,,,,,,,,,,,,,,,,,27.31,11.257,0.0,10.222,536.337,103.965,642.936
101,2026-05-14T16:36:40.127801+00:00,gaming,GND,30.847,29.111,29.111,0.5,0.5,36.135,40.645,0.5294,0.4706,0.2435,0.5665,1,0.3333,0.3333,0.3333,0.172,0.2121,-0.00783,-0.02426,0,0.3333,0.3333,0.3333,0.163,0.1821,0.0013,0.00725,2,0.3333,0.3333,0.3333,0.446,0.1469,0.02461,0.06485,0.781,41.426,0.3333,0.3333,0.3333,0.3333,0.3333,0.3333,0.3333,0.3333,0.3333,0.3333,0.3333,0.3333,0.3333,0.3333,0.3333,0.3333,0.3333,0.3333,,,,,,,,,,,,,,,,,,,37.539,4.51,0.277,3.887,540.847,104.242,646.823
102,2026-05-14T16:36:46.138057+00:00,gaming,GND,15.246,25.226,25.226,0.5,0.5,20.597,36.69,0.6405,0.3595,0.2524,0.5638,1,0.3333,0.3333,0.3333,0.328,0.21,0.00782,0.02368,2,0.3333,0.3333,0.3333,0.411,0.2268,0.02612,0.06202,0,0.3333,0.3333,0.3333,0.017,0.0229,-0.01833,-0.38672,0.756,37.446,0.3333,0.3333,0.3333,0.3333,0.3333,0.3333,0.3333,0.3333,0.3333,0.3333,0.3333,0.3333,0.3333,0.3333,0.3333,0.3333,0.3333,0.3333,,,,,,,,,,,,,,,,,,,21.977,16.093,0.253,15.469,556.94,104.495,662.292
103,2026-05-14T16:36:52.142459+00:00,gaming,GND,16.93,26.47,26.47,0.5,0.5,22.35,37.862,0.6288,0.3712,0.2621,0.5611,2,0.3333,0.3333,0.3333,0.213,0.2533,-0.00371,-0.00815,2,0.3333,0.3333,0.3333,0.556,0.2291,0.04063,0.0949,2,0.3333,0.3333,0.3333,0.464,0.1469,0.02639,0.06938,1.233,39.095,0.3333,0.3333,0.3333,0.3333,0.3333,0.3333,0.3333,0.3333,0.3333,0.3333,0.3333,0.3333,0.3333,0.3333,0.3333,0.3333,0.3333,0.3333,,,,,,,,,,,,,,,,,,,23.707,15.511,0.729,15.388,572.452,105.224,677.68
104,2026-05-14T16:36:58.154980+00:00,gaming,ISL,17.338,25.343,17.338,0.5,0.5,22.835,36.661,0.6162,0.3838,0.2724,0.5582,0,0.3333,0.3333,0.3333,0.744,0.1936,0.00444,0.0116,1,0.3333,0.3333,0.3333,1.482,0.36,0.09817,0.18744,1,0.3333,0.3333,0.3333,0.319,0.237,-0.0681,-0.12207,2.545,25.38,0.3333,0.3333,0.3333,0.3333,0.3333,0.3333,0.3333,0.3333,0.3333,0.3333,0.3333,0.3333,0.3333,0.3333,0.3333,0.3333,0.3333,0.3333,,,,,,,,,,,,,,,,,,,24.17,0.0,1.21,1.21,572.452,106.434,678.89
105,2026-05-14T16:37:04.161441+00:00,instagram,GND,12.091,21.55,21.55,0.5,0.5,17.674,32.794,0.6498,0.3502,0.2835,0.5553,0,0.3333,0.3333,0.3333,0.201,0.3482,-0.00492,-0.02175,0,0.3333,0.3333,0.3333,0.159,0.2956,0.00086,0.00483,2,0.3333,0.3333,0.3333,0.707,0.3265,0.05071,0.14435,1.067,33.86,0.3333,0.3333,0.3333,0.3333,0.3333,0.3333,0.3333,0.3333,0.3333,0.3333,0.3333,0.3333,0.3333,0.3333,0.3333,0.3333,0.3333,0.3333,,,,,,,,,,,,,,,,,,,21.906,15.12,0.383,11.954,587.572,106.817,690.843
106,2026-05-14T16:37:10.171706+00:00,instagram,ISL,18.454,25.328,18.454,0.5,0.5,24.129,36.495,0.602,0.398,0.2952,0.5523,1,0.3333,0.3333,0.3333,1.967,0.7021,0.12674,0.2132,0,0.3333,0.3333,0.3333,0.634,0.4362,0.01341,0.03555,2,0.0,0.0,1.0,2.627,0.6667,0.16266,0.21832,5.228,29.358,0.3333,0.3333,0.3333,0.3333,0.3333,0.3333,0.0,0.0,1.0,0.3333,0.3333,0.3333,0.3333,0.3333,0.3333,0.0,0.0,1.0,,,,,,,,,,,,,,,,,,,28.328,0.0,1.029,1.029,587.572,107.846,691.873
107,2026-05-14T16:37:16.178140+00:00,instagram,GND,22.046,32.964,32.964,0.5,0.5,27.822,44.054,0.6129,0.3871,0.3075,0.5491,0,0.3333,0.3333,0.3333,0.262,0.3468,0.00122,0.00531,0,0.3333,0.3333,0.3333,0.202,0.2975,0.00519,0.02867,0,0.3333,0.3333,0.3333,0.442,0.1857,0.02424,0.12269,0.907,44.96,0.3333,0.3333,0.3333,0.3333,0.3333,0.3333,0.3333,0.3333,0.3333,0.3333,0.3333,0.3333,0.3333,0.3333,0.3333,0.3333,0.3333,0.3333,,,,,,,,,,,,,,,,,,,31.992,16.231,0.223,12.968,603.803,108.069,704.841
108,2026-05-14T16:37:22.188154+00:00,instagram,GND,23.644,28.764,28.764,0.5,0.5,29.531,39.775,0.5739,0.4261,0.3205,0.5459,0,0.3333,0.3333,0.3333,0.194,0.3456,-0.00565,-0.02501,2,0.3333,0.3333,0.3333,0.623,0.4833,0.04725,0.10954,2,0.3333,0.3333,0.3333,0.361,0.3265,0.01611,0.04817,1.177,40.952,0.3333,0.3333,0.3333,0.3333,0.3333,0.3333,0.3333,0.3333,0.3333,0.3333,0.3333,0.3333,0.3333,0.3333,0.3333,0.3333,0.3333,0.3333,,,,,,,,,,,,,,,,,,,33.677,10.244,0.494,7.276,614.047,108.563,712.117
109,2026-05-14T16:37:28.189456+00:00,instagram,GND,32.58,36.396,36.396,0.5,0.5,38.586,47.328,0.5509,0.4491,0.334,0.5426,2,0.3333,0.3333,0.3333,0.599,0.536,0.03492,0.07361,0,0.3333,0.3333,0.3333,0.198,0.2985,0.00476,0.02633,0,0.3333,0.3333,0.3333,0.176,0.1857,-0.00238,-0.01292,0.973,48.301,0.3333,0.3333,0.3333,0.3333,0.3333,0.3333,0.3333,0.3333,0.3333,0.3333,0.3333,0.3333,0.3333,0.3333,0.3333,0.3333,0.3333,0.3333,,,,,,,,,,,,,,,,,,,42.713,8.742,0.29,5.588,622.79,108.853,717.704
110,2026-05-14T16:37:34.191012+00:00,instagram,ISL,19.033,29.132,19.033,0.5,0.5,25.168,39.984,0.6137,0.3863,0.348,0.5392,2,0.3333,0.3333,0.3333,4.537,0.7961,0.38367,0.45457,1,0.3333,0.3333,0.3333,1.155,0.6348,0.06548,0.12883,2,0.0,0.0,1.0,4.174,0.6667,0.31738,0.38939,9.865,35.034,0.3333,0.3333,0.3333,0.3333,0.3333,0.3333,0.0,0.0,1.0,0.3333,0.3333,0.3333,0.3333,0.3333,0.3333,0.0,0.0,1.0,,,,,,,,,,,,,,,,,,,29.283,0.0,5.751,5.751,622.79,114.604,723.455
111,2026-05-14T16:37:40.211175+00:00,instagram,GND,28.599,25.743,25.743,0.5,0.5,34.873,36.514,0.5115,0.4885,0.3625,0.5358,2,0.3333,0.3333,0.3333,0.362,0.537,0.01116,0.02412,1,0.3333,0.3333,0.3333,0.265,0.35,0.01154,0.0396,0,0.3333,0.3333,0.3333,0.22,0.1857,0.00198,0.01061,0.847,37.36,0.3333,0.3333,0.3333,0.3333,0.3333,0.3333,0.3333,0.3333,0.3333,0.3333,0.3333,0.3333,0.3333,0.3333,0.3333,0.3333,0.3333,0.3333,,,,,,,,,,,,,,,,,,,37.196,1.64,0.164,0.164,624.43,114.768,723.62
112,2026-05-14T16:37:46.225908+00:00,instagram,GND,35.161,22.361,22.361,0.5,0.5,41.586,33.05,0.4428,0.5572,0.3775,0.5322,0,0.3333,0.3333,0.3333,0.206,0.3383,-0.00442,-0.01951,0,0.3333,0.3333,0.3333,0.26,0.2981,0.01101,0.05982,1,0.3333,0.3333,0.3333,0.586,0.2619,0.03865,0.13763,1.052,34.102,0.3333,0.3333,0.3333,0.3333,0.3333,0.3333,0.3333,0.3333,0.3333,0.3333,0.3333,0.3333,0.3333,0.3333,0.3333,0.3333,0.3333,0.3333,,,,,,,,,,,,,,,,,,,33.732,0.0,0.37,0.37,624.43,115.138,723.99
113,2026-05-14T16:37:52.228673+00:00,instagram,ISL,32.075,36.564,32.075,0.5,0.5,38.663,47.172,0.5496,0.4504,0.3928,0.5286,0,0.3333,0.3333,0.3333,1.822,0.3919,0.11217,0.25808,2,0.3333,0.3333,0.3333,2.644,0.732,0.21439,0.30288,2,0.0,0.0,1.0,2.246,0.6667,0.12464,0.1714,6.712,45.375,0.3333,0.3333,0.3333,0.3333,0.3333,0.3333,0.0,0.0,1.0,0.3333,0.3333,0.3333,0.3333,0.3333,0.3333,0.0,0.0,1.0,,,,,,,,,,,,,,,,,,,42.77,0.0,2.605,2.605,624.43,117.743,726.595
114,2026-05-14T16:37:58.234529+00:00,instagram,GND,43.697,35.459,35.459,0.5,0.5,50.459,45.983,0.4768,0.5232,0.4085,0.5249,1,0.3333,0.3333,0.3333,0.424,0.3765,0.01744,0.05204,2,0.3333,0.3333,0.3333,0.73,0.4881,0.05799,0.13286,0,0.3333,0.3333,0.3333,0.239,0.1857,0.00394,0.02099,1.394,47.377,0.3333,0.3333,0.3333,0.3333,0.3333,0.3333,0.3333,0.3333,0.3333,0.3333,0.3333,0.3333,0.3333,0.3333,0.3333,0.3333,0.3333,0.3333,,,,,,,,,,,,,,,,,,,46.664,0.0,0.713,0.713,624.43,118.456,727.308
115,2026-05-14T16:38:04.239942+00:00,instagram,ISL,23.3,30.217,23.3,0.5,0.5,30.251,40.659,0.5734,0.4266,0.4246,0.5211,2,0.3333,0.3333,0.3333,5.196,0.7859,0.4496,0.51545,1,0.3333,0.3333,0.3333,1.288,0.6037,0.07883,0.15318,2,0.0,0.0,1.0,2.113,0.6667,0.11132,0.15442,8.597,38.848,0.3333,0.3333,0.3333,0.3333,0.3333,0.3333,0.0,0.0,1.0,0.3333,0.3333,0.3333,0.3333,0.3333,0.3333,0.0,0.0,1.0,,,,,,,,,,,,,,,,,,,34.381,0.0,4.467,4.467,624.43,122.923,731.775
116,2026-05-14T16:38:10.251551+00:00,instagram,ISL,24.692,25.28,24.692,0.5,0.5,31.846,35.638,0.5281,0.4719,0.4409,0.5173,1,0.3333,0.3333,0.3333,1.425,0.6399,0.07246,0.12739,2,0.3333,0.3333,0.3333,2.786,0.7244,0.22863,0.32008,2,0.0,0.0,1.0,2.674,0.6667,0.16739,0.22401,6.885,38.731,0.3333,0.3333,0.3333,0.3333,0.3333,0.3333,0.0,0.0,1.0,0.3333,0.3333,0.3333,0.3333,0.3333,0.3333,0.0,0.0,1.0,,,,,,,,,,,,,,,,,,,35.996,0.0,2.735,2.735,624.43,125.659,734.511
117,2026-05-14T16:38:16.257471+00:00,instagram,GND,11.771,22.543,22.543,0.5,0.5,19.143,32.817,0.6316,0.3684,0.4574,0.5134,2,0.3333,0.3333,0.3333,0.573,0.5341,0.03227,0.06821,0,0.3333,0.3333,0.3333,0.107,0.2929,-0.00434,-0.02461,2,0.3333,0.3333,0.3333,1.014,0.3265,0.0814,0.22257,1.693,34.51,0.3333,0.3333,0.3333,0.3333,0.3333,0.3333,0.3333,0.3333,0.3333,0.3333,0.3333,0.3333,0.3333,0.3333,0.3333,0.3333,0.3333,0.3333,,,,,,,,,,,,,,,,,,,23.317,13.674,1.015,11.193,638.103,126.674,745.704
118,2026-05-14T16:38:22.267271+00:00,instagram,ISL,20.469,21.973,20.469,0.5,0.5,28.075,32.164,0.5339,0.4661,0.4742,0.5094,0,0.3333,0.3333,0.3333,2.118,0.4501,0.14179,0.31642,0,0.3333,0.3333,0.3333,0.328,0.3805,-0.01723,-0.04763,2,0.0,0.0,1.0,2.614,0.6667,0.16141,0.21682,5.06,33.135,0.3333,0.3333,0.3333,0.3333,0.3333,0.3333,0.0,0.0,1.0,0.3333,0.3333,0.3333,0.3333,0.3333,0.3333,0.0,0.0,1.0,,,,,,,,,,,,,,,,,,,32.279,0.0,0.856,0.856,638.103,127.53,746.56
119,2026-05-14T16:38:28.272836+00:00,instagram,ISL,14.566,26.82,14.566,0.5,0.5,22.425,36.927,0.6222,0.3778,0.491,0.5053,0,0.3333,0.3333,0.3333,0.524,0.4653,-0.01762,-0.04735,2,0.3333,0.3333,0.3333,2.807,0.7135,0.23073,0.32259,2,0.0,0.0,1.0,2.188,0.6667,0.11884,0.16403,5.519,27.944,0.3333,0.3333,0.3333,0.3333,0.3333,0.3333,0.0,0.0,1.0,0.3333,0.3333,0.3333,0.3333,0.3333,0.3333,0.0,0.0,1.0,,,,,,,,,,,,,,,,,,,26.663,0.0,1.281,1.281,638.103,128.811,747.841
120,2026-05-14T16:38:34.278076+00:00,browsing,GND,35.998,29.561,29.561,0.5,0.5,44.128,39.584,0.4729,0.5271,0.508,0.5011,1,0.3333,0.3333,0.3333,0.343,0.3284,0.00926,0.02798,1,0.3333,0.3333,0.3333,0.277,0.2999,0.01268,0.04341,2,0.3333,0.3333,0.3333,0.673,0.2755,0.04731,0.14371,1.293,40.877,0.3333,0.3333,0.3333,0.3333,0.3333,0.3333,0.3333,0.3333,0.3333,0.3333,0.3333,0.3333,0.3333,0.3333,0.3333,0.3333,0.3333,0.3333,,,,,,,,,,,,,,,,,,,40.171,0.0,0.705,0.705,638.103,129.517,748.547
121,2026-05-14T16:38:40.291363+00:00,browsing,GND,18.85,25.159,25.159,0.5,0.5,27.271,35.099,0.5627,0.4373,0.525,0.4969,0,0.3333,0.3333,0.3333,0.329,0.2862,0.00789,0.03394,0,0.3333,0.3333,0.3333,0.227,0.2669,0.00773,0.04239,1,0.3333,0.3333,0.3333,0.337,0.1821,0.01374,0.06569,0.894,35.992,0.3333,0.3333,0.3333,0.3333,0.3333,0.3333,0.3333,0.3333,0.3333,0.3333,0.3333,0.3333,0.3333,0.3333,0.3333,0.3333,0.3333,0.3333,,,,,,,,,,,,,,,,,,,29.942,7.827,0.308,6.05,645.931,129.824,754.597
122,2026-05-14T16:38:46.298259+00:00,browsing,ISL,22.391,33.82,22.391,0.5,0.5,31.125,43.676,0.5839,0.4161,0.542,0.4927,1,0.3333,0.3333,0.3333,1.04,0.5297,0.03401,0.06182,2,0.3333,0.3333,0.3333,2.167,0.6394,0.16666,0.24293,2,0.3333,0.3333,0.3333,1.295,0.5667,0.02948,0.04575,4.501,35.626,0.3333,0.3333,0.3333,0.3333,0.3333,0.3333,0.3333,0.3333,0.3333,0.3333,0.3333,0.3333,0.3333,0.3333,0.3333,0.3333,0.3333,0.3333,,,,,,,,,,,,,,,,,,,33.835,0.0,1.791,1.791,645.931,131.615,756.388
123,2026-05-14T16:38:52.308787+00:00,browsing,ISL,25.249,29.923,25.249,0.5,0.5,34.318,39.695,0.5363,0.4637,0.559,0.4883,1,0.3333,0.3333,0.3333,1.532,0.5211,0.08322,0.14499,2,0.3333,0.3333,0.3333,1.654,0.6344,0.11543,0.17433,0,0.3333,0.3333,0.3333,0.932,0.5,-0.00681,-0.01233,4.118,38.437,0.3333,0.3333,0.3333,0.3333,0.3333,0.3333,0.3333,0.3333,0.3333,0.3333,0.3333,0.3333,0.3333,0.3333,0.3333,0.3333,0.3333,0.3333,,,,,,,,,,,,,,,,,,,37.071,0.0,1.366,1.366,645.931,132.981,757.754
124,2026-05-14T16:38:58.318665+00:00,browsing,GND,42.992,36.143,36.143,0.5,0.5,52.423,45.832,0.4665,0.5335,0.5758,0.484,2,0.3333,0.3333,0.3333,0.467,0.4749,0.02174,0.04646,2,0.3333,0.3333,0.3333,0.71,0.4384,0.05604,0.12866,1,0.3333,0.3333,0.3333,0.308,0.1821,0.01082,0.05209,1.486,47.318,0.3333,0.3333,0.3333,0.3333,0.3333,0.3333,0.3333,0.3333,0.3333,0.3333,0.3333,0.3333,0.3333,0.3333,0.3333,0.3333,0.3333,0.3333,,,,,,,,,,,,,,,,,,,46.415,0.0,0.903,0.903,645.931,133.884,758.657
125,2026-05-14T16:39:04.334007+00:00,browsing,ISL,20.089,23.218,20.089,0.5,0.5,29.907,32.825,0.5233,0.4767,0.5926,0.4795,0,0.3333,0.3333,0.3333,2.841,0.5136,0.21409,0.44596,0,0.3333,0.3333,0.3333,0.844,0.4194,0.03444,0.0889,1,0.3333,0.3333,0.3333,2.314,0.6667,0.13138,0.16328,5.999,35.906,0.3333,0.3333,0.3333,0.3333,0.3333,0.3333,0.3333,0.3333,0.3333,0.3333,0.3333,0.3333,0.3333,0.3333,0.3333,0.3333,0.3333,0.3333,,,,,,,,,,,,,,,,,,,32.745,0.0,3.161,3.161,645.931,137.046,761.818
126,2026-05-14T16:39:10.339671+00:00,browsing,ISL,28.459,25.476,28.459,0.5,0.5,38.692,35.0,0.4749,0.5251,0.6091,0.475,1,0.3333,0.3333,0.3333,1.02,0.4992,0.03204,0.05835,2,0.3333,0.3333,0.3333,1.764,0.6186,0.12638,0.1894,1,0.3333,0.3333,0.3333,2.247,0.6667,0.12465,0.15553,5.031,43.723,0.3333,0.3333,0.3333,0.3333,0.3333,0.3333,0.3333,0.3333,0.3333,0.3333,0.3333,0.3333,0.3333,0.3333,0.3333,0.3333,0.3333,0.3333,,,,,,,,,,,,,,,,,,,35.581,3.692,2.152,8.142,649.623,139.197,769.96
127,2026-05-14T16:39:16.346993+00:00,browsing,GND,9.343,21.83,21.83,0.5,0.5,20.022,31.271,0.6097,0.3903,0.6254,0.4704,2,0.3333,0.3333,0.3333,0.841,0.4667,0.05914,0.12166,0,0.3333,0.3333,0.3333,0.068,0.2496,-0.00815,-0.04674,2,0.3333,0.3333,0.3333,0.225,0.2755,0.0025,0.00814,1.135,32.406,0.3333,0.3333,0.3333,0.3333,0.3333,0.3333,0.3333,0.3333,0.3333,0.3333,0.3333,0.3333,0.3333,0.3333,0.3333,0.3333,0.3333,0.3333,,,,,,,,,,,,,,,,,,,22.939,11.25,0.555,9.467,660.873,139.752,779.427
128,2026-05-14T16:39:22.358058+00:00,browsing,ISL,26.957,31.243,26.957,0.5,0.5,38.114,40.603,0.5158,0.4842,0.6415,0.4658,2,0.3333,0.3333,0.3333,2.214,0.6534,0.15144,0.2047,1,0.3333,0.3333,0.3333,1.086,0.4504,0.05857,0.116,2,0.3333,0.3333,0.3333,1.854,0.5667,0.08545,0.12726,5.155,43.269,0.3333,0.3333,0.3333,0.3333,0.3333,0.3333,0.3333,0.3333,0.3333,0.3333,0.3333,0.3333,0.3333,0.3333,0.3333,0.3333,0.3333,0.3333,,,,,,,,,,,,,,,,,,,41.066,0.0,2.202,2.202,660.873,141.955,781.63
129,2026-05-14T16:39:28.369399+00:00,browsing,GND,28.896,26.116,26.116,0.5,0.5,40.564,35.395,0.466,0.534,0.6572,0.4612,0,0.3333,0.3333,0.3333,0.125,0.2532,-0.01251,-0.0563,1,0.3333,0.3333,0.3333,0.285,0.2797,0.01349,0.04615,2,0.3333,0.3333,0.3333,0.253,0.2755,0.00526,0.01703,0.662,36.057,0.3333,0.3333,0.3333,0.3333,0.3333,0.3333,0.3333,0.3333,0.3333,0.3333,0.3333,0.3333,0.3333,0.3333,0.3333,0.3333,0.3333,0.3333,,,,,,,,,,,,,,,,,,,35.972,0.0,0.085,0.085,660.873,142.039,781.714
130,2026-05-14T16:39:34.381303+00:00,browsing,ISL,25.24,22.172,25.24,0.5,0.5,37.456,31.371,0.4558,0.5442,0.6725,0.4564,0,0.3333,0.3333,0.3333,0.716,0.5429,0.00161,0.00422,0,0.3333,0.3333,0.3333,0.445,0.4863,-0.00553,-0.01506,1,0.3333,0.3333,0.3333,2.407,0.6667,0.14071,0.17392,3.568,41.024,0.3333,0.3333,0.3333,0.3333,0.3333,0.3333,0.3333,0.3333,0.3333,0.3333,0.3333,0.3333,0.3333,0.3333,0.3333,0.3333,0.3333,0.3333,,,,,,,,,,,,,,,,,,,31.947,6.085,0.563,9.076,666.957,142.602,790.791
131,2026-05-14T16:39:40.393092+00:00,browsing,GND,39.509,29.3,29.3,0.5,0.5,52.309,38.419,0.4235,0.5765,0.6875,0.4517,2,0.3333,0.3333,0.3333,0.451,0.4546,0.02012,0.04308,2,0.3333,0.3333,0.3333,0.62,0.4218,0.04696,0.1089,1,0.3333,0.3333,0.3333,0.177,0.1821,-0.00228,-0.01133,1.248,39.667,0.3333,0.3333,0.3333,0.3333,0.3333,0.3333,0.3333,0.3333,0.3333,0.3333,0.3333,0.3333,0.3333,0.3333,0.3333,0.3333,0.3333,0.3333,,,,,,,,,,,,,,,,,,,38.995,0.0,0.672,0.672,666.957,143.275,791.463
132,2026-05-14T16:39:46.398787+00:00,browsing,ISL,25.465,22.957,25.465,0.5,0.5,38.888,31.997,0.4514,0.5486,0.702,0.4469,2,0.3333,0.3333,0.3333,1.997,0.6317,0.12967,0.17774,1,0.3333,0.3333,0.3333,0.51,0.4327,0.00096,0.00201,0,0.3333,0.3333,0.3333,1.446,0.5,0.04457,0.07716,3.952,42.84,0.3333,0.3333,0.3333,0.3333,0.3333,0.3333,0.3333,0.3333,0.3333,0.3333,0.3333,0.3333,0.3333,0.3333,0.3333,0.3333,0.3333,0.3333,,,,,,,,,,,,,,,,,,,32.572,6.891,0.921,10.268,673.848,144.195,801.731
133,2026-05-14T16:39:52.409815+00:00,browsing,GND,18.476,31.16,31.16,0.5,0.5,32.562,40.121,0.552,0.448,0.716,0.442,0,0.3333,0.3333,0.3333,0.19,0.2375,-0.006,-0.0266,2,0.3333,0.3333,0.3333,0.767,0.4161,0.06173,0.14084,2,0.3333,0.3333,0.3333,0.284,0.2755,0.00836,0.02693,1.241,41.362,0.3333,0.3333,0.3333,0.3333,0.3333,0.3333,0.3333,0.3333,0.3333,0.3333,0.3333,0.3333,0.3333,0.3333,0.3333,0.3333,0.3333,0.3333,,,,,,,,,,,,,,,,,,,35.595,7.56,0.667,5.767,681.408,144.863,807.498
134,2026-05-14T16:39:58.424287+00:00,browsing,ISL,18.708,29.597,18.708,0.5,0.5,33.497,38.48,0.5346,0.4654,0.7295,0.4371,2,0.3333,0.3333,0.3333,5.652,0.6222,0.49517,0.55546,0,0.3333,0.3333,0.3333,0.597,0.5232,0.00972,0.0259,1,0.3333,0.3333,0.3333,3.09,0.6667,0.20901,0.24855,9.339,42.836,0.3333,0.3333,0.3333,0.3333,0.3333,0.3333,0.3333,0.3333,0.3333,0.3333,0.3333,0.3333,0.3333,0.3333,0.3333,0.3333,0.3333,0.3333,,,,,,,,,,,,,,,,,,,36.525,0.0,6.311,6.311,681.408,151.173,813.809
135,2026-05-14T16:40:04.437419+00:00,browsing,GND,29.497,26.509,26.509,0.5,0.5,45.029,35.315,0.4395,0.5605,0.7425,0.4322,2,0.3333,0.3333,0.3333,1.25,0.4421,0.09997,0.19777,0,0.3333,0.3333,0.3333,0.099,0.2207,-0.00513,-0.02913,2,0.3333,0.3333,0.3333,0.858,0.2755,0.06582,0.19474,2.207,37.521,0.3333,0.3333,0.3333,0.3333,0.3333,0.3333,0.3333,0.3333,0.3333,0.3333,0.3333,0.3333,0.3333,0.3333,0.3333,0.3333,0.3333,0.3333,,,,,,,,,,,,,,,,,,,35.887,0.0,1.635,1.635,681.408,152.808,815.444
136,2026-05-14T16:40:10.448459+00:00,browsing,ISL,18.991,28.292,18.991,0.5,0.5,35.305,37.022,0.5119,0.4881,0.7548,0.4273,1,0.3333,0.3333,0.3333,1.401,0.4887,0.07012,0.12352,0,0.3333,0.3333,0.3333,1.519,0.5318,0.1019,0.24305,0,0.3333,0.3333,0.3333,1.308,0.5,0.03079,0.05394,4.228,39.533,0.3333,0.3333,0.3333,0.3333,0.3333,0.3333,0.3333,0.3333,0.3333,0.3333,0.3333,0.3333,0.3333,0.3333,0.3333,0.3333,0.3333,0.3333,,,,,,,,,,,,,,,,,,,37.593,0.0,1.229,1.94,681.408,154.038,817.384
137,2026-05-14T16:40:16.461589+00:00,browsing,GND,21.564,25.183,25.183,0.5,0.5,38.696,33.838,0.4665,0.5335,0.7665,0.4223,1,0.3333,0.3333,0.3333,0.372,0.2972,0.01217,0.0366,0,0.3333,0.3333,0.3333,0.094,0.2132,-0.00563,-0.03205,1,0.3333,0.3333,0.3333,0.128,0.1821,-0.00716,-0.03604,0.594,34.431,0.3333,0.3333,0.3333,0.3333,0.3333,0.3333,0.3333,0.3333,0.3333,0.3333,0.3333,0.3333,0.3333,0.3333,0.3333,0.3333,0.3333,0.3333,,,,,,,,,,,,,,,,,,,34.408,0.0,0.024,0.024,681.408,154.062,817.407
138,2026-05-14T16:40:22.463121+00:00,browsing,GND,12.12,26.235,26.235,0.5,0.5,30.104,34.815,0.5363,0.4637,0.7776,0.4172,1,0.3333,0.3333,0.3333,0.282,0.2963,0.00321,0.00978,1,0.3333,0.3333,0.3333,0.475,0.2647,0.03247,0.10764,0,0.3333,0.3333,0.3333,0.099,0.1029,-0.01015,-0.09296,0.855,35.67,0.3333,0.3333,0.3333,0.3333,0.3333,0.3333,0.3333,0.3333,0.3333,0.3333,0.3333,0.3333,0.3333,0.3333,0.3333,0.3333,0.3333,0.3333,,,,,,,,,,,,,,,,,,,33.051,4.711,0.286,2.619,686.119,154.348,820.027
139,2026-05-14T16:40:28.476991+00:00,browsing,GND,18.811,31.243,31.243,0.5,0.5,37.672,39.749,0.5134,0.4866,0.7879,0.4122,1,0.3333,0.3333,0.3333,0.394,0.2956,0.01442,0.04322,0,0.3333,0.3333,0.3333,0.138,0.2058,-0.00118,-0.00661,2,0.3333,0.3333,0.3333,0.532,0.2755,0.03318,0.1029,1.064,40.813,0.3333,0.3333,0.3333,0.3333,0.3333,0.3333,0.3333,0.3333,0.3333,0.3333,0.3333,0.3333,0.3333,0.3333,0.3333,0.3333,0.3333,0.3333,,,,,,,,,,,,,,,,,,,40.317,2.076,0.496,0.496,688.195,154.844,820.523
140,2026-05-14T16:40:34.483148+00:00,browsing,ISL,17.294,29.634,17.294,0.5,0.5,37.053,38.067,0.5067,0.4933,0.7976,0.4071,0,0.3333,0.3333,0.3333,0.995,0.4429,0.02953,0.07465,2,0.3333,0.3333,0.3333,1.335,0.5542,0.0835,0.12908,2,0.3333,0.3333,0.3333,1.755,0.5667,0.0755,0.11324,4.085,41.139,0.3333,0.3333,0.3333,0.3333,0.3333,0.3333,0.3333,0.3333,0.3333,0.3333,0.3333,0.3333,0.3333,0.3333,0.3333,0.3333,0.3333,0.3333,,,,,,,,,,,,,,,,,,,38.634,0.0,1.205,2.504,688.195,156.049,823.027
141,2026-05-14T16:40:40.498163+00:00,browsing,GND,30.908,28.917,28.917,0.5,0.5,51.575,37.278,0.4195,0.5805,0.8065,0.402,1,0.3333,0.3333,0.3333,0.422,0.2945,0.01723,0.05143,2,0.3333,0.3333,0.3333,0.351,0.3929,0.02012,0.04811,1,0.3333,0.3333,0.3333,0.257,0.1821,0.00567,0.02762,1.03,38.309,0.3333,0.3333,0.3333,0.3333,0.3333,0.3333,0.3333,0.3333,0.3333,0.3333,0.3333,0.3333,0.3333,0.3333,0.3333,0.3333,0.3333,0.3333,,,,,,,,,,,,,,,,,,,37.845,0.0,0.463,0.463,688.195,156.512,823.49
142,2026-05-14T16:40:46.500687+00:00,browsing,GND,11.641,21.27,21.27,0.5,0.5,33.213,29.56,0.4709,0.5291,0.8146,0.3968,0,0.3333,0.3333,0.3333,0.346,0.2118,0.00963,0.04126,2,0.3333,0.3333,0.3333,0.449,0.3902,0.02987,0.07062,0,0.3333,0.3333,0.3333,0.157,0.1029,-0.00433,-0.03864,0.952,30.511,0.3333,0.3333,0.3333,0.3333,0.3333,0.3333,0.3333,0.3333,0.3333,0.3333,0.3333,0.3333,0.3333,0.3333,0.3333,0.3333,0.3333,0.3333,,,,,,,,,,,,,,,,,,,30.126,0.0,0.385,0.385,688.195,156.898,823.876
143,2026-05-14T16:40:52.591982+00:00,browsing,GND,17.794,25.582,25.582,0.5,0.5,40.253,33.802,0.4564,0.5436,0.8219,0.3917,0,0.3333,0.3333,0.3333,0.087,0.2101,-0.01627,-0.07383,1,0.3333,0.3333,0.3333,0.424,0.2596,0.02743,0.09167,1,0.3333,0.3333,0.3333,0.071,0.1821,-0.01285,-0.06561,0.583,34.385,0.3333,0.3333,0.3333,0.3333,0.3333,0.3333,0.3333,0.3333,0.3333,0.3333,0.3333,0.3333,0.3333,0.3333,0.3333,0.3333,0.3333,0.3333,,,,,,,,,,,,,,,,,,,34.367,0.0,0.017,0.017,688.195,156.915,823.893
144,2026-05-14T16:40:58.596256+00:00,browsing,ISL,22.535,33.581,22.535,0.5,0.5,45.846,41.731,0.4765,0.5235,0.8284,0.3865,1,0.3333,0.3333,0.3333,1.93,0.5481,0.12305,0.20759,0,0.3333,0.3333,0.3333,0.803,0.4921,0.03035,0.07875,1,0.3333,0.3333,0.3333,2.079,0.6667,0.10787,0.13595,4.813,50.659,0.3333,0.3333,0.3333,0.3333,0.3333,0.3333,0.3333,0.3333,0.3333,0.3333,0.3333,0.3333,0.3333,0.3333,0.3333,0.3333,0.3333,0.3333,,,,,,,,,,,,,,,,,,,42.296,4.116,2.082,8.363,692.31,158.997,832.256
145,2026-05-14T16:41:04.600025+00:00,browsing,ISL,16.519,29.218,16.519,0.5,0.5,40.629,37.3,0.4786,0.5214,0.8341,0.3813,1,0.3333,0.3333,0.3333,1.01,0.5577,0.03103,0.05656,1,0.3333,0.3333,0.3333,0.696,0.4711,0.01956,0.04025,2,0.3333,0.3333,0.3333,1.911,0.5667,0.09108,0.1351,3.617,44.245,0.3333,0.3333,0.3333,0.3333,0.3333,0.3333,0.3333,0.3333,0.3333,0.3333,0.3333,0.3333,0.3333,0.3333,0.3333,0.3333,0.3333,0.3333,,,,,,,,,,,,,,,,,,,37.864,3.329,0.922,6.381,695.64,159.919,838.637
146,2026-05-14T16:41:10.619266+00:00,browsing,ISL,41.771,29.093,41.771,0.5,0.5,66.604,37.107,0.3578,0.6422,0.8389,0.3761,1,0.3333,0.3333,0.3333,1.914,0.5674,0.12138,0.20506,2,0.3333,0.3333,0.3333,4.93,0.5455,0.44298,0.54865,2,0.3333,0.3333,0.3333,1.544,0.5667,0.05443,0.08292,8.388,74.992,0.3333,0.3333,0.3333,0.3333,0.3333,0.3333,0.3333,0.3333,0.3333,0.3333,0.3333,0.3333,0.3333,0.3333,0.3333,0.3333,0.3333,0.3333,,,,,,,,,,,,,,,,,,,37.672,29.497,5.727,37.32,725.136,165.646,875.958
147,2026-05-14T16:41:16.628029+00:00,browsing,ISL,37.722,30.338,37.722,0.5,0.5,63.183,38.286,0.3773,0.6227,0.8429,0.3709,1,0.3333,0.3333,0.3333,1.43,0.5771,0.07303,0.12833,0,0.3333,0.3333,0.3333,0.406,0.4541,-0.00939,-0.02569,2,0.3333,0.3333,0.3333,1.744,0.5667,0.07436,0.11164,3.58,66.763,0.3333,0.3333,0.3333,0.3333,0.3333,0.3333,0.3333,0.3333,0.3333,0.3333,0.3333,0.3333,0.3333,0.3333,0.3333,0.3333,0.3333,0.3333,,,,,,,,,,,,,,,,,,,38.85,24.897,0.95,27.913,750.033,166.596,903.871
148,2026-05-14T16:41:22.629657+00:00,browsing,ISL,31.03,29.086,31.03,0.5,0.5,57.003,36.969,0.3934,0.6066,0.846,0.3657,2,0.3333,0.3333,0.3333,1.915,0.6052,0.12155,0.16748,1,0.3333,0.3333,0.3333,2.178,0.4959,0.16785,0.30194,2,0.3333,0.3333,0.3333,1.548,0.5667,0.05482,0.08348,5.642,62.646,0.3333,0.3333,0.3333,0.3333,0.3333,0.3333,0.3333,0.3333,0.3333,0.3333,0.3333,0.3333,0.3333,0.3333,0.3333,0.3333,0.3333,0.3333,,,,,,,,,,,,,,,,,,,37.532,20.035,3.039,25.113,770.068,169.635,928.984
149,2026-05-14T16:41:28.642838+00:00,browsing,ISL,11.942,22.198,11.942,0.5,0.5,38.296,30.017,0.4394,0.5606,0.8482,0.3605,2,0.3333,0.3333,0.3333,1.757,0.6078,0.1057,0.14717,2,0.3333,0.3333,0.3333,1.233,0.5472,0.07327,0.11413,2,0.3333,0.3333,0.3333,1.297,0.5667,0.02969,0.04607,4.287,42.582,0.3333,0.3333,0.3333,0.3333,0.3333,0.3333,0.3333,0.3333,0.3333,0.3333,0.3333,0.3333,0.3333,0.3333,0.3333,0.3333,0.3333,0.3333,,,,,,,,,,,,,,,,,,,30.58,8.279,1.707,12.002,778.347,171.342,940.987
150,2026-05-14T16:41:34.647780+00:00,browsing,GND,21.856,26.008,26.008,0.5,0.5,48.444,33.763,0.4107,0.5893,0.8496,0.3552,2,0.3333,0.3333,0.3333,0.377,0.4119,0.01273,0.02746,1,0.3333,0.3333,0.3333,0.255,0.2572,0.01046,0.03595,1,0.3333,0.3333,0.3333,0.429,0.1821,0.02287,0.10705,1.061,34.823,0.3333,0.3333,0.3333,0.3333,0.3333,0.3333,0.3333,0.3333,0.3333,0.3333,0.3333,0.3333,0.3333,0.3333,0.3333,0.3333,0.3333,0.3333,,,,,,,,,,,,,,,,,,,34.326,0.0,0.497,0.497,778.347,171.84,941.484
151,2026-05-14T16:41:40.659555+00:00,browsing,ISL,29.139,25.934,29.139,0.5,0.5,55.806,33.627,0.376,0.624,0.85,0.35,0,0.3333,0.3333,0.3333,0.538,0.3441,-0.01622,-0.04352,2,0.3333,0.3333,0.3333,1.744,0.5505,0.12442,0.18673,0,0.3333,0.3333,0.3333,0.731,0.5,-0.02693,-0.04969,3.013,58.819,0.3333,0.3333,0.3333,0.3333,0.3333,0.3333,0.3333,0.3333,0.3333,0.3333,0.3333,0.3333,0.3333,0.3333,0.3333,0.3333,0.3333,0.3333,,,,,,,,,,,,,,,,,,,34.19,22.179,0.469,24.629,800.527,172.309,966.113
152,2026-05-14T16:41:46.664054+00:00,browsing,GND,17.562,21.506,21.506,0.5,0.5,44.149,29.137,0.3976,0.6024,0.8496,0.3448,0,0.3333,0.3333,0.3333,0.298,0.2075,0.00484,0.02093,2,0.3333,0.3333,0.3333,0.368,0.3703,0.02181,0.05205,2,0.3333,0.3333,0.3333,0.513,0.2755,0.0313,0.09735,1.179,30.317,0.3333,0.3333,0.3333,0.3333,0.3333,0.3333,0.3333,0.3333,0.3333,0.3333,0.3333,0.3333,0.3333,0.3333,0.3333,0.3333,0.3333,0.3333,,,,,,,,,,,,,,,,,,,29.7,0.0,0.616,0.616,800.527,172.925,966.73
153,2026-05-14T16:41:52.675753+00:00,browsing,GND,41.882,29.552,29.552,0.5,0.5,68.236,37.123,0.3523,0.6477,0.8482,0.3395,1,0.3333,0.3333,0.3333,0.517,0.2993,0.02673,0.07868,1,0.3333,0.3333,0.3333,0.406,0.2579,0.02562,0.08588,0,0.3333,0.3333,0.3333,0.057,0.1029,-0.01427,-0.13334,0.981,38.103,0.3333,0.3333,0.3333,0.3333,0.3333,0.3333,0.3333,0.3333,0.3333,0.3333,0.3333,0.3333,0.3333,0.3333,0.3333,0.3333,0.3333,0.3333,,,,,,,,,,,,,,,,,,,37.686,0.0,0.418,0.418,800.527,173.343,967.148
154,2026-05-14T16:41:58.681501+00:00,browsing,ISL,23.986,30.37,23.986,0.5,0.5,49.96,37.881,0.4312,0.5688,0.846,0.3343,0,0.3333,0.3333,0.3333,1.186,0.362,0.04862,0.12011,0,0.3333,0.3333,0.3333,0.426,0.3639,-0.00738,-0.02012,2,0.3333,0.3333,0.3333,1.35,0.5667,0.03502,0.05413,2.963,52.923,0.3333,0.3333,0.3333,0.3333,0.3333,0.3333,0.3333,0.3333,0.3333,0.3333,0.3333,0.3333,0.3333,0.3333,0.3333,0.3333,0.3333,0.3333,,,,,,,,,,,,,,,,,,,38.444,12.079,0.439,14.479,812.606,173.782,981.626
155,2026-05-14T16:42:04.721790+00:00,browsing,GND,11.846,21.848,21.848,0.5,0.5,37.307,29.301,0.4399,0.5601,0.8429,0.3291,1,0.3333,0.3333,0.3333,0.306,0.3019,0.00562,0.01705,0,0.3333,0.3333,0.3333,0.117,0.1637,-0.00331,-0.01869,1,0.3333,0.3333,0.3333,0.237,0.1821,0.00373,0.01827,0.66,29.961,0.3333,0.3333,0.3333,0.3333,0.3333,0.3333,0.3333,0.3333,0.3333,0.3333,0.3333,0.3333,0.3333,0.3333,0.3333,0.3333,0.3333,0.3333,,,,,,,,,,,,,,,,,,,29.864,0.0,0.097,0.097,812.606,173.879,981.724
156,2026-05-14T16:42:10.690006+00:00,browsing,GND,22.057,25.859,25.859,0.5,0.5,46.89,33.254,0.4149,0.5851,0.8389,0.3239,1,0.3333,0.3333,0.3333,0.242,0.3034,-0.00077,-0.00236,0,0.3333,0.3333,0.3333,0.184,0.1626,0.00335,0.0186,2,0.3333,0.3333,0.3333,0.237,0.2755,0.00369,0.012,0.663,33.917,0.3333,0.3333,0.3333,0.3333,0.3333,0.3333,0.3333,0.3333,0.3333,0.3333,0.3333,0.3333,0.3333,0.3333,0.3333,0.3333,0.3333,0.3333,,,,,,,,,,,,,,,,,,,33.817,0.0,0.099,0.099,812.606,173.979,981.823
157,2026-05-14T16:42:16.695566+00:00,browsing,ISL,28.729,25.856,28.729,0.5,0.5,52.839,33.194,0.3858,0.6142,0.8341,0.3187,0,0.3333,0.3333,0.3333,1.293,0.3975,0.05929,0.14466,1,0.3333,0.3333,0.3333,0.898,0.5704,0.0398,0.08027,2,0.3333,0.3333,0.3333,2.356,0.5667,0.13555,0.19498,4.546,57.385,0.3333,0.3333,0.3333,0.3333,0.3333,0.3333,0.3333,0.3333,0.3333,0.3333,0.3333,0.3333,0.3333,0.3333,0.3333,0.3333,0.3333,0.3333,,,,,,,,,,,,,,,,,,,33.758,19.645,2.001,23.627,832.251,175.98,1005.45
158,2026-05-14T16:42:22.702997+00:00,browsing,ISL,26.735,22.207,26.735,0.5,0.5,50.047,29.49,0.3708,0.6292,0.8284,0.3135,1,0.3333,0.3333,0.3333,1.677,0.6488,0.09767,0.16816,2,0.3333,0.3333,0.3333,1.848,0.5745,0.13479,0.20081,1,0.3333,0.3333,0.3333,4.924,0.6667,0.39236,0.42506,8.448,58.495,0.3333,0.3333,0.3333,0.3333,0.3333,0.3333,0.3333,0.3333,0.3333,0.3333,0.3333,0.3333,0.3333,0.3333,0.3333,0.3333,0.3333,0.3333,,,,,,,,,,,,,,,,,,,30.054,20.556,5.887,28.44,852.807,181.866,1033.891
159,2026-05-14T16:42:28.712667+00:00,browsing,ISL,21.553,30.357,21.553,0.5,0.5,44.013,37.585,0.4606,0.5394,0.8219,0.3083,1,0.3333,0.3333,0.3333,1.5,0.6499,0.08,0.13976,0,0.3333,0.3333,0.3333,1.513,0.3339,0.10131,0.24181,2,0.3333,0.3333,0.3333,4.729,0.5667,0.37286,0.46511,7.742,51.754,0.3333,0.3333,0.3333,0.3333,0.3333,0.3333,0.3333,0.3333,0.3333,0.3333,0.3333,0.3333,0.3333,0.3333,0.3333,0.3333,0.3333,0.3333,,,,,,,,,,,,,,,,,,,38.149,6.427,5.16,13.605,859.234,187.026,1047.496
160,2026-05-14T16:42:34.721405+00:00,browsing,ISL,41.992,29.397,41.992,0.5,0.5,63.564,36.572,0.3652,0.6348,0.8146,0.3032,2,0.3333,0.3333,0.3333,2.987,0.6592,0.22873,0.29498,2,0.3333,0.3333,0.3333,2.059,0.584,0.15586,0.22886,2,0.3333,0.3333,0.3333,1.686,0.5667,0.06856,0.10336,6.732,70.296,0.3333,0.3333,0.3333,0.3333,0.3333,0.3333,0.3333,0.3333,0.3333,0.3333,0.3333,0.3333,0.3333,0.3333,0.3333,0.3333,0.3333,0.3333,,,,,,,,,,,,,,,,,,,37.137,26.992,4.125,33.159,886.226,191.151,1080.654
161,2026-05-14T16:42:40.728229+00:00,browsing,GND,44.228,30.54,30.54,0.5,0.5,64.896,37.663,0.3672,0.6328,0.8065,0.298,0,0.3333,0.3333,0.3333,0.258,0.2271,0.00081,0.00353,1,0.3333,0.3333,0.3333,0.226,0.2647,0.0076,0.02625,0,0.3333,0.3333,0.3333,0.223,0.1029,0.0023,0.01989,0.707,38.37,0.3333,0.3333,0.3333,0.3333,0.3333,0.3333,0.3333,0.3333,0.3333,0.3333,0.3333,0.3333,0.3333,0.3333,0.3333,0.3333,0.3333,0.3333,,,,,,,,,,,,,,,,,,,38.228,0.0,0.142,0.142,886.226,191.293,1080.796
162,2026-05-14T16:42:46.732529+00:00,browsing,ISL,34.136,38.78,34.136,0.5,0.5,53.895,45.851,0.4597,0.5403,0.7976,0.2929,2,0.3333,0.3333,0.3333,3.123,0.6708,0.24234,0.31007,1,0.3333,0.3333,0.3333,1.141,0.5944,0.06412,0.12632,0,0.3333,0.3333,0.3333,0.813,0.5,-0.01866,-0.03417,5.078,58.973,0.3333,0.3333,0.3333,0.3333,0.3333,0.3333,0.3333,0.3333,0.3333,0.3333,0.3333,0.3333,0.3333,0.3333,0.3333,0.3333,0.3333,0.3333,,,,,,,,,,,,,,,,,,,46.417,8.044,2.414,12.557,894.27,193.707,1093.353
163,2026-05-14T16:42:52.736456+00:00,browsing,GND,30.93,29.061,29.061,0.5,0.5,49.792,36.082,0.4202,0.5798,0.7879,0.2878,2,0.3333,0.3333,0.3333,1.29,0.4255,0.10399,0.20497,1,0.3333,0.3333,0.3333,0.681,0.2674,0.05309,0.17044,1,0.3333,0.3333,0.3333,0.162,0.1821,-0.00384,-0.01916,2.132,38.215,0.3333,0.3333,0.3333,0.3333,0.3333,0.3333,0.3333,0.3333,0.3333,0.3333,0.3333,0.3333,0.3333,0.3333,0.3333,0.3333,0.3333,0.3333,,,,,,,,,,,,,,,,,,,36.649,0.0,1.566,1.566,894.27,195.273,1094.919
164,2026-05-14T16:42:58.741053+00:00,browsing,ISL,12.577,21.859,12.577,0.5,0.5,30.561,28.83,0.4854,0.5146,0.7776,0.2828,2,0.3333,0.3333,0.3333,2.665,0.6823,0.19653,0.25835,2,0.3333,0.3333,0.3333,1.594,0.605,0.10943,0.16599,1,0.3333,0.3333,0.3333,2.68,0.6667,0.16799,0.2044,6.94,37.5,0.3333,0.3333,0.3333,0.3333,0.3333,0.3333,0.3333,0.3333,0.3333,0.3333,0.3333,0.3333,0.3333,0.3333,0.3333,0.3333,0.3333,0.3333,,,,,,,,,,,,,,,,,,,29.397,1.731,4.209,8.103,896.001,199.481,1103.022
165,2026-05-14T16:43:04.749007+00:00,browsing,GND,21.986,25.197,25.197,0.5,0.5,39.118,32.119,0.4509,0.5491,0.7665,0.2777,1,0.3333,0.3333,0.3333,0.189,0.3212,-0.0061,-0.01886,0,0.3333,0.3333,0.3333,0.102,0.1637,-0.00482,-0.02738,1,0.3333,0.3333,0.3333,0.21,0.1821,0.00096,0.00471,0.5,32.62,0.3333,0.3333,0.3333,0.3333,0.3333,0.3333,0.3333,0.3333,0.3333,0.3333,0.3333,0.3333,0.3333,0.3333,0.3333,0.3333,0.3333,0.3333,,,,,,,,,,,,,,,,,,,32.687,0.0,0.0,0.0,896.001,199.481,1103.022
166,2026-05-14T16:43:10.751894+00:00,browsing,ISL,28.661,25.783,28.661,0.5,0.5,44.975,32.658,0.4207,0.5793,0.7548,0.2727,0,0.3333,0.3333,0.3333,0.991,0.5238,0.02905,0.0735,1,0.3333,0.3333,0.3333,1.949,0.5981,0.14485,0.26558,2,0.3333,0.3333,0.3333,1.296,0.5667,0.02958,0.04592,4.235,49.21,0.3333,0.3333,0.3333,0.3333,0.3333,0.3333,0.3333,0.3333,0.3333,0.3333,0.3333,0.3333,0.3333,0.3333,0.3333,0.3333,0.3333,0.3333,,,,,,,,,,,,,,,,,,,33.227,12.316,1.437,15.983,908.317,200.918,1119.005
167,2026-05-14T16:43:16.753109+00:00,browsing,ISL,24.266,30.636,24.266,0.5,0.5,39.798,37.465,0.4849,0.5151,0.7425,0.2678,0,0.3333,0.3333,0.3333,1.011,0.532,0.03107,0.07841,1,0.3333,0.3333,0.3333,1.456,0.5967,0.0956,0.18295,1,0.3333,0.3333,0.3333,2.05,0.6667,0.10496,0.13251,4.516,44.315,0.3333,0.3333,0.3333,0.3333,0.3333,0.3333,0.3333,0.3333,0.3333,0.3333,0.3333,0.3333,0.3333,0.3333,0.3333,0.3333,0.3333,0.3333,,,,,,,,,,,,,,,,,,,38.034,2.333,1.687,6.28,910.651,202.604,1125.285
168,2026-05-14T16:43:22.769382+00:00,browsing,GND,18.075,29.195,29.195,0.5,0.5,32.864,35.978,0.5226,0.4774,0.7295,0.2629,1,0.3333,0.3333,0.3333,0.327,0.3284,0.00768,0.02325,1,0.3333,0.3333,0.3333,0.367,0.2758,0.02168,0.07313,1,0.3333,0.3333,0.3333,0.322,0.1821,0.01216,0.05835,1.015,36.993,0.3333,0.3333,0.3333,0.3333,0.3333,0.3333,0.3333,0.3333,0.3333,0.3333,0.3333,0.3333,0.3333,0.3333,0.3333,0.3333,0.3333,0.3333,,,,,,,,,,,,,,,,,,,35.723,3.113,0.445,1.27,913.764,203.05,1126.555
169,2026-05-14T16:43:28.777828+00:00,browsing,GND,13.489,26.6,26.6,0.5,0.5,27.575,33.338,0.5473,0.4527,0.716,0.258,1,0.3333,0.3333,0.3333,0.317,0.3309,0.00672,0.02038,2,0.3333,0.3333,0.3333,0.228,0.3815,0.00783,0.01901,0,0.3333,0.3333,0.3333,0.112,0.1029,-0.00879,-0.08002,0.658,33.995,0.3333,0.3333,0.3333,0.3333,0.3333,0.3333,0.3333,0.3333,0.3333,0.3333,0.3333,0.3333,0.3333,0.3333,0.3333,0.3333,0.3333,0.3333,,,,,,,,,,,,,,,,,,,30.458,5.763,0.087,3.537,919.527,203.136,1130.093
170,2026-05-14T16:43:34.788724+00:00,browsing,GND,22.744,29.068,29.068,0.5,0.5,36.167,35.762,0.4972,0.5028,0.702,0.2531,0,0.3333,0.3333,0.3333,0.403,0.2615,0.01525,0.0646,1,0.3333,0.3333,0.3333,0.65,0.2797,0.05004,0.16138,1,0.3333,0.3333,0.3333,0.241,0.1821,0.00412,0.02016,1.294,37.057,0.3333,0.3333,0.3333,0.3333,0.3333,0.3333,0.3333,0.3333,0.3333,0.3333,0.3333,0.3333,0.3333,0.3333,0.3333,0.3333,0.3333,0.3333,,,,,,,,,,,,,,,,,,,36.334,0.0,0.722,0.722,919.527,203.859,1130.815
171,2026-05-14T16:43:40.798693+00:00,browsing,ISL,43.199,38.668,43.199,0.5,0.5,55.999,45.32,0.4473,0.5527,0.6875,0.2483,1,0.3333,0.3333,0.3333,1.477,0.5866,0.07766,0.13593,0,0.3333,0.3333,0.3333,1.102,0.4333,0.06024,0.15069,0,0.3333,0.3333,0.3333,1.048,0.5,0.00484,0.00868,3.627,59.627,0.3333,0.3333,0.3333,0.3333,0.3333,0.3333,0.3333,0.3333,0.3333,0.3333,0.3333,0.3333,0.3333,0.3333,0.3333,0.3333,0.3333,0.3333,,,,,,,,,,,,,,,,,,,45.892,10.68,0.707,13.734,930.207,204.566,1144.549
172,2026-05-14T16:43:46.803881+00:00,browsing,ISL,26.647,32.549,26.647,0.5,0.5,38.863,39.159,0.5019,0.4981,0.6725,0.2436,1,0.3333,0.3333,0.3333,1.538,0.5771,0.08381,0.14596,2,0.3333,0.3333,0.3333,2.825,0.6464,0.23247,0.32468,2,0.3333,0.3333,0.3333,1.339,0.5667,0.03391,0.05246,5.702,44.565,0.3333,0.3333,0.3333,0.3333,0.3333,0.3333,0.3333,0.3333,0.3333,0.3333,0.3333,0.3333,0.3333,0.3333,0.3333,0.3333,0.3333,0.3333,,,,,,,,,,,,,,,,,,,39.733,0.0,2.77,4.832,930.207,207.336,1149.382
173,2026-05-14T16:43:52.811355+00:00,browsing,ISL,12.034,21.574,12.034,0.5,0.5,23.703,28.143,0.5428,0.4572,0.6572,0.2388,1,0.3333,0.3333,0.3333,1.111,0.5674,0.04109,0.07423,2,0.3333,0.3333,0.3333,2.129,0.6508,0.16286,0.23801,0,0.3333,0.3333,0.3333,0.679,0.5,-0.03209,-0.05949,3.919,27.621,0.3333,0.3333,0.3333,0.3333,0.3333,0.3333,0.3333,0.3333,0.3333,0.3333,0.3333,0.3333,0.3333,0.3333,0.3333,0.3333,0.3333,0.3333,,,,,,,,,,,,,,,,,,,26.641,0.0,0.981,0.981,930.207,208.317,1150.362
174,2026-05-14T16:43:58.858595+00:00,browsing,ISL,21.547,25.111,21.547,0.5,0.5,32.703,31.64,0.4917,0.5083,0.6415,0.2342,2,0.3333,0.3333,0.3333,3.189,0.7248,0.24888,0.31723,1,0.3333,0.3333,0.3333,1.427,0.5635,0.09274,0.17794,0,0.3333,0.3333,0.3333,0.74,0.5,-0.02602,-0.04796,5.356,38.06,0.3333,0.3333,0.3333,0.3333,0.3333,0.3333,0.3333,0.3333,0.3333,0.3333,0.3333,0.3333,0.3333,0.3333,0.3333,0.3333,0.3333,0.3333,,,,,,,,,,,,,,,,,,,32.215,1.064,2.416,5.844,931.271,210.733,1156.207
175,2026-05-14T16:44:04.831772+00:00,browsing,ISL,12.267,26.054,12.267,0.5,0.5,22.946,32.544,0.5865,0.4135,0.6254,0.2296,0,0.3333,0.3333,0.3333,0.684,0.5136,-0.00163,-0.00428,0,0.3333,0.3333,0.3333,0.54,0.4863,0.00398,0.01068,1,0.3333,0.3333,0.3333,2.351,0.6667,0.13511,0.16754,3.575,26.521,0.3333,0.3333,0.3333,0.3333,0.3333,0.3333,0.3333,0.3333,0.3333,0.3333,0.3333,0.3333,0.3333,0.3333,0.3333,0.3333,0.3333,0.3333,,,,,,,,,,,,,,,,,,,25.885,0.0,0.636,0.636,931.271,211.369,1156.843
176,2026-05-14T16:44:10.848832+00:00,browsing,ISL,37.094,29.806,37.094,0.5,0.5,47.327,36.258,0.4338,0.5662,0.6091,0.225,1,0.3333,0.3333,0.3333,1.716,0.5387,0.10164,0.17443,1,0.3333,0.3333,0.3333,1.326,0.5481,0.08258,0.15991,1,0.3333,0.3333,0.3333,2.099,0.6667,0.10993,0.13837,5.141,52.469,0.3333,0.3333,0.3333,0.3333,0.3333,0.3333,0.3333,0.3333,0.3333,0.3333,0.3333,0.3333,0.3333,0.3333,0.3333,0.3333,0.3333,0.3333,,,,,,,,,,,,,,,,,,,36.836,11.069,2.208,15.633,942.34,213.577,1172.476
177,2026-05-14T16:44:16.858822+00:00,browsing,ISL,27.713,22.953,27.713,0.5,0.5,37.531,29.367,0.439,0.561,0.5926,0.2205,2,0.3333,0.3333,0.3333,3.978,0.7294,0.32776,0.39987,1,0.3333,0.3333,0.3333,1.227,0.5398,0.07271,0.1421,0,0.3333,0.3333,0.3333,0.806,0.5,-0.01937,-0.0355,6.011,43.542,0.3333,0.3333,0.3333,0.3333,0.3333,0.3333,0.3333,0.3333,0.3333,0.3333,0.3333,0.3333,0.3333,0.3333,0.3333,0.3333,0.3333,0.3333,,,,,,,,,,,,,,,,,,,29.945,8.164,3.086,13.596,950.504,216.663,1186.072
178,2026-05-14T16:44:22.885357+00:00,browsing,GND,40.622,26.736,26.736,0.5,0.5,50.053,33.114,0.3982,0.6018,0.5758,0.216,2,0.3333,0.3333,0.3333,0.423,0.4696,0.01734,0.03723,0,0.3333,0.3333,0.3333,0.227,0.1952,0.00772,0.04232,0,0.3333,0.3333,0.3333,0.142,0.1029,-0.0058,-0.05208,0.793,33.907,0.3333,0.3333,0.3333,0.3333,0.3333,0.3333,0.3333,0.3333,0.3333,0.3333,0.3333,0.3333,0.3333,0.3333,0.3333,0.3333,0.3333,0.3333,,,,,,,,,,,,,,,,,,,33.694,0.0,0.213,0.213,950.504,216.876,1186.285
179,2026-05-14T16:44:28.879582+00:00,browsing,GND,22.942,30.593,30.593,0.5,0.5,32.011,36.936,0.5357,0.4643,0.559,0.2117,0,0.3333,0.3333,0.3333,0.14,0.2975,-0.01104,-0.04951,0,0.3333,0.3333,0.3333,0.082,0.1986,-0.00677,-0.03865,1,0.3333,0.3333,0.3333,0.215,0.1821,0.00154,0.00758,0.437,37.373,0.3333,0.3333,0.3333,0.3333,0.3333,0.3333,0.3333,0.3333,0.3333,0.3333,0.3333,0.3333,0.3333,0.3333,0.3333,0.3333,0.3333,0.3333,,,,,,,,,,,,,,,,,,,34.912,4.924,0.0,2.461,955.428,216.876,1188.746
180,2026-05-14T16:44:35.072390+00:00,browsing,GND,31.954,25.698,25.698,0.5,0.5,40.688,32.006,0.4403,0.5597,0.542,0.2073,2,0.3333,0.3333,0.3333,0.474,0.4749,0.0224,0.04784,2,0.3333,0.3333,0.3333,1.299,0.4118,0.11493,0.24809,0,0.3333,0.3333,0.3333,0.073,0.1029,-0.01272,-0.118,1.846,33.852,0.3333,0.3333,0.3333,0.3333,0.3333,0.3333,0.3333,0.3333,0.3333,0.3333,0.3333,0.3333,0.3333,0.3333,0.3333,0.3333,0.3333,0.3333,,,,,,,,,,,,,,,,,,,32.587,0.0,1.265,1.265,955.428,218.14,1190.01
181,2026-05-14T16:44:40.924426+00:00,browsing,GND,37.174,30.615,30.615,0.5,0.5,45.595,36.889,0.4472,0.5528,0.525,0.2031,0,0.3333,0.3333,0.3333,0.393,0.3043,0.01434,0.06086,2,0.3333,0.3333,0.3333,0.523,0.4147,0.03729,0.08742,1,0.3333,0.3333,0.3333,0.401,0.1821,0.02011,0.09472,1.317,38.206,0.3333,0.3333,0.3333,0.3333,0.3333,0.3333,0.3333,0.3333,0.3333,0.3333,0.3333,0.3333,0.3333,0.3333,0.3333,0.3333,0.3333,0.3333,,,,,,,,,,,,,,,,,,,37.471,0.0,0.735,0.735,955.428,218.875,1190.745
182,2026-05-14T16:44:46.936692+00:00,browsing,GND,30.531,28.913,28.913,0.5,0.5,38.661,35.154,0.4762,0.5238,0.508,0.1989,1,0.3333,0.3333,0.3333,0.289,0.3642,0.0039,0.01187,1,0.3333,0.3333,0.3333,0.973,0.3071,0.0823,0.25313,0,0.3333,0.3333,0.3333,0.183,0.1029,-0.00167,-0.0147,1.445,36.599,0.3333,0.3333,0.3333,0.3333,0.3333,0.3333,0.3333,0.3333,0.3333,0.3333,0.3333,0.3333,0.3333,0.3333,0.3333,0.3333,0.3333,0.3333,,,,,,,,,,,,,,,,,,,35.737,0.0,0.862,0.862,955.428,219.737,1191.607
183,2026-05-14T16:44:52.935461+00:00,browsing,ISL,19.119,21.565,19.119,0.5,0.5,26.978,27.774,0.5073,0.4927,0.491,0.1947,2,0.3333,0.3333,0.3333,3.138,0.7248,0.2438,0.31167,1,0.3333,0.3333,0.3333,0.648,0.4873,0.01482,0.03066,0,0.3333,0.3333,0.3333,0.988,0.5,-0.00119,-0.00215,4.774,31.752,0.3333,0.3333,0.3333,0.3333,0.3333,0.3333,0.3333,0.3333,0.3333,0.3333,0.3333,0.3333,0.3333,0.3333,0.3333,0.3333,0.3333,0.3333,,,,,,,,,,,,,,,,,,,28.359,0.0,1.949,3.393,955.428,221.685,1195.0
184,2026-05-14T16:44:58.947935+00:00,browsing,GND,13.077,26.41,26.41,0.5,0.5,20.684,32.587,0.6117,0.3883,0.4742,0.1906,0,0.3333,0.3333,0.3333,0.14,0.313,-0.01097,-0.0492,1,0.3333,0.3333,0.3333,0.359,0.312,0.02086,0.07046,1,0.3333,0.3333,0.3333,0.161,0.1821,-0.0039,-0.01947,0.66,33.247,0.3333,0.3333,0.3333,0.3333,0.3333,0.3333,0.3333,0.3333,0.3333,0.3333,0.3333,0.3333,0.3333,0.3333,0.3333,0.3333,0.3333,0.3333,,,,,,,,,,,,,,,,,,,23.486,11.903,0.074,9.761,967.331,221.76,1204.761
185,2026-05-14T16:45:04.948181+00:00,browsing,GND,31.112,29.324,29.324,0.5,0.5,38.484,35.471,0.4796,0.5204,0.4574,0.1866,2,0.3333,0.3333,0.3333,0.772,0.4855,0.05221,0.10814,1,0.3333,0.3333,0.3333,0.136,0.3144,-0.00139,-0.00488,1,0.3333,0.3333,0.3333,0.34,0.1821,0.01395,0.06667,1.248,36.719,0.3333,0.3333,0.3333,0.3333,0.3333,0.3333,0.3333,0.3333,0.3333,0.3333,0.3333,0.3333,0.3333,0.3333,0.3333,0.3333,0.3333,0.3333,,,,,,,,,,,,,,,,,,,36.058,0.0,0.661,0.661,967.331,222.421,1205.423
186,2026-05-14T16:45:10.959131+00:00,browsing,ISL,29.975,22.362,29.975,0.5,0.5,37.129,28.48,0.4341,0.5659,0.4409,0.1827,2,0.3333,0.3333,0.3333,4.521,0.7158,0.38211,0.45309,2,0.3333,0.3333,0.3333,5.974,0.6743,0.54738,0.64352,1,0.3333,0.3333,0.3333,2.304,0.6667,0.13038,0.16213,12.799,49.928,0.3333,0.3333,0.3333,0.3333,0.3333,0.3333,0.3333,0.3333,0.3333,0.3333,0.3333,0.3333,0.3333,0.3333,0.3333,0.3333,0.3333,0.3333,,,,,,,,,,,,,,,,,,,29.067,8.649,10.045,20.861,975.98,232.467,1226.283
187,2026-05-14T16:45:16.967880+00:00,browsing,ISL,37.413,29.929,37.413,0.5,0.5,44.364,36.018,0.4481,0.5519,0.4246,0.1789,0,0.3333,0.3333,0.3333,0.358,0.3538,-0.0342,-0.09405,1,0.3333,0.3333,0.3333,2.413,0.4567,0.1913,0.33771,0,0.3333,0.3333,0.3333,0.792,0.5,-0.02084,-0.03823,3.563,47.927,0.3333,0.3333,0.3333,0.3333,0.3333,0.3333,0.3333,0.3333,0.3333,0.3333,0.3333,0.3333,0.3333,0.3333,0.3333,0.3333,0.3333,0.3333,,,,,,,,,,,,,,,,,,,36.606,8.346,0.834,11.321,984.326,233.301,1237.604
188,2026-05-14T16:45:22.973387+00:00,browsing,ISL,12.124,26.331,12.124,0.5,0.5,18.886,32.392,0.6317,0.3683,0.4085,0.1751,1,0.3333,0.3333,0.3333,1.778,0.4806,0.1078,0.18409,0,0.3333,0.3333,0.3333,1.692,0.5028,0.11923,0.27908,1,0.3333,0.3333,0.3333,2.58,0.6667,0.15801,0.19335,6.05,24.937,0.3333,0.3333,0.3333,0.3333,0.3333,0.3333,0.3333,0.3333,0.3333,0.3333,0.3333,0.3333,0.3333,0.3333,0.3333,0.3333,0.3333,0.3333,,,,,,,,,,,,,,,,,,,21.59,0.0,3.347,3.347,984.326,236.648,1240.95
189,2026-05-14T16:45:28.976447+00:00,browsing,ISL,32.252,31.443,32.252,0.5,0.5,38.84,37.477,0.4911,0.5089,0.3928,0.1714,0,0.3333,0.3333,0.3333,0.282,0.3441,-0.04181,-0.11626,2,0.3333,0.3333,0.3333,1.93,0.6693,0.14302,0.21187,1,0.3333,0.3333,0.3333,2.086,0.6667,0.10862,0.13683,4.298,43.138,0.3333,0.3333,0.3333,0.3333,0.3333,0.3333,0.3333,0.3333,0.3333,0.3333,0.3333,0.3333,0.3333,0.3333,0.3333,0.3333,0.3333,0.3333,,,,,,,,,,,,,,,,,,,38.066,1.363,1.618,5.072,985.689,238.266,1246.023
190,2026-05-14T16:45:34.982306+00:00,browsing,ISL,17.922,21.847,17.922,0.5,0.5,24.347,27.855,0.5336,0.4664,0.3775,0.1678,0,0.3333,0.3333,0.3333,0.927,0.3429,0.02266,0.05777,0,0.3333,0.3333,0.3333,0.823,0.4803,0.03226,0.08351,2,0.3333,0.3333,0.3333,1.468,0.5667,0.0468,0.0717,3.217,27.565,0.3333,0.3333,0.3333,0.3333,0.3333,0.3333,0.3333,0.3333,0.3333,0.3333,0.3333,0.3333,0.3333,0.3333,0.3333,0.3333,0.3333,0.3333,,,,,,,,,,,,,,,,,,,27.006,0.0,0.558,0.558,985.689,238.824,1246.581
191,2026-05-14T16:45:41.131684+00:00,browsing,GND,30.89,29.059,29.059,0.5,0.5,37.165,35.042,0.4853,0.5147,0.3625,0.1642,1,0.3333,0.3333,0.3333,0.208,0.3827,-0.00419,-0.01292,1,0.3333,0.3333,0.3333,0.21,0.3282,0.006,0.02079,2,0.3333,0.3333,0.3333,0.361,0.2755,0.0161,0.05127,0.779,35.821,0.3333,0.3333,0.3333,0.3333,0.3333,0.3333,0.3333,0.3333,0.3333,0.3333,0.3333,0.3333,0.3333,0.3333,0.3333,0.3333,0.3333,0.3333,,,,,,,,,,,,,,,,,,,35.632,0.0,0.189,0.189,985.689,239.013,1246.77
192,2026-05-14T16:45:47.140007+00:00,browsing,GND,18.613,21.748,21.748,0.5,0.5,24.748,27.706,0.5282,0.4718,0.348,0.1608,0,0.3333,0.3333,0.3333,0.186,0.3254,-0.00636,-0.02823,2,0.3333,0.3333,0.3333,1.141,0.441,0.09913,0.21742,1,0.3333,0.3333,0.3333,0.096,0.1821,-0.01044,-0.05298,1.423,29.129,0.3333,0.3333,0.3333,0.3333,0.3333,0.3333,0.3333,0.3333,0.3333,0.3333,0.3333,0.3333,0.3333,0.3333,0.3333,0.3333,0.3333,0.3333,,,,,,,,,,,,,,,,,,,27.371,2.958,0.832,1.758,988.647,239.845,1248.527
193,2026-05-14T16:45:53.147499+00:00,browsing,GND,16.106,29.114,29.114,0.5,0.5,22.111,35.048,0.6132,0.3868,0.334,0.1574,1,0.3333,0.3333,0.3333,0.299,0.3858,0.00488,0.01485,0,0.3333,0.3333,0.3333,0.126,0.2496,-0.00237,-0.01337,0,0.3333,0.3333,0.3333,0.15,0.1029,-0.005,-0.04473,0.575,35.623,0.3333,0.3333,0.3333,0.3333,0.3333,0.3333,0.3333,0.3333,0.3333,0.3333,0.3333,0.3333,0.3333,0.3333,0.3333,0.3333,0.3333,0.3333,,,,,,,,,,,,,,,,,,,24.721,12.937,0.0,10.902,1001.583,239.845,1259.429
194,2026-05-14T16:45:59.155303+00:00,browsing,GND,31.206,29.383,29.383,0.5,0.5,37.092,35.293,0.4876,0.5124,0.3205,0.1541,2,0.3333,0.3333,0.3333,0.624,0.4909,0.03741,0.07866,1,0.3333,0.3333,0.3333,0.168,0.3345,0.00185,0.00645,0,0.3333,0.3333,0.3333,0.189,0.1029,-0.00111,-0.00979,0.981,36.275,0.3333,0.3333,0.3333,0.3333,0.3333,0.3333,0.3333,0.3333,0.3333,0.3333,0.3333,0.3333,0.3333,0.3333,0.3333,0.3333,0.3333,0.3333,,,,,,,,,,,,,,,,,,,35.885,0.0,0.39,0.39,1001.583,240.235,1259.818
195,2026-05-14T16:46:05.181682+00:00,mixed,ISL,12.567,22.182,12.567,0.5,0.5,18.343,28.07,0.6048,0.3952,0.3075,0.1509,2,0.3333,0.3333,0.3333,1.775,0.6042,0.10753,0.14953,0,0.3333,0.3333,0.3333,0.607,0.3755,0.0107,0.02848,1,0.3333,0.3333,0.3333,2.118,0.6519,0.1118,0.12857,4.5,22.843,0.3333,0.3333,0.3333,0.3333,0.3333,0.3333,0.3333,0.3333,0.3333,0.3333,0.3333,0.3333,0.3333,0.3333,0.3333,0.3333,0.3333,0.3333,,,,,,,,,,,,,,,,,,,21.208,0.0,1.635,1.635,1001.583,241.87,1261.454
196,2026-05-14T16:46:11.182317+00:00,mixed,ISL,20.15,25.295,20.15,0.5,0.5,25.825,31.162,0.5468,0.4532,0.2952,0.1477,2,0.3333,0.3333,0.3333,4.552,0.5983,0.38515,0.45598,2,0.3333,0.3333,0.3333,1.821,0.5835,0.13209,0.19717,2,0.3333,0.3333,0.3333,1.806,0.5333,0.08056,0.11408,8.178,34.003,0.3333,0.3333,0.3333,0.3333,0.3333,0.3333,0.3333,0.3333,0.3333,0.3333,0.3333,0.3333,0.3333,0.3333,0.3333,0.3333,0.3333,0.3333,,,,,,,,,,,,,,,,,,,28.689,0.0,5.314,5.314,1001.583,247.184,1266.768
197,2026-05-14T16:46:17.182932+00:00,mixed,ISL,17.298,29.493,17.298,0.5,0.5,22.88,35.339,0.607,0.393,0.2835,0.1447,1,0.3333,0.3333,0.3333,1.493,0.4764,0.0793,0.13863,1,0.3333,0.3333,0.3333,0.573,0.3828,0.00733,0.01527,2,0.3333,0.3333,0.3333,1.919,0.5333,0.09195,0.1292,3.986,26.866,0.3333,0.3333,0.3333,0.3333,0.3333,0.3333,0.3333,0.3333,0.3333,0.3333,0.3333,0.3333,0.3333,0.3333,0.3333,0.3333,0.3333,0.3333,,,,,,,,,,,,,,,,,,,25.746,0.0,1.12,1.12,1001.583,248.304,1267.888
198,2026-05-14T16:46:23.189721+00:00,mixed,GND,16.108,28.86,28.86,0.5,0.5,21.606,34.686,0.6162,0.3838,0.2724,0.1418,1,0.3333,0.3333,0.3333,0.367,0.3588,0.01174,0.03533,2,0.3333,0.3333,0.3333,0.804,0.4062,0.06544,0.1487,2,0.3333,0.3333,0.3333,0.222,0.2449,0.00223,0.00725,1.394,36.08,0.3333,0.3333,0.3333,0.3333,0.3333,0.3333,0.3333,0.3333,0.3333,0.3333,0.3333,0.3333,0.3333,0.3333,0.3333,0.3333,0.3333,0.3333,,,,,,,,,,,,,,,,,,,24.478,13.08,0.801,11.602,1014.663,249.105,1279.49
199,2026-05-14T16:46:29.192871+00:00,mixed,GND,23.947,29.075,29.075,0.5,0.5,29.368,34.881,0.5429,0.4571,0.2621,0.1389,1,0.3333,0.3333,0.3333,0.815,0.3595,0.05653,0.15968,0,0.3333,0.3333,0.3333,0.029,0.2491,-0.01207,-0.06998,0,0.3333,0.3333,0.3333,0.099,0.0971,-0.0101,-0.08682,0.944,35.825,0.3333,0.3333,0.3333,0.3333,0.3333,0.3333,0.3333,0.3333,0.3333,0.3333,0.3333,0.3333,0.3333,0.3333,0.3333,0.3333,0.3333,0.3333,,,,,,,,,,,,,,,,,,,32.249,5.514,0.35,3.576,1020.177,249.455,1283.066
200,2026-05-14T16:46:35.202617+00:00,mixed,GND,43.793,38.609,38.609,0.5,0.5,49.144,44.397,0.4746,0.5254,0.2524,0.1362,0,0.3333,0.3333,0.3333,0.251,0.2968,0.00013,0.00059,0,0.3333,0.3333,0.3333,0.127,0.2514,-0.00228,-0.01283,0,0.3333,0.3333,0.3333,0.092,0.0971,-0.01078,-0.093,0.471,44.868,0.3333,0.3333,0.3333,0.3333,0.3333,0.3333,0.3333,0.3333,0.3333,0.3333,0.3333,0.3333,0.3333,0.3333,0.3333,0.3333,0.3333,0.3333,,,,,,,,,,,,,,,,,,,44.991,0.0,0.0,0.0,1020.177,249.455,1283.066
201,2026-05-14T16:46:41.204268+00:00,mixed,ISL,11.814,21.625,11.814,0.5,0.5,17.102,27.395,0.6157,0.3843,0.2435,0.1335,2,0.3333,0.3333,0.3333,1.7,0.5701,0.10003,0.1398,2,0.3333,0.3333,0.3333,1.478,0.558,0.09784,0.14966,1,0.3333,0.3333,0.3333,2.316,0.6519,0.13158,0.1497,5.495,22.597,0.3333,0.3333,0.3333,0.3333,0.3333,0.3333,0.3333,0.3333,0.3333,0.3333,0.3333,0.3333,0.3333,0.3333,0.3333,0.3333,0.3333,0.3333,,,,,,,,,,,,,,,,,,,20.012,0.0,2.585,2.585,1020.177,252.04,1285.651
202,2026-05-14T16:46:47.210774+00:00,mixed,ISL,21.769,25.555,21.769,0.5,0.5,27.0,31.308,0.5369,0.4631,0.2354,0.1309,2,0.3333,0.3333,0.3333,1.719,0.565,0.10191,0.14225,2,0.3333,0.3333,0.3333,4.226,0.5526,0.3726,0.4792,2,0.3333,0.3333,0.3333,1.205,0.5333,0.02046,0.03022,7.15,34.15,0.3333,0.3333,0.3333,0.3333,0.3333,0.3333,0.3333,0.3333,0.3333,0.3333,0.3333,0.3333,0.3333,0.3333,0.3333,0.3333,0.3333,0.3333,,,,,,,,,,,,,,,,,,,29.927,0.0,4.222,4.222,1020.177,256.263,1289.873
203,2026-05-14T16:46:53.217482+00:00,mixed,GND,10.999,25.868,25.868,0.5,0.5,16.181,31.605,0.6614,0.3386,0.2281,0.1284,1,0.3333,0.3333,0.3333,0.67,0.3612,0.04195,0.12087,2,0.3333,0.3333,0.3333,0.22,0.4054,0.00701,0.01703,2,0.3333,0.3333,0.3333,0.073,0.2449,-0.01266,-0.04224,0.963,32.568,0.3333,0.3333,0.3333,0.3333,0.3333,0.3333,0.3333,0.3333,0.3333,0.3333,0.3333,0.3333,0.3333,0.3333,0.3333,0.3333,0.3333,0.3333,,,,,,,,,,,,,,,,,,,19.128,15.424,0.37,13.44,1035.601,256.633,1303.313
204,2026-05-14T16:46:59.219877+00:00,mixed,ISL,31.78,31.619,31.78,0.5,0.5,36.919,37.34,0.5028,0.4972,0.2216,0.1261,1,0.3333,0.3333,0.3333,0.973,0.5425,0.02731,0.04994,1,0.3333,0.3333,0.3333,0.514,0.416,0.00141,0.00295,1,0.3333,0.3333,0.3333,2.38,0.6519,0.13803,0.15649,3.867,40.786,0.3333,0.3333,0.3333,0.3333,0.3333,0.3333,0.3333,0.3333,0.3333,0.3333,0.3333,0.3333,0.3333,0.3333,0.3333,0.3333,0.3333,0.3333,,,,,,,,,,,,,,,,,,,37.932,0.0,0.9,2.854,1035.601,257.533,1306.167
205,2026-05-14T16:47:05.238170+00:00,mixed,ISL,19.218,24.825,19.218,0.5,0.5,24.319,30.531,0.5566,0.4434,0.2159,0.1238,1,0.3333,0.3333,0.3333,1.011,0.5513,0.03106,0.0566,0,0.3333,0.3333,0.3333,0.483,0.2964,-0.00165,-0.00447,2,0.3333,0.3333,0.3333,1.214,0.5333,0.02139,0.03158,2.708,27.027,0.3333,0.3333,0.3333,0.3333,0.3333,0.3333,0.3333,0.3333,0.3333,0.3333,0.3333,0.3333,0.3333,0.3333,0.3333,0.3333,0.3333,0.3333,,,,,,,,,,,,,,,,,,,27.308,0.0,0.0,0.0,1035.601,257.533,1306.167
206,2026-05-14T16:47:11.248542+00:00,mixed,GND,30.837,29.127,29.127,0.5,0.5,35.908,34.819,0.4923,0.5077,0.2111,0.1216,2,0.3333,0.3333,0.3333,0.385,0.4239,0.01347,0.02903,2,0.3333,0.3333,0.3333,0.715,0.4023,0.05648,0.12961,0,0.3333,0.3333,0.3333,0.117,0.0971,-0.00827,-0.07051,1.217,36.036,0.3333,0.3333,0.3333,0.3333,0.3333,0.3333,0.3333,0.3333,0.3333,0.3333,0.3333,0.3333,0.3333,0.3333,0.3333,0.3333,0.3333,0.3333,,,,,,,,,,,,,,,,,,,35.411,0.0,0.625,0.625,1035.601,258.158,1306.792
207,2026-05-14T16:47:17.261557+00:00,mixed,ISL,18.075,21.188,18.075,0.5,0.5,23.12,26.867,0.5375,0.4625,0.2071,0.1195,1,0.3333,0.3333,0.3333,1.307,0.5673,0.06067,0.10774,0,0.3333,0.3333,0.3333,0.998,0.3012,0.04983,0.12623,1,0.3333,0.3333,0.3333,3.721,0.6519,0.27211,0.28815,6.026,29.146,0.3333,0.3333,0.3333,0.3333,0.3333,0.3333,0.3333,0.3333,0.3333,0.3333,0.3333,0.3333,0.3333,0.3333,0.3333,0.3333,0.3333,0.3333,,,,,,,,,,,,,,,,,,,26.148,0.0,2.998,2.998,1035.601,261.156,1309.791
208,2026-05-14T16:47:23.261658+00:00,mixed,ISL,19.462,29.087,19.462,0.5,0.5,24.487,34.753,0.5866,0.4134,0.204,0.1176,1,0.3333,0.3333,0.3333,1.179,0.5743,0.04788,0.08596,2,0.3333,0.3333,0.3333,1.166,0.5209,0.0666,0.10426,0,0.3333,0.3333,0.3333,2.136,0.5333,0.11358,0.15732,4.481,28.967,0.3333,0.3333,0.3333,0.3333,0.3333,0.3333,0.3333,0.3333,0.3333,0.3333,0.3333,0.3333,0.3333,0.3333,0.3333,0.3333,0.3333,0.3333,,,,,,,,,,,,,,,,,,,27.531,0.0,1.436,1.436,1035.601,262.592,1311.226
209,2026-05-14T16:47:29.266996+00:00,mixed,GND,28.355,25.33,25.33,0.5,0.5,33.366,30.984,0.4815,0.5185,0.2018,0.1157,1,0.3333,0.3333,0.3333,0.911,0.3595,0.06608,0.18428,2,0.3333,0.3333,0.3333,0.713,0.3975,0.05632,0.12927,1,0.3333,0.3333,0.3333,0.324,0.1714,0.01237,0.0561,1.948,32.931,0.3333,0.3333,0.3333,0.3333,0.3333,0.3333,0.3333,0.3333,0.3333,0.3333,0.3333,0.3333,0.3333,0.3333,0.3333,0.3333,0.3333,0.3333,,,,,,,,,,,,,,,,,,,31.574,0.0,1.358,1.358,1035.601,263.95,1312.584
210,2026-05-14T16:47:35.269391+00:00,instagram,GND,25.352,21.294,21.294,0.5,0.5,30.355,26.937,0.4702,0.5298,0.2004,0.1139,1,0.3333,0.3333,0.3333,0.25,0.4241,4e-05,0.00011,2,0.3333,0.3333,0.3333,0.506,0.4772,0.03562,0.08368,2,0.3333,0.3333,0.3333,0.855,0.3265,0.06553,0.18289,1.612,28.549,0.3333,0.3333,0.3333,0.3333,0.3333,0.3333,0.3333,0.3333,0.3333,0.3333,0.3333,0.3333,0.3333,0.3333,0.3333,0.3333,0.3333,0.3333,,,,,,,,,,,,,,,,,,,27.614,0.0,0.935,0.935,1035.601,264.885,1313.519
211,2026-05-14T16:47:41.278936+00:00,instagram,GND,21.413,29.199,29.199,0.5,0.5,26.413,34.831,0.5687,0.4313,0.2,0.1122,2,0.3333,0.3333,0.3333,0.641,0.5003,0.0391,0.08207,0,0.3333,0.3333,0.3333,0.132,0.2985,-0.00176,-0.00989,0,0.3333,0.3333,0.3333,0.268,0.1857,0.00677,0.03582,1.041,35.872,0.3333,0.3333,0.3333,0.3333,0.3333,0.3333,0.3333,0.3333,0.3333,0.3333,0.3333,0.3333,0.3333,0.3333,0.3333,0.3333,0.3333,0.3333,,,,,,,,,,,,,,,,,,,30.931,8.418,0.365,4.941,1044.019,265.249,1318.46
212,2026-05-14T16:47:47.287081+00:00,instagram,GND,12.761,26.015,26.015,0.5,0.5,17.764,31.637,0.6404,0.3596,0.2004,0.1107,0,0.3333,0.3333,0.3333,0.152,0.3051,-0.00976,-0.04363,2,0.3333,0.3333,0.3333,0.699,0.4729,0.0549,0.1262,0,0.3333,0.3333,0.3333,0.096,0.1857,-0.01041,-0.05767,0.947,32.584,0.3333,0.3333,0.3333,0.3333,0.3333,0.3333,0.3333,0.3333,0.3333,0.3333,0.3333,0.3333,0.3333,0.3333,0.3333,0.3333,0.3333,0.3333,,,,,,,,,,,,,,,,,,,22.286,13.873,0.272,10.298,1057.892,265.521,1328.758
213,2026-05-14T16:47:53.287790+00:00,instagram,GND,16.707,29.243,29.243,0.5,0.5,21.718,34.856,0.6161,0.3839,0.2018,0.1092,1,0.3333,0.3333,0.3333,0.389,0.4211,0.01387,0.04159,1,0.3333,0.3333,0.3333,0.599,0.3856,0.04493,0.14605,1,0.3333,0.3333,0.3333,0.212,0.2619,0.00118,0.00451,1.2,36.055,0.3333,0.3333,0.3333,0.3333,0.3333,0.3333,0.3333,0.3333,0.3333,0.3333,0.3333,0.3333,0.3333,0.3333,0.3333,0.3333,0.3333,0.3333,,,,,,,,,,,,,,,,,,,26.24,13.138,0.525,9.815,1071.029,266.046,1338.573
214,2026-05-14T16:47:59.302345+00:00,instagram,ISL,18.232,29.06,18.232,0.5,0.5,23.257,34.665,0.5985,0.4015,0.204,0.1079,2,0.3333,0.3333,0.3333,3.748,0.6667,0.30477,0.37649,2,0.3333,0.3333,0.3333,1.541,0.6177,0.10408,0.15849,2,0.0,0.0,1.0,2.634,0.6667,0.16336,0.21917,7.922,31.179,0.3333,0.3333,0.3333,0.3333,0.3333,0.3333,0.0,0.0,1.0,0.3333,0.3333,0.3333,0.3333,0.3333,0.3333,0.0,0.0,1.0,,,,,,,,,,,,,,,,,,,27.776,0.0,3.403,3.403,1071.029,269.45,1341.976
215,2026-05-14T16:48:05.306643+00:00,instagram,GND,13.024,26.365,26.365,0.5,0.5,18.069,31.961,0.6388,0.3612,0.2071,0.1066,0,0.3333,0.3333,0.3333,0.191,0.2928,-0.00594,-0.02632,1,0.3333,0.3333,0.3333,1.692,0.3857,0.1542,0.43158,1,0.3333,0.3333,0.3333,0.365,0.2619,0.01648,0.06104,2.247,34.209,0.3333,0.3333,0.3333,0.3333,0.3333,0.3333,0.3333,0.3333,0.3333,0.3333,0.3333,0.3333,0.3333,0.3333,0.3333,0.3333,0.3333,0.3333,,,,,,,,,,,,,,,,,,,22.582,13.892,1.575,11.627,1084.922,271.024,1353.603
216,2026-05-14T16:48:11.317971+00:00,instagram,ISL,30.929,29.249,30.929,0.5,0.5,35.999,34.838,0.4918,0.5082,0.2111,0.1055,2,0.3333,0.3333,0.3333,2.793,0.6683,0.20934,0.27308,2,0.3333,0.3333,0.3333,1.549,0.6122,0.10494,0.15969,2,0.0,0.0,1.0,2.186,0.6667,0.11858,0.16371,6.529,42.527,0.3333,0.3333,0.3333,0.3333,0.3333,0.3333,0.0,0.0,1.0,0.3333,0.3333,0.3333,0.3333,0.3333,0.3333,0.0,0.0,1.0,,,,,,,,,,,,,,,,,,,35.51,1.16,2.023,7.017,1086.082,273.048,1360.62
217,2026-05-14T16:48:17.329148+00:00,instagram,GND,16.516,26.098,26.098,0.5,0.5,21.617,31.681,0.5944,0.4056,0.2159,0.1044,1,0.3333,0.3333,0.3333,0.826,0.4154,0.05758,0.16242,1,0.3333,0.3333,0.3333,0.219,0.3853,0.00692,0.02392,1,0.3333,0.3333,0.3333,0.276,0.2619,0.00762,0.02869,1.321,33.003,0.3333,0.3333,0.3333,0.3333,0.3333,0.3333,0.3333,0.3333,0.3333,0.3333,0.3333,0.3333,0.3333,0.3333,0.3333,0.3333,0.3333,0.3333,,,,,,,,,,,,,,,,,,,26.114,10.064,0.65,6.888,1096.146,273.698,1367.509
218,2026-05-14T16:48:23.336724+00:00,instagram,ISL,17.441,25.382,17.441,0.5,0.5,22.58,30.959,0.5783,0.4217,0.2216,0.1035,2,0.3333,0.3333,0.3333,2.909,0.6719,0.2209,0.28619,2,0.3333,0.3333,0.3333,1.807,0.6085,0.13075,0.19534,2,0.0,0.0,1.0,2.203,0.6667,0.12032,0.16593,6.92,29.499,0.3333,0.3333,0.3333,0.3333,0.3333,0.3333,0.0,0.0,1.0,0.3333,0.3333,0.3333,0.3333,0.3333,0.3333,0.0,0.0,1.0,,,,,,,,,,,,,,,,,,,27.069,0.0,2.43,2.43,1096.146,276.128,1369.939
219,2026-05-14T16:48:29.347501+00:00,instagram,GND,14.088,21.637,21.637,0.5,0.5,19.27,27.209,0.5854,0.4146,0.2281,0.1027,2,0.3333,0.3333,0.3333,0.696,0.4762,0.04459,0.09308,0,0.3333,0.3333,0.3333,0.114,0.2892,-0.00357,-0.02019,2,0.3333,0.3333,0.3333,0.619,0.3265,0.04194,0.12084,1.43,28.639,0.3333,0.3333,0.3333,0.3333,0.3333,0.3333,0.3333,0.3333,0.3333,0.3333,0.3333,0.3333,0.3333,0.3333,0.3333,0.3333,0.3333,0.3333,,,,,,,,,,,,,,,,,,,23.752,7.94,0.761,4.887,1104.086,276.889,1374.826
220,2026-05-14T16:48:35.344682+00:00,instagram,ISL,29.324,22.098,29.324,0.5,0.5,34.555,27.666,0.4446,0.5554,0.2354,0.102,2,0.3333,0.3333,0.3333,2.869,0.6774,0.21692,0.2817,0,0.3333,0.3333,0.3333,1.278,0.5234,0.07784,0.19075,2,0.0,0.0,1.0,3.211,0.6667,0.22109,0.2864,7.358,41.914,0.3333,0.3333,0.3333,0.3333,0.3333,0.3333,0.0,0.0,1.0,0.3333,0.3333,0.3333,0.3333,0.3333,0.3333,0.0,0.0,1.0,,,,,,,,,,,,,,,,,,,28.334,6.89,2.883,13.58,1110.976,279.772,1388.406
221,2026-05-14T16:48:41.354186+00:00,instagram,ISL,38.655,33.405,38.655,0.5,0.5,43.943,38.969,0.47,0.53,0.2435,0.1014,1,0.3333,0.3333,0.3333,3.349,0.681,0.26492,0.40328,0,0.3333,0.3333,0.3333,0.528,0.5346,0.00282,0.00759,2,0.0,0.0,1.0,2.79,0.6667,0.179,0.23784,6.667,50.61,0.3333,0.3333,0.3333,0.3333,0.3333,0.3333,0.0,0.0,1.0,0.3333,0.3333,0.3333,0.3333,0.3333,0.3333,0.0,0.0,1.0,,,,,,,,,,,,,,,,,,,39.636,4.974,2.198,10.974,1115.949,281.969,1399.38
222,2026-05-14T16:48:47.361459+00:00,instagram,ISL,31.638,29.769,31.638,0.5,0.5,36.989,35.33,0.4885,0.5115,0.2524,0.1009,2,0.3333,0.3333,0.3333,2.624,0.6847,0.19237,0.25352,2,0.3333,0.3333,0.3333,3.063,0.6062,0.2563,0.35269,2,0.0,0.0,1.0,3.8,0.6667,0.28001,0.35067,9.487,46.476,0.3333,0.3333,0.3333,0.3333,0.3333,0.3333,0.0,0.0,1.0,0.3333,0.3333,0.3333,0.3333,0.3333,0.3333,0.0,0.0,1.0,,,,,,,,,,,,,,,,,,,35.996,1.659,5.022,10.479,1117.608,286.991,1409.86
223,2026-05-14T16:48:53.363927+00:00,instagram,ISL,12.141,22.049,12.141,0.5,0.5,17.561,27.608,0.6112,0.3888,0.2621,0.1005,0,0.3333,0.3333,0.3333,0.462,0.4356,-0.0238,-0.06451,2,0.3333,0.3333,0.3333,1.481,0.6068,0.09806,0.14997,2,0.0,0.0,1.0,2.64,0.6667,0.16403,0.21998,4.583,22.144,0.3333,0.3333,0.3333,0.3333,0.3333,0.3333,0.0,0.0,1.0,0.3333,0.3333,0.3333,0.3333,0.3333,0.3333,0.0,0.0,1.0,,,,,,,,,,,,,,,,,,,22.022,0.0,0.123,0.123,1117.608,287.114,1409.982
224,2026-05-14T16:49:00.031789+00:00,instagram,ISL,17.527,25.41,17.527,0.5,0.5,23.024,30.967,0.5736,0.4264,0.2724,0.1002,2,0.3333,0.3333,0.3333,2.752,0.6935,0.20521,0.26836,0,0.3333,0.3333,0.3333,1.437,0.5602,0.0937,0.22553,2,0.0,0.0,1.0,3.479,0.6667,0.2479,0.31616,7.668,30.693,0.3333,0.3333,0.3333,0.3333,0.3333,0.3333,0.0,0.0,1.0,0.3333,0.3333,0.3333,0.3333,0.3333,0.3333,0.0,0.0,1.0,,,,,,,,,,,,,,,,,,,27.48,0.0,3.213,3.213,1117.608,290.326,1413.195
225,2026-05-14T16:49:06.021063+00:00,mixed,ISL,13.297,21.498,13.297,0.5,0.5,18.879,27.054,0.589,0.411,0.2835,0.1001,2,0.3333,0.3333,0.3333,1.508,0.565,0.0808,0.11439,0,0.3333,0.3333,0.3333,0.688,0.4914,0.01882,0.04957,2,0.3333,0.3333,0.3333,2.73,0.5333,0.17304,0.23077,4.927,23.806,0.3333,0.3333,0.3333,0.3333,0.3333,0.3333,0.3333,0.3333,0.3333,0.3333,0.3333,0.3333,0.3333,0.3333,0.3333,0.3333,0.3333,0.3333,,,,,,,,,,,,,,,,,,,21.908,0.0,1.898,1.898,1117.608,292.224,1415.093
226,2026-05-14T16:49:12.043879+00:00,mixed,GND,30.139,22.153,22.153,0.5,0.5,35.815,27.709,0.4362,0.5638,0.2952,0.1,2,0.3333,0.3333,0.3333,0.251,0.3701,0.00013,0.00028,1,0.3333,0.3333,0.3333,0.252,0.321,0.01021,0.03511,1,0.3333,0.3333,0.3333,0.298,0.1714,0.00977,0.04458,0.801,28.51,0.3333,0.3333,0.3333,0.3333,0.3333,0.3333,0.3333,0.3333,0.3333,0.3333,0.3333,0.3333,0.3333,0.3333,0.3333,0.3333,0.3333,0.3333,,,,,,,,,,,,,,,,,,,28.285,0.0,0.225,0.225,1117.608,292.449,1415.317
227,2026-05-14T16:49:18.040391+00:00,mixed,ISL,37.186,30.37,37.186,0.5,0.5,42.962,35.926,0.4554,0.5446,0.3075,0.1001,0,0.3333,0.3333,0.3333,0.601,0.3157,-0.00992,-0.02638,2,0.3333,0.3333,0.3333,0.976,0.4922,0.04756,0.07555,2,0.3333,0.3333,0.3333,1.287,0.5333,0.02874,0.04221,2.864,45.826,0.3333,0.3333,0.3333,0.3333,0.3333,0.3333,0.3333,0.3333,0.3333,0.3333,0.3333,0.3333,0.3333,0.3333,0.3333,0.3333,0.3333,0.3333,,,,,,,,,,,,,,,,,,,36.502,7.036,0.0,9.324,1124.644,292.449,1424.641
228,2026-05-14T16:49:24.045871+00:00,mixed,GND,12.456,26.395,26.395,0.5,0.5,18.342,31.952,0.6353,0.3647,0.3205,0.1002,2,0.3333,0.3333,0.3333,0.626,0.3677,0.03755,0.07894,0,0.3333,0.3333,0.3333,0.08,0.2284,-0.00695,-0.03971,2,0.3333,0.3333,0.3333,0.408,0.2449,0.0208,0.06573,1.114,33.066,0.3333,0.3333,0.3333,0.3333,0.3333,0.3333,0.3333,0.3333,0.3333,0.3333,0.3333,0.3333,0.3333,0.3333,0.3333,0.3333,0.3333,0.3333,,,,,,,,,,,,,,,,,,,21.352,13.61,0.539,11.714,1138.254,292.988,1436.355
229,2026-05-14T16:49:30.049904+00:00,mixed,ISL,19.355,29.748,19.355,0.5,0.5,25.361,35.306,0.582,0.418,0.334,0.1005,1,0.3333,0.3333,0.3333,1.409,0.5044,0.07089,0.1248,0,0.3333,0.3333,0.3333,1.321,0.4933,0.08208,0.20017,2,0.3333,0.3333,0.3333,1.242,0.5333,0.02423,0.0357,3.972,29.333,0.3333,0.3333,0.3333,0.3333,0.3333,0.3333,0.3333,0.3333,0.3333,0.3333,0.3333,0.3333,0.3333,0.3333,0.3333,0.3333,0.3333,0.3333,,,,,,,,,,,,,,,,,,,28.362,0.0,0.97,0.97,1138.254,293.958,1437.326
230,2026-05-14T16:49:36.048179+00:00,mixed,ISL,35.473,26.224,35.473,0.5,0.5,41.608,31.785,0.4331,0.5669,0.348,0.1009,0,0.3333,0.3333,0.3333,0.254,0.3048,-0.0446,-0.12453,0,0.3333,0.3333,0.3333,0.627,0.489,0.01274,0.03382,2,0.3333,0.3333,0.3333,1.266,0.5333,0.02657,0.03908,2.147,43.755,0.3333,0.3333,0.3333,0.3333,0.3333,0.3333,0.3333,0.3333,0.3333,0.3333,0.3333,0.3333,0.3333,0.3333,0.3333,0.3333,0.3333,0.3333,,,,,,,,,,,,,,,,,,,32.359,9.823,0.0,11.396,1148.076,293.958,1448.722
231,2026-05-14T16:49:42.051451+00:00,mixed,ISL,12.642,22.961,12.642,0.5,0.5,18.917,28.525,0.6013,0.3987,0.3625,0.1014,1,0.3333,0.3333,0.3333,0.798,0.4854,0.00975,0.01812,2,0.3333,0.3333,0.3333,1.858,0.5054,0.13579,0.20217,0,0.3333,0.3333,0.3333,4.097,0.5333,0.30974,0.38159,6.753,25.67,0.3333,0.3333,0.3333,0.3333,0.3333,0.3333,0.3333,0.3333,0.3333,0.3333,0.3333,0.3333,0.3333,0.3333,0.3333,0.3333,0.3333,0.3333,,,,,,,,,,,,,,,,,,,21.901,0.0,3.769,3.769,1148.076,297.727,1452.491
232,2026-05-14T16:49:48.054238+00:00,mixed,ISL,11.607,21.646,11.607,0.5,0.5,18.032,27.214,0.6015,0.3985,0.3775,0.102,1,0.3333,0.3333,0.3333,0.785,0.4764,0.0085,0.01581,1,0.3333,0.3333,0.3333,1.679,0.5291,0.11789,0.22119,0,0.3333,0.3333,0.3333,1.077,0.5333,0.00772,0.01151,3.541,21.574,0.3333,0.3333,0.3333,0.3333,0.3333,0.3333,0.3333,0.3333,0.3333,0.3333,0.3333,0.3333,0.3333,0.3333,0.3333,0.3333,0.3333,0.3333,,,,,,,,,,,,,,,,,,,21.007,0.0,0.566,0.566,1148.076,298.294,1453.057
233,2026-05-14T16:49:54.060896+00:00,mixed,GND,22.037,25.72,25.72,0.5,0.5,28.625,31.292,0.5223,0.4777,0.3928,0.1027,1,0.3333,0.3333,0.3333,0.429,0.3138,0.01794,0.05349,2,0.3333,0.3333,0.3333,0.154,0.3355,0.0004,0.00099,2,0.3333,0.3333,0.3333,0.274,0.2449,0.00737,0.02379,0.857,32.15,0.3333,0.3333,0.3333,0.3333,0.3333,0.3333,0.3333,0.3333,0.3333,0.3333,0.3333,0.3333,0.3333,0.3333,0.3333,0.3333,0.3333,0.3333,,,,,,,,,,,,,,,,,,,31.591,2.667,0.286,0.558,1150.744,298.579,1453.616
234,2026-05-14T16:50:00.073164+00:00,mixed,GND,28.515,25.898,25.898,0.5,0.5,35.277,31.475,0.4715,0.5285,0.4085,0.1035,1,0.3333,0.3333,0.3333,0.146,0.3112,-0.01043,-0.03248,2,0.3333,0.3333,0.3333,0.42,0.3337,0.02699,0.06402,0,0.3333,0.3333,0.3333,0.134,0.0971,-0.00665,-0.05631,0.699,32.174,0.3333,0.3333,0.3333,0.3333,0.3333,0.3333,0.3333,0.3333,0.3333,0.3333,0.3333,0.3333,0.3333,0.3333,0.3333,0.3333,0.3333,0.3333,,,,,,,,,,,,,,,,,,,32.046,0.0,0.128,0.128,1150.744,298.707,1453.744
235,2026-05-14T16:50:06.190540+00:00,mixed,ISL,19.79,24.971,19.79,0.5,0.5,26.742,30.554,0.5333,0.4667,0.4246,0.1044,1,0.3333,0.3333,0.3333,1.121,0.4524,0.04214,0.07604,1,0.3333,0.3333,0.3333,0.826,0.5085,0.03264,0.0663,0,0.3333,0.3333,0.3333,1.746,0.5333,0.07459,0.10606,3.694,30.435,0.3333,0.3333,0.3333,0.3333,0.3333,0.3333,0.3333,0.3333,0.3333,0.3333,0.3333,0.3333,0.3333,0.3333,0.3333,0.3333,0.3333,0.3333,,,,,,,,,,,,,,,,,,,29.694,0.0,0.741,0.741,1150.744,299.449,1454.485
236,2026-05-14T16:50:12.203922+00:00,mixed,ISL,16.173,28.754,16.173,0.5,0.5,23.327,34.343,0.5955,0.4045,0.4409,0.1055,1,0.3333,0.3333,0.3333,0.778,0.4459,0.00779,0.01451,0,0.3333,0.3333,0.3333,0.743,0.4305,0.0243,0.06355,2,0.3333,0.3333,0.3333,1.349,0.5333,0.03491,0.05103,2.87,26.197,0.3333,0.3333,0.3333,0.3333,0.3333,0.3333,0.3333,0.3333,0.3333,0.3333,0.3333,0.3333,0.3333,0.3333,0.3333,0.3333,0.3333,0.3333,,,,,,,,,,,,,,,,,,,26.276,0.0,0.0,0.0,1150.744,299.449,1454.485
237,2026-05-14T16:50:18.211466+00:00,mixed,ISL,16.417,28.956,16.417,0.5,0.5,23.789,34.553,0.5922,0.4078,0.4574,0.1066,1,0.3333,0.3333,0.3333,0.655,0.4402,-0.00453,-0.00853,0,0.3333,0.3333,0.3333,0.702,0.4171,0.02021,0.05313,2,0.3333,0.3333,0.3333,4.288,0.5333,0.32879,0.40091,5.645,29.434,0.3333,0.3333,0.3333,0.3333,0.3333,0.3333,0.3333,0.3333,0.3333,0.3333,0.3333,0.3333,0.3333,0.3333,0.3333,0.3333,0.3333,0.3333,,,,,,,,,,,,,,,,,,,26.736,0.0,2.698,2.698,1150.744,302.147,1457.184
238,2026-05-14T16:50:24.225301+00:00,mixed,ISL,41.669,28.918,41.669,0.5,0.5,49.276,34.522,0.412,0.588,0.4742,0.1079,0,0.3333,0.3333,0.3333,0.324,0.3739,-0.03756,-0.10381,0,0.3333,0.3333,0.3333,0.341,0.4033,-0.01586,-0.04375,0,0.3333,0.3333,0.3333,1.228,0.5333,0.02284,0.03369,1.894,51.171,0.3333,0.3333,0.3333,0.3333,0.3333,0.3333,0.3333,0.3333,0.3333,0.3333,0.3333,0.3333,0.3333,0.3333,0.3333,0.3333,0.3333,0.3333,,,,,,,,,,,,,,,,,,,35.091,14.754,0.0,16.08,1165.498,302.147,1473.263
239,2026-05-14T16:50:30.238493+00:00,mixed,ISL,22.662,30.457,22.662,0.5,0.5,30.521,36.07,0.5417,0.4583,0.491,0.1092,2,0.3333,0.3333,0.3333,2.468,0.6411,0.17684,0.23527,1,0.3333,0.3333,0.3333,1.212,0.4748,0.07117,0.13929,0,0.3333,0.3333,0.3333,3.018,0.5333,0.20183,0.26447,6.698,37.22,0.3333,0.3333,0.3333,0.3333,0.3333,0.3333,0.3333,0.3333,0.3333,0.3333,0.3333,0.3333,0.3333,0.3333,0.3333,0.3333,0.3333,0.3333,,,,,,,,,,,,,,,,,,,33.471,0.0,3.749,3.749,1165.498,305.896,1477.012
240,2026-05-14T16:50:36.245261+00:00,instagram,GND,17.592,25.655,25.655,0.5,0.5,25.722,31.277,0.5487,0.4513,0.508,0.1107,2,0.3333,0.3333,0.3333,0.948,0.4648,0.06981,0.14211,1,0.3333,0.3333,0.3333,0.184,0.3523,0.0034,0.01184,0,0.3333,0.3333,0.3333,0.101,0.1857,-0.0099,-0.0548,1.233,32.51,0.3333,0.3333,0.3333,0.3333,0.3333,0.3333,0.3333,0.3333,0.3333,0.3333,0.3333,0.3333,0.3333,0.3333,0.3333,0.3333,0.3333,0.3333,,,,,,,,,,,,,,,,,,,30.071,5.555,0.58,2.439,1171.053,306.476,1479.451
241,2026-05-14T16:50:42.256198+00:00,instagram,ISL,20.732,21.677,20.732,0.5,0.5,29.153,27.31,0.4837,0.5163,0.525,0.1122,2,0.3333,0.3333,0.3333,4.194,0.7825,0.34939,0.4214,1,0.3333,0.3333,0.3333,1.332,0.5523,0.08321,0.16104,2,0.0,0.0,1.0,2.975,0.6667,0.19752,0.2595,8.501,37.655,0.3333,0.3333,0.3333,0.3333,0.3333,0.3333,0.0,0.0,1.0,0.3333,0.3333,0.3333,0.3333,0.3333,0.3333,0.0,0.0,1.0,,,,,,,,,,,,,,,,,,,27.963,1.844,4.141,9.692,1172.897,310.617,1489.143
242,2026-05-14T16:50:48.260547+00:00,instagram,GND,26.356,22.73,22.73,0.5,0.5,35.09,28.373,0.4471,0.5529,0.542,0.1139,0,0.3333,0.3333,0.3333,0.163,0.2304,-0.0087,-0.0388,2,0.3333,0.3333,0.3333,0.748,0.4082,0.05979,0.13671,0,0.3333,0.3333,0.3333,0.315,0.1857,0.01148,0.05996,1.226,29.599,0.3333,0.3333,0.3333,0.3333,0.3333,0.3333,0.3333,0.3333,0.3333,0.3333,0.3333,0.3333,0.3333,0.3333,0.3333,0.3333,0.3333,0.3333,,,,,,,,,,,,,,,,,,,29.026,0.0,0.573,0.573,1172.897,311.19,1489.716
243,2026-05-14T16:50:54.265963+00:00,instagram,ISL,28.851,26.025,28.851,0.5,0.5,37.921,31.679,0.4552,0.5448,0.559,0.1157,2,0.3333,0.3333,0.3333,5.283,0.7889,0.45829,0.52321,2,0.3333,0.3333,0.3333,2.195,0.6872,0.16945,0.24654,2,0.0,0.0,1.0,2.101,0.6667,0.11006,0.1528,9.578,47.499,0.3333,0.3333,0.3333,0.3333,0.3333,0.3333,0.0,0.0,1.0,0.3333,0.3333,0.3333,0.3333,0.3333,0.3333,0.0,0.0,1.0,,,,,,,,,,,,,,,,,,,32.331,6.242,5.188,15.168,1179.139,316.378,1504.883
244,2026-05-14T16:51:00.273036+00:00,instagram,ISL,17.729,25.575,17.729,0.5,0.5,27.159,31.241,0.535,0.465,0.5758,0.1176,1,0.3333,0.3333,0.3333,0.991,0.5355,0.02907,0.05307,2,0.3333,0.3333,0.3333,2.421,0.6924,0.19208,0.2753,2,0.0,0.0,1.0,2.857,0.6667,0.18575,0.24578,6.269,33.428,0.3333,0.3333,0.3333,0.3333,0.3333,0.3333,0.0,0.0,1.0,0.3333,0.3333,0.3333,0.3333,0.3333,0.3333,0.0,0.0,1.0,,,,,,,,,,,,,,,,,,,31.566,0.0,1.862,1.862,1179.139,318.24,1506.745
245,2026-05-14T16:51:06.271969+00:00,instagram,GND,21.096,22.21,22.21,0.5,0.5,30.913,27.889,0.4743,0.5257,0.5926,0.1195,1,0.3333,0.3333,0.3333,0.345,0.3493,0.00952,0.02875,1,0.3333,0.3333,0.3333,0.396,0.3405,0.02464,0.08272,0,0.3333,0.3333,0.3333,0.127,0.1857,-0.00734,-0.04032,0.868,28.757,0.3333,0.3333,0.3333,0.3333,0.3333,0.3333,0.3333,0.3333,0.3333,0.3333,0.3333,0.3333,0.3333,0.3333,0.3333,0.3333,0.3333,0.3333,,,,,,,,,,,,,,,,,,,28.541,0.0,0.216,0.216,1179.139,318.456,1506.961
246,2026-05-14T16:51:12.273395+00:00,instagram,GND,41.235,22.825,22.825,0.5,0.5,51.469,28.518,0.3565,0.6435,0.6091,0.1216,1,0.3333,0.3333,0.3333,0.571,0.3471,0.03206,0.09366,0,0.3333,0.3333,0.3333,0.116,0.2003,-0.00344,-0.01943,1,0.3333,0.3333,0.3333,0.351,0.2619,0.01513,0.05617,1.038,29.555,0.3333,0.3333,0.3333,0.3333,0.3333,0.3333,0.3333,0.3333,0.3333,0.3333,0.3333,0.3333,0.3333,0.3333,0.3333,0.3333,0.3333,0.3333,,,,,,,,,,,,,,,,,,,29.17,0.0,0.385,0.385,1179.139,318.841,1507.346
