ho_id,timestamp,task_type,path,isl_ms,gnd_ms,prop_ms,path_p_isl,path_p_gnd,access_cost_isl,access_cost_gnd,inv_cost_p_isl,inv_cost_p_gnd,trgsat_bg,tn_bg,amf_inst,amf_p0,amf_p1,amf_p2,amf_ms,amf_rho,amf_x,amf_cost,smf_inst,smf_p0,smf_p1,smf_p2,smf_ms,smf_rho,smf_x,smf_cost,upf_inst,upf_p0,upf_p1,upf_p2,upf_ms,upf_rho,upf_x,upf_cost,core_ms,total_ms,on_amf_p0,on_amf_p1,on_amf_p2,on_smf_p0,on_smf_p1,on_smf_p2,on_upf_p0,on_upf_p1,on_upf_p2,gnd_amf_p0,gnd_amf_p1,gnd_amf_p2,gnd_smf_p0,gnd_smf_p1,gnd_smf_p2,gnd_upf_p0,gnd_upf_p1,gnd_upf_p2,on_amf_B0,on_amf_B1,on_amf_B2,on_smf_B0,on_smf_B1,on_smf_B2,on_upf_B0,on_upf_B1,on_upf_B2,gnd_amf_B0,gnd_amf_B1,gnd_amf_B2,gnd_smf_B0,gnd_smf_B1,gnd_smf_B2,gnd_upf_B0,gnd_upf_B1,gnd_upf_B2,global_oracle_ms,access_regret_ms,inst_regret_ms,global_regret_ms,cum_access_regret_ms,cum_inst_regret_ms,cum_global_regret_ms
1,2026-05-14T16:56:39.710489+00:00,youtube,ISL,16.107,40.227,16.107,0.5,0.5,24.528,47.919,0.6614,0.3386,0.525,0.35,0,0.3333,0.3333,0.3333,1.674,0.3823,-0.23263,-0.94332,1,0.3333,0.3333,0.3333,1.946,0.4094,-0.10536,-0.25007,0,0.3333,0.3333,0.3333,0.489,0.3889,-0.55114,-4.83572,4.109,28.636,0.3333,0.3333,0.3333,0.3333,0.3333,0.3333,0.3333,0.3333,0.3333,0.3333,0.3333,0.3333,0.3333,0.3333,0.3333,0.3333,0.3333,0.3333,,,,,,,,,,,,,,,,,,,26.955,0.0,1.682,1.682,0.0,1.682,1.682
2,2026-05-14T16:56:45.709451+00:00,youtube,GND,41.521,43.497,43.497,0.5,0.5,50.255,51.252,0.5049,0.4951,0.542,0.3552,0,0.3333,0.3333,0.3333,0.391,0.2617,-0.11093,-0.66423,2,0.3333,0.3333,0.3333,0.51,0.3072,-0.04903,-0.12798,1,0.3333,0.3333,0.3333,0.125,0.15,-0.13748,-1.02608,1.026,52.278,0.3333,0.3333,0.3333,0.3333,0.3333,0.3333,0.3333,0.3333,0.3333,0.3333,0.3333,0.3333,0.3333,0.3333,0.3333,0.3333,0.3333,0.3333,,,,,,,,,,,,,,,,,,,51.86,0.997,0.417,0.417,0.997,2.099,2.099
3,2026-05-14T16:56:51.722128+00:00,youtube,ISL,14.458,21.703,14.458,0.5,0.5,23.528,29.521,0.5565,0.4435,0.559,0.3605,0,0.3333,0.3333,0.3333,3.223,0.4121,-0.07775,-0.22826,0,0.3333,0.3333,0.3333,0.761,0.4587,-0.22385,-0.92734,2,0.3333,0.3333,0.3333,0.94,0.4148,-0.506,-1.9233,4.924,28.452,0.3333,0.3333,0.3333,0.3333,0.3333,0.3333,0.3333,0.3333,0.3333,0.3333,0.3333,0.3333,0.3333,0.3333,0.3333,0.3333,0.3333,0.3333,,,,,,,,,,,,,,,,,,,25.997,0.0,2.454,2.454,0.997,4.553,4.553
4,2026-05-14T16:56:57.728314+00:00,youtube,ISL,13.966,21.83,13.966,0.5,0.5,23.397,29.712,0.5595,0.4405,0.5758,0.3657,0,0.3333,0.3333,0.3333,0.442,0.4254,-0.3558,-2.71757,2,0.3333,0.3333,0.3333,0.757,0.4375,-0.22427,-0.4621,0,0.3333,0.3333,0.3333,1.08,0.3889,-0.49202,-2.16837,2.279,25.676,0.3333,0.3333,0.3333,0.3333,0.3333,0.3333,0.3333,0.3333,0.3333,0.3333,0.3333,0.3333,0.3333,0.3333,0.3333,0.3333,0.3333,0.3333,,,,,,,,,,,,,,,,,,,25.883,0.0,0.0,0.0,0.997,4.553,4.553
5,2026-05-14T16:57:03.799691+00:00,youtube,GND,35.248,21.576,21.576,0.5,0.5,45.065,29.524,0.3958,0.6042,0.5926,0.3709,1,0.3333,0.3333,0.3333,0.642,0.2513,-0.08583,-0.30495,2,0.3333,0.3333,0.3333,0.437,0.3155,-0.05625,-0.14829,1,0.3333,0.3333,0.3333,0.208,0.15,-0.1292,-0.9237,1.287,30.811,0.3333,0.3333,0.3333,0.3333,0.3333,0.3333,0.3333,0.3333,0.3333,0.3333,0.3333,0.3333,0.3333,0.3333,0.3333,0.3333,0.3333,0.3333,,,,,,,,,,,,,,,,,,,30.134,0.0,0.677,0.677,0.997,5.231,5.231
6,2026-05-14T16:57:09.744193+00:00,youtube,GND,43.594,36.448,36.448,0.5,0.5,53.827,44.462,0.4524,0.5476,0.6091,0.3761,1,0.3333,0.3333,0.3333,0.411,0.2492,-0.10888,-0.40562,1,0.3333,0.3333,0.3333,0.263,0.2103,-0.07368,-0.29824,0,0.3333,0.3333,0.3333,0.128,0.1,-0.13722,-3.23213,0.802,45.265,0.3333,0.3333,0.3333,0.3333,0.3333,0.3333,0.3333,0.3333,0.3333,0.3333,0.3333,0.3333,0.3333,0.3333,0.3333,0.3333,0.3333,0.3333,,,,,,,,,,,,,,,,,,,45.073,0.0,0.192,0.192,0.997,5.422,5.422
7,2026-05-14T16:57:15.750191+00:00,youtube,ISL,30.054,31.269,30.054,0.5,0.5,40.733,39.351,0.4914,0.5086,0.6254,0.3813,0,0.3333,0.3333,0.3333,0.59,0.4558,-0.34097,-2.25436,2,0.3333,0.3333,0.3333,0.876,0.4489,-0.21239,-0.43146,1,0.3333,0.3333,0.3333,1.625,0.5704,-0.43751,-0.7699,3.091,43.824,0.3333,0.3333,0.3333,0.3333,0.3333,0.3333,0.3333,0.3333,0.3333,0.3333,0.3333,0.3333,0.3333,0.3333,0.3333,0.3333,0.3333,0.3333,,,,,,,,,,,,,,,,,,,39.962,1.382,0.583,3.863,2.379,6.005,9.285
8,2026-05-14T16:57:21.762700+00:00,youtube,ISL,26.419,22.993,26.419,0.5,0.5,37.576,31.143,0.4532,0.5468,0.6415,0.3865,1,0.3333,0.3333,0.3333,1.06,0.4608,-0.29398,-0.80122,2,0.3333,0.3333,0.3333,2.766,0.4533,-0.02342,-0.03941,0,0.3333,0.3333,0.3333,0.535,0.3889,-0.54648,-4.1144,4.361,41.937,0.3333,0.3333,0.3333,0.3333,0.3333,0.3333,0.3333,0.3333,0.3333,0.3333,0.3333,0.3333,0.3333,0.3333,0.3333,0.3333,0.3333,0.3333,,,,,,,,,,,,,,,,,,,31.755,6.433,1.856,10.183,8.812,7.861,19.468
9,2026-05-14T16:57:27.773279+00:00,youtube,ISL,29.078,26.227,29.078,0.5,0.5,40.747,34.446,0.4581,0.5419,0.6572,0.3917,1,0.3333,0.3333,0.3333,0.685,0.4511,-0.33153,-0.97185,2,0.3333,0.3333,0.3333,0.978,0.4579,-0.20219,-0.40587,0,0.3333,0.3333,0.3333,1.394,0.3889,-0.46057,-1.76624,3.057,43.804,0.3333,0.3333,0.3333,0.3333,0.3333,0.3333,0.3333,0.3333,0.3333,0.3333,0.3333,0.3333,0.3333,0.3333,0.3333,0.3333,0.3333,0.3333,,,,,,,,,,,,,,,,,,,35.058,6.3,0.56,8.746,15.112,8.42,28.214
10,2026-05-14T16:57:33.778147+00:00,youtube,ISL,16.307,25.57,16.307,0.5,0.5,28.523,33.86,0.5428,0.4572,0.6725,0.3968,0,0.3333,0.3333,0.3333,0.562,0.4667,-0.34379,-2.32736,1,0.3333,0.3333,0.3333,0.376,0.3447,-0.26238,-0.80074,1,0.3333,0.3333,0.3333,1.639,0.5704,-0.43614,-0.76629,2.577,31.1,0.3333,0.3333,0.3333,0.3333,0.3333,0.3333,0.3333,0.3333,0.3333,0.3333,0.3333,0.3333,0.3333,0.3333,0.3333,0.3333,0.3333,0.3333,,,,,,,,,,,,,,,,,,,31.007,0.0,0.092,0.092,15.112,8.513,28.306
11,2026-05-14T16:57:39.782899+00:00,youtube,GND,15.654,25.167,25.167,0.5,0.5,28.454,33.528,0.5409,0.4591,0.6875,0.402,1,0.3333,0.3333,0.3333,0.303,0.2397,-0.11969,-0.4566,0,0.3333,0.3333,0.3333,0.168,0.2449,-0.0832,-0.62719,1,0.3333,0.3333,0.3333,0.075,0.15,-0.1425,-1.0936,0.546,34.074,0.3333,0.3333,0.3333,0.3333,0.3333,0.3333,0.3333,0.3333,0.3333,0.3333,0.3333,0.3333,0.3333,0.3333,0.3333,0.3333,0.3333,0.3333,,,,,,,,,,,,,,,,,,,30.92,5.074,0.0,3.154,20.186,8.513,31.46
12,2026-05-14T16:57:45.790758+00:00,youtube,ISL,17.285,24.778,17.285,0.5,0.5,30.709,33.211,0.5196,0.4804,0.702,0.4071,0,0.3333,0.3333,0.3333,0.452,0.4618,-0.35481,-2.6791,0,0.3333,0.3333,0.3333,0.788,0.3801,-0.22118,-0.90929,1,0.3333,0.3333,0.3333,2.227,0.5704,-0.37726,-0.62175,3.468,34.176,0.3333,0.3333,0.3333,0.3333,0.3333,0.3333,0.3333,0.3333,0.3333,0.3333,0.3333,0.3333,0.3333,0.3333,0.3333,0.3333,0.3333,0.3333,,,,,,,,,,,,,,,,,,,33.152,0.0,1.024,1.024,20.186,9.537,32.483
13,2026-05-14T16:57:51.795746+00:00,youtube,GND,17.755,21.772,21.772,0.5,0.5,31.841,30.278,0.4874,0.5126,0.716,0.4122,1,0.3333,0.3333,0.3333,0.343,0.2366,-0.11574,-0.43764,0,0.3333,0.3333,0.3333,0.214,0.2439,-0.07861,-0.58016,0,0.3333,0.3333,0.3333,0.144,0.1,-0.13558,-2.97709,0.701,30.979,0.3333,0.3333,0.3333,0.3333,0.3333,0.3333,0.3333,0.3333,0.3333,0.3333,0.3333,0.3333,0.3333,0.3333,0.3333,0.3333,0.3333,0.3333,,,,,,,,,,,,,,,,,,,30.89,0.0,0.089,0.089,20.186,9.625,32.572
14,2026-05-14T16:57:57.807463+00:00,youtube,GND,16.377,28.907,28.907,0.5,0.5,31.166,37.487,0.546,0.454,0.7295,0.4172,1,0.3333,0.3333,0.3333,0.158,0.2353,-0.13416,-0.5291,0,0.3333,0.3333,0.3333,0.197,0.2431,-0.08032,-0.59749,2,0.3333,0.3333,0.3333,0.107,0.2,-0.13931,-0.66863,0.462,37.949,0.3333,0.3333,0.3333,0.3333,0.3333,0.3333,0.3333,0.3333,0.3333,0.3333,0.3333,0.3333,0.3333,0.3333,0.3333,0.3333,0.3333,0.3333,,,,,,,,,,,,,,,,,,,33.555,6.321,0.0,4.394,26.507,9.625,36.967
15,2026-05-14T16:58:03.815925+00:00,gaming,GND,16.088,28.895,28.895,0.5,0.5,31.62,37.55,0.5429,0.4571,0.7425,0.4223,1,0.3333,0.3333,0.3333,0.504,0.1361,-0.09955,-0.36368,2,0.3333,0.3333,0.3333,0.988,0.2218,-0.00119,-0.00292,1,0.3333,0.3333,0.3333,0.065,0.0571,-0.14352,-6.90776,1.557,39.107,0.3333,0.3333,0.3333,0.3333,0.3333,0.3333,0.3333,0.3333,0.3333,0.3333,0.3333,0.3333,0.3333,0.3333,0.3333,0.3333,0.3333,0.3333,,,,,,,,,,,,,,,,,,,33.064,5.929,1.053,6.042,32.436,10.679,43.009
16,2026-05-14T16:58:09.826877+00:00,gaming,GND,16.445,29.104,29.104,0.5,0.5,32.758,37.834,0.536,0.464,0.7548,0.4273,0,0.3333,0.3333,0.3333,0.256,0.2105,-0.1244,-0.78583,1,0.3333,0.3333,0.3333,0.321,0.115,-0.06795,-0.27158,2,0.3333,0.3333,0.3333,0.363,0.1469,-0.11371,-0.37041,0.939,38.774,0.3333,0.3333,0.3333,0.3333,0.3333,0.3333,0.3333,0.3333,0.3333,0.3333,0.3333,0.3333,0.3333,0.3333,0.3333,0.3333,0.3333,0.3333,,,,,,,,,,,,,,,,,,,34.18,5.076,0.436,4.594,37.512,11.114,47.603
17,2026-05-14T16:58:15.829693+00:00,gaming,ISL,18.146,29.03,18.146,0.5,0.5,35.278,37.837,0.5175,0.4825,0.7665,0.4322,0,0.3333,0.3333,0.3333,1.452,0.2978,-0.25478,-1.10499,0,0.3333,0.3333,0.3333,0.154,0.2012,-0.28458,-1.46263,0,0.3333,0.3333,0.3333,0.082,0.1111,-0.59185,-6.90776,1.688,36.966,0.3333,0.3333,0.3333,0.3333,0.3333,0.3333,0.3333,0.3333,0.3333,0.3333,0.3333,0.3333,0.3333,0.3333,0.3333,0.3333,0.3333,0.3333,,,,,,,,,,,,,,,,,,,36.677,0.0,0.29,0.29,37.512,11.404,47.892
18,2026-05-14T16:58:21.841527+00:00,gaming,ISL,29.467,26.399,29.467,0.5,0.5,47.45,35.282,0.4265,0.5735,0.7776,0.4371,1,0.3333,0.3333,0.3333,3.099,0.2221,-0.09014,-0.18514,0,0.3333,0.3333,0.3333,0.156,0.1894,-0.28442,-1.46079,2,0.3333,0.3333,0.3333,1.43,0.4444,-0.457,-0.52984,4.684,52.134,0.3333,0.3333,0.3333,0.3333,0.3333,0.3333,0.3333,0.3333,0.3333,0.3333,0.3333,0.3333,0.3333,0.3333,0.3333,0.3333,0.3333,0.3333,,,,,,,,,,,,,,,,,,,35.786,12.168,3.309,16.349,49.679,14.713,64.241
19,2026-05-14T16:58:27.856709+00:00,gaming,ISL,29.429,21.257,29.429,0.5,0.5,48.291,30.218,0.3849,0.6151,0.7879,0.442,0,0.3333,0.3333,0.3333,0.199,0.268,-0.38006,-6.06147,1,0.3333,0.3333,0.3333,0.448,0.1978,-0.25521,-0.76776,2,0.3333,0.3333,0.3333,1.458,0.4444,-0.45424,-0.52562,2.105,50.396,0.3333,0.3333,0.3333,0.3333,0.3333,0.3333,0.3333,0.3333,0.3333,0.3333,0.3333,0.3333,0.3333,0.3333,0.3333,0.3333,0.3333,0.3333,,,,,,,,,,,,,,,,,,,30.721,18.073,0.751,19.675,67.752,15.464,83.916
20,2026-05-14T16:58:33.860005+00:00,gaming,ISL,25.405,33.396,25.405,0.5,0.5,45.164,42.436,0.4844,0.5156,0.7976,0.4469,1,0.3333,0.3333,0.3333,0.402,0.2155,-0.3598,-1.12278,2,0.3333,0.3333,0.3333,0.863,0.3339,-0.21366,-0.4347,1,0.3333,0.3333,0.3333,0.258,0.237,-0.57425,-3.4752,1.523,46.687,0.3333,0.3333,0.3333,0.3333,0.3333,0.3333,0.3333,0.3333,0.3333,0.3333,0.3333,0.3333,0.3333,0.3333,0.3333,0.3333,0.3333,0.3333,,,,,,,,,,,,,,,,,,,42.938,2.729,0.19,3.749,70.481,15.654,87.665
21,2026-05-14T16:58:39.860777+00:00,gaming,GND,18.069,25.485,25.485,0.5,0.5,38.736,34.604,0.4718,0.5282,0.8065,0.4517,0,0.3333,0.3333,0.3333,0.523,0.2034,-0.09771,-0.55769,0,0.3333,0.3333,0.3333,0.107,0.1777,-0.08935,-0.69383,1,0.3333,0.3333,0.3333,0.178,0.0571,-0.13216,-2.59207,0.808,35.412,0.3333,0.3333,0.3333,0.3333,0.3333,0.3333,0.3333,0.3333,0.3333,0.3333,0.3333,0.3333,0.3333,0.3333,0.3333,0.3333,0.3333,0.3333,,,,,,,,,,,,,,,,,,,35.106,0.0,0.306,0.306,70.481,15.959,87.971
22,2026-05-14T16:58:45.878023+00:00,gaming,GND,14.065,21.685,21.685,0.5,0.5,35.638,30.884,0.4643,0.5357,0.8146,0.4564,2,0.3333,0.3333,0.3333,0.355,0.2511,-0.1145,-0.28831,1,0.3333,0.3333,0.3333,0.195,0.1147,-0.08047,-0.33081,2,0.3333,0.3333,0.3333,0.325,0.1469,-0.11746,-0.38529,0.876,31.76,0.3333,0.3333,0.3333,0.3333,0.3333,0.3333,0.3333,0.3333,0.3333,0.3333,0.3333,0.3333,0.3333,0.3333,0.3333,0.3333,0.3333,0.3333,,,,,,,,,,,,,,,,,,,31.386,0.0,0.374,0.374,70.481,16.334,88.345
23,2026-05-14T16:58:51.877424+00:00,gaming,ISL,11.076,21.461,11.076,0.5,0.5,33.536,30.74,0.4783,0.5217,0.8219,0.4612,2,0.3333,0.3333,0.3333,1.124,0.3433,-0.28765,-0.56471,0,0.3333,0.3333,0.3333,0.159,0.1511,-0.28415,-1.45758,0,0.3333,0.3333,0.3333,0.465,0.1111,-0.55353,-6.90776,1.747,35.283,0.3333,0.3333,0.3333,0.3333,0.3333,0.3333,0.3333,0.3333,0.3333,0.3333,0.3333,0.3333,0.3333,0.3333,0.3333,0.3333,0.3333,0.3333,,,,,,,,,,,,,,,,,,,31.241,2.795,0.464,4.041,73.276,16.798,92.387
24,2026-05-14T16:58:57.883987+00:00,gaming,ISL,14.015,25.885,14.015,0.5,0.5,37.327,35.246,0.4857,0.5143,0.8284,0.4658,2,0.3333,0.3333,0.3333,1.331,0.349,-0.26693,-0.51149,1,0.3333,0.3333,0.3333,0.193,0.2255,-0.28073,-0.89048,0,0.3333,0.3333,0.3333,0.149,0.1111,-0.58506,-6.90776,1.673,39.0,0.3333,0.3333,0.3333,0.3333,0.3333,0.3333,0.3333,0.3333,0.3333,0.3333,0.3333,0.3333,0.3333,0.3333,0.3333,0.3333,0.3333,0.3333,,,,,,,,,,,,,,,,,,,35.746,2.082,0.402,3.254,75.358,17.2,95.641
25,2026-05-14T16:59:03.889419+00:00,gaming,GND,19.434,28.105,28.105,0.5,0.5,43.544,37.547,0.463,0.537,0.8341,0.4704,1,0.3333,0.3333,0.3333,0.403,0.1307,-0.10967,-0.40927,1,0.3333,0.3333,0.3333,0.427,0.116,-0.0573,-0.22385,1,0.3333,0.3333,0.3333,0.242,0.0571,-0.12581,-2.12559,1.072,38.619,0.3333,0.3333,0.3333,0.3333,0.3333,0.3333,0.3333,0.3333,0.3333,0.3333,0.3333,0.3333,0.3333,0.3333,0.3333,0.3333,0.3333,0.3333,,,,,,,,,,,,,,,,,,,38.047,0.0,0.573,0.573,75.358,17.772,96.214
26,2026-05-14T16:59:09.895616+00:00,gaming,ISL,32.073,25.323,32.073,0.5,0.5,56.907,34.847,0.3798,0.6202,0.8389,0.475,2,0.3333,0.3333,0.3333,1.836,0.3599,-0.21642,-0.3925,2,0.3333,0.3333,0.3333,0.688,0.3592,-0.23119,-0.4804,2,0.3333,0.3333,0.3333,1.515,0.4444,-0.44847,-0.51689,4.039,60.946,0.3333,0.3333,0.3333,0.3333,0.3333,0.3333,0.3333,0.3333,0.3333,0.3333,0.3333,0.3333,0.3333,0.3333,0.3333,0.3333,0.3333,0.3333,,,,,,,,,,,,,,,,,,,35.345,22.06,2.784,25.6,97.418,20.557,121.814
27,2026-05-14T16:59:15.904277+00:00,gaming,ISL,38.386,35.039,38.386,0.5,0.5,63.847,44.645,0.4115,0.5885,0.8429,0.4795,0,0.3333,0.3333,0.3333,0.446,0.1633,-0.35535,-2.70005,1,0.3333,0.3333,0.3333,0.22,0.2492,-0.27804,-0.8768,1,0.3333,0.3333,0.3333,1.855,0.237,-0.41448,-1.20209,2.521,66.369,0.3333,0.3333,0.3333,0.3333,0.3333,0.3333,0.3333,0.3333,0.3333,0.3333,0.3333,0.3333,0.3333,0.3333,0.3333,0.3333,0.3333,0.3333,,,,,,,,,,,,,,,,,,,45.143,19.202,1.27,21.225,116.62,21.827,143.04
28,2026-05-14T16:59:21.911642+00:00,gaming,ISL,16.406,29.23,16.406,0.5,0.5,42.38,38.919,0.4787,0.5213,0.846,0.484,1,0.3333,0.3333,0.3333,0.277,0.2325,-0.37233,-1.19775,2,0.3333,0.3333,0.3333,1.901,0.365,-0.10988,-0.20004,2,0.3333,0.3333,0.3333,3.473,0.4444,-0.25269,-0.25802,5.651,48.031,0.3333,0.3333,0.3333,0.3333,0.3333,0.3333,0.3333,0.3333,0.3333,0.3333,0.3333,0.3333,0.3333,0.3333,0.3333,0.3333,0.3333,0.3333,,,,,,,,,,,,,,,,,,,39.417,3.46,4.401,8.614,120.08,26.228,151.654
29,2026-05-14T16:59:27.918574+00:00,gaming,GND,19.448,29.181,29.181,0.5,0.5,45.802,38.953,0.4596,0.5404,0.8482,0.4883,0,0.3333,0.3333,0.3333,0.343,0.1796,-0.11568,-0.70542,1,0.3333,0.3333,0.3333,0.807,0.1195,-0.01927,-0.06982,2,0.3333,0.3333,0.3333,0.137,0.1469,-0.13634,-0.46386,1.287,40.241,0.3333,0.3333,0.3333,0.3333,0.3333,0.3333,0.3333,0.3333,0.3333,0.3333,0.3333,0.3333,0.3333,0.3333,0.3333,0.3333,0.3333,0.3333,,,,,,,,,,,,,,,,,,,39.45,0.0,0.791,0.791,120.08,27.019,152.444
30,2026-05-14T16:59:33.918977+00:00,mixed,GND,28.483,25.446,25.446,0.5,0.5,55.071,35.302,0.3906,0.6094,0.8496,0.4927,1,0.3333,0.3333,0.3333,0.403,0.2637,-0.10973,-0.40956,0,0.3333,0.3333,0.3333,0.111,0.2214,-0.08895,-0.68937,2,0.3333,0.3333,0.3333,0.227,0.2449,-0.12735,-0.53786,0.74,36.041,0.3333,0.3333,0.3333,0.3333,0.3333,0.3333,0.3333,0.3333,0.3333,0.3333,0.3333,0.3333,0.3333,0.3333,0.3333,0.3333,0.3333,0.3333,,,,,,,,,,,,,,,,,,,35.886,0.0,0.155,0.155,120.08,27.174,152.599
31,2026-05-14T16:59:39.925867+00:00,mixed,GND,20.743,21.589,21.589,0.5,0.5,47.41,31.528,0.3994,0.6006,0.85,0.4969,2,0.3333,0.3333,0.3333,0.537,0.4456,-0.0963,-0.23654,1,0.3333,0.3333,0.3333,0.35,0.2361,-0.06504,-0.2583,2,0.3333,0.3333,0.3333,0.197,0.2449,-0.13026,-0.55431,1.084,32.612,0.3333,0.3333,0.3333,0.3333,0.3333,0.3333,0.3333,0.3333,0.3333,0.3333,0.3333,0.3333,0.3333,0.3333,0.3333,0.3333,0.3333,0.3333,,,,,,,,,,,,,,,,,,,32.112,0.0,0.5,0.5,120.08,27.674,153.1
32,2026-05-14T16:59:45.930482+00:00,mixed,ISL,26.355,22.707,26.355,0.5,0.5,52.942,32.731,0.382,0.618,0.8496,0.5011,1,0.3333,0.3333,0.3333,3.079,0.4764,-0.09214,-0.18966,0,0.3333,0.3333,0.3333,0.657,0.3433,-0.23433,-1.00152,2,0.3333,0.3333,0.3333,1.204,0.5333,-0.47962,-1.27095,4.939,57.881,0.3333,0.3333,0.3333,0.3333,0.3333,0.3333,0.3333,0.3333,0.3333,0.3333,0.3333,0.3333,0.3333,0.3333,0.3333,0.3333,0.3333,0.3333,,,,,,,,,,,,,,,,,,,33.313,20.212,2.136,24.568,140.292,29.811,177.668
33,2026-05-14T16:59:51.934739+00:00,mixed,GND,40.196,26.054,26.054,0.5,0.5,66.55,36.161,0.3521,0.6479,0.8482,0.5053,0,0.3333,0.3333,0.3333,0.408,0.2553,-0.10923,-0.64982,0,0.3333,0.3333,0.3333,0.219,0.2104,-0.07814,-0.57549,1,0.3333,0.3333,0.3333,0.325,0.1714,-0.11753,-0.79509,0.951,37.112,0.3333,0.3333,0.3333,0.3333,0.3333,0.3333,0.3333,0.3333,0.3333,0.3333,0.3333,0.3333,0.3333,0.3333,0.3333,0.3333,0.3333,0.3333,,,,,,,,,,,,,,,,,,,36.743,0.0,0.369,0.369,140.292,30.18,178.037
34,2026-05-14T16:59:57.946815+00:00,mixed,GND,19.687,30.496,30.496,0.5,0.5,45.661,40.687,0.4712,0.5288,0.846,0.5094,0,0.3333,0.3333,0.3333,0.369,0.2512,-0.11309,-0.68272,1,0.3333,0.3333,0.3333,0.3,0.2404,-0.07005,-0.28125,2,0.3333,0.3333,0.3333,0.684,0.2449,-0.08164,-0.31017,1.352,42.039,0.3333,0.3333,0.3333,0.3333,0.3333,0.3333,0.3333,0.3333,0.3333,0.3333,0.3333,0.3333,0.3333,0.3333,0.3333,0.3333,0.3333,0.3333,,,,,,,,,,,,,,,,,,,41.268,0.0,0.772,0.772,140.292,30.952,178.809
35,2026-05-14T17:00:03.955030+00:00,mixed,GND,37.349,30.063,30.063,0.5,0.5,62.811,40.338,0.3911,0.6089,0.8429,0.5134,2,0.3333,0.3333,0.3333,1.063,0.4446,-0.04371,-0.1005,0,0.3333,0.3333,0.3333,0.162,0.2029,-0.08378,-0.63332,1,0.3333,0.3333,0.3333,0.059,0.1714,-0.14409,-1.11602,1.284,41.622,0.3333,0.3333,0.3333,0.3333,0.3333,0.3333,0.3333,0.3333,0.3333,0.3333,0.3333,0.3333,0.3333,0.3333,0.3333,0.3333,0.3333,0.3333,,,,,,,,,,,,,,,,,,,40.917,0.0,0.705,0.705,140.292,31.656,179.514
36,2026-05-14T17:00:09.964013+00:00,mixed,GND,16.407,29.207,29.207,0.5,0.5,41.24,39.565,0.4896,0.5104,0.8389,0.5173,0,0.3333,0.3333,0.3333,0.273,0.2429,-0.12267,-0.76934,0,0.3333,0.3333,0.3333,0.128,0.1991,-0.08717,-0.66976,1,0.3333,0.3333,0.3333,0.099,0.1714,-0.14015,-1.06139,0.5,40.065,0.3333,0.3333,0.3333,0.3333,0.3333,0.3333,0.3333,0.3333,0.3333,0.3333,0.3333,0.3333,0.3333,0.3333,0.3333,0.3333,0.3333,0.3333,,,,,,,,,,,,,,,,,,,40.144,0.0,0.0,0.0,140.292,31.656,179.514
37,2026-05-14T17:00:15.968249+00:00,mixed,ISL,36.726,29.219,36.726,0.5,0.5,60.835,39.661,0.3946,0.6054,0.8341,0.5211,1,0.3333,0.3333,0.3333,0.925,0.5238,-0.30753,-0.85947,0,0.3333,0.3333,0.3333,0.395,0.4102,-0.26053,-1.21548,2,0.3333,0.3333,0.3333,1.218,0.5333,-0.47823,-1.26351,2.537,63.373,0.3333,0.3333,0.3333,0.3333,0.3333,0.3333,0.3333,0.3333,0.3333,0.3333,0.3333,0.3333,0.3333,0.3333,0.3333,0.3333,0.3333,0.3333,,,,,,,,,,,,,,,,,,,40.238,21.175,0.0,23.135,161.467,31.656,202.648
38,2026-05-14T17:00:21.973066+00:00,mixed,ISL,27.481,23.201,27.481,0.5,0.5,50.793,33.725,0.399,0.601,0.8284,0.5249,0,0.3333,0.3333,0.3333,0.561,0.3739,-0.34391,-2.33074,0,0.3333,0.3333,0.3333,0.396,0.4239,-0.26038,-1.21411,1,0.3333,0.3333,0.3333,2.215,0.6519,-0.37852,-0.62464,3.172,53.965,0.3333,0.3333,0.3333,0.3333,0.3333,0.3333,0.3333,0.3333,0.3333,0.3333,0.3333,0.3333,0.3333,0.3333,0.3333,0.3333,0.3333,0.3333,,,,,,,,,,,,,,,,,,,34.302,17.068,0.198,19.663,178.534,31.855,222.312
39,2026-05-14T17:00:28.005321+00:00,mixed,GND,40.388,26.675,26.675,0.5,0.5,62.848,37.282,0.3723,0.6277,0.8219,0.5286,1,0.3333,0.3333,0.3333,0.681,0.2759,-0.08185,-0.28859,0,0.3333,0.3333,0.3333,0.052,0.1879,-0.09481,-0.75699,1,0.3333,0.3333,0.3333,0.066,0.1714,-0.14342,-1.10648,0.799,38.082,0.3333,0.3333,0.3333,0.3333,0.3333,0.3333,0.3333,0.3333,0.3333,0.3333,0.3333,0.3333,0.3333,0.3333,0.3333,0.3333,0.3333,0.3333,,,,,,,,,,,,,,,,,,,37.858,0.0,0.224,0.224,178.534,32.079,222.535
40,2026-05-14T17:00:33.997851+00:00,mixed,GND,37.465,30.244,30.244,0.5,0.5,59.037,40.934,0.4095,0.5905,0.8146,0.5322,2,0.3333,0.3333,0.3333,0.564,0.4381,-0.09359,-0.22906,0,0.3333,0.3333,0.3333,0.08,0.1843,-0.09201,-0.72413,0,0.3333,0.3333,0.3333,0.116,0.0971,-0.13843,-6.90776,0.76,41.693,0.3333,0.3333,0.3333,0.3333,0.3333,0.3333,0.3333,0.3333,0.3333,0.3333,0.3333,0.3333,0.3333,0.3333,0.3333,0.3333,0.3333,0.3333,,,,,,,,,,,,,,,,,,,41.508,0.0,0.185,0.185,178.534,32.264,222.721
41,2026-05-14T17:00:40.081686+00:00,mixed,GND,23.429,33.814,33.814,0.5,0.5,44.096,44.584,0.5028,0.4972,0.8065,0.5358,0,0.3333,0.3333,0.3333,0.106,0.2223,-0.13937,-0.94101,1,0.3333,0.3333,0.3333,0.104,0.2532,-0.08956,-0.37607,0,0.3333,0.3333,0.3333,0.119,0.0971,-0.13811,-6.90776,0.33,44.914,0.3333,0.3333,0.3333,0.3333,0.3333,0.3333,0.3333,0.3333,0.3333,0.3333,0.3333,0.3333,0.3333,0.3333,0.3333,0.3333,0.3333,0.3333,,,,,,,,,,,,,,,,,,,45.158,0.488,0.0,0.0,179.022,32.264,222.721
42,2026-05-14T17:00:46.030866+00:00,mixed,ISL,42.139,28.653,42.139,0.5,0.5,61.899,39.505,0.3896,0.6104,0.7976,0.5392,1,0.3333,0.3333,0.3333,1.477,0.5673,-0.25232,-0.64075,2,0.3333,0.3333,0.3333,1.58,0.5999,-0.14203,-0.26703,0,0.3333,0.3333,0.3333,1.1,0.5333,-0.48996,-1.3278,4.157,66.056,0.3333,0.3333,0.3333,0.3333,0.3333,0.3333,0.3333,0.3333,0.3333,0.3333,0.3333,0.3333,0.3333,0.3333,0.3333,0.3333,0.3333,0.3333,,,,,,,,,,,,,,,,,,,40.078,22.394,1.026,25.978,201.416,33.29,248.699
43,2026-05-14T17:00:52.042925+00:00,mixed,ISL,26.317,33.375,26.317,0.5,0.5,45.179,44.307,0.4951,0.5049,0.7879,0.5426,0,0.3333,0.3333,0.3333,0.7,0.4502,-0.33004,-2.01257,0,0.3333,0.3333,0.3333,0.549,0.4792,-0.24513,-1.08425,0,0.3333,0.3333,0.3333,1.359,0.5333,-0.46411,-1.19129,2.607,47.786,0.3333,0.3333,0.3333,0.3333,0.3333,0.3333,0.3333,0.3333,0.3333,0.3333,0.3333,0.3333,0.3333,0.3333,0.3333,0.3333,0.3333,0.3333,,,,,,,,,,,,,,,,,,,44.879,0.872,0.0,2.907,202.288,33.29,251.606
44,2026-05-14T17:00:58.056169+00:00,mixed,ISL,19.375,22.279,19.375,0.5,0.5,37.358,33.29,0.4712,0.5288,0.7776,0.5459,1,0.3333,0.3333,0.3333,1.401,0.5804,-0.25992,-0.66817,1,0.3333,0.3333,0.3333,0.841,0.5505,-0.21592,-0.60408,1,0.3333,0.3333,0.3333,2.655,0.6519,-0.33451,-0.52854,4.897,42.254,0.3333,0.3333,0.3333,0.3333,0.3333,0.3333,0.3333,0.3333,0.3333,0.3333,0.3333,0.3333,0.3333,0.3333,0.3333,0.3333,0.3333,0.3333,,,,,,,,,,,,,,,,,,,33.861,4.068,1.694,8.393,206.356,34.984,259.999
45,2026-05-14T17:01:04.066217+00:00,gaming,GND,19.466,29.69,29.69,0.5,0.5,36.598,40.78,0.527,0.473,0.7665,0.5491,0,0.3333,0.3333,0.3333,0.29,0.1162,-0.12099,-0.75359,0,0.3333,0.3333,0.3333,0.04,0.0962,-0.09604,-0.77176,1,0.3333,0.3333,0.3333,0.292,0.0571,-0.12083,-1.86968,0.621,41.402,0.3333,0.3333,0.3333,0.3333,0.3333,0.3333,0.3333,0.3333,0.3333,0.3333,0.3333,0.3333,0.3333,0.3333,0.3333,0.3333,0.3333,0.3333,,,,,,,,,,,,,,,,,,,38.145,4.182,0.138,3.256,210.537,35.122,263.256
46,2026-05-14T17:01:10.073280+00:00,gaming,GND,34.812,25.998,25.998,0.5,0.5,51.125,37.165,0.4209,0.5791,0.7548,0.5523,1,0.3333,0.3333,0.3333,0.475,0.1603,-0.10252,-0.37683,1,0.3333,0.3333,0.3333,0.346,0.15,-0.06537,-0.25978,1,0.3333,0.3333,0.3333,0.098,0.0571,-0.14022,-3.99205,0.919,38.084,0.3333,0.3333,0.3333,0.3333,0.3333,0.3333,0.3333,0.3333,0.3333,0.3333,0.3333,0.3333,0.3333,0.3333,0.3333,0.3333,0.3333,0.3333,,,,,,,,,,,,,,,,,,,37.648,0.0,0.436,0.436,210.537,35.558,263.692
47,2026-05-14T17:01:16.079403+00:00,gaming,ISL,39.44,22.779,39.44,0.5,0.5,54.972,34.022,0.3823,0.6177,0.7425,0.5553,1,0.3333,0.3333,0.3333,0.521,0.3799,-0.34789,-1.05641,1,0.3333,0.3333,0.3333,1.025,0.3586,-0.19747,-0.53562,0,0.3333,0.3333,0.3333,0.403,0.1111,-0.55974,-6.90776,1.949,56.921,0.3333,0.3333,0.3333,0.3333,0.3333,0.3333,0.3333,0.3333,0.3333,0.3333,0.3333,0.3333,0.3333,0.3333,0.3333,0.3333,0.3333,0.3333,,,,,,,,,,,,,,,,,,,34.505,20.95,0.376,22.417,231.487,35.934,286.108
48,2026-05-14T17:01:22.097771+00:00,gaming,ISL,43.66,38.403,43.66,0.5,0.5,58.449,49.721,0.4597,0.5403,0.7295,0.5582,2,0.3333,0.3333,0.3333,0.943,0.3744,-0.30568,-0.61344,1,0.3333,0.3333,0.3333,0.405,0.3563,-0.25954,-0.78752,1,0.3333,0.3333,0.3333,3.438,0.237,-0.2562,-0.56622,4.786,63.235,0.3333,0.3333,0.3333,0.3333,0.3333,0.3333,0.3333,0.3333,0.3333,0.3333,0.3333,0.3333,0.3333,0.3333,0.3333,0.3333,0.3333,0.3333,,,,,,,,,,,,,,,,,,,50.203,8.728,3.207,13.032,240.216,39.14,299.141
49,2026-05-14T17:01:28.110143+00:00,gaming,ISL,20.031,25.414,20.031,0.5,0.5,34.117,36.805,0.519,0.481,0.716,0.5611,2,0.3333,0.3333,0.3333,1.091,0.3699,-0.2909,-0.57332,1,0.3333,0.3333,0.3333,0.364,0.3531,-0.26358,-0.80637,1,0.3333,0.3333,0.3333,0.255,0.237,-0.57454,-3.49119,1.71,35.827,0.3333,0.3333,0.3333,0.3333,0.3333,0.3333,0.3333,0.3333,0.3333,0.3333,0.3333,0.3333,0.3333,0.3333,0.3333,0.3333,0.3333,0.3333,,,,,,,,,,,,,,,,,,,35.698,0.0,0.129,0.129,240.216,39.269,299.269
50,2026-05-14T17:01:34.134395+00:00,gaming,ISL,36.614,29.135,36.614,0.5,0.5,50.037,40.599,0.4479,0.5521,0.702,0.5638,1,0.3333,0.3333,0.3333,1.026,0.3832,-0.29741,-0.81565,2,0.3333,0.3333,0.3333,1.371,0.3209,-0.16293,-0.31311,2,0.3333,0.3333,0.3333,2.086,0.4444,-0.3914,-0.43426,4.483,54.52,0.3333,0.3333,0.3333,0.3333,0.3333,0.3333,0.3333,0.3333,0.3333,0.3333,0.3333,0.3333,0.3333,0.3333,0.3333,0.3333,0.3333,0.3333,,,,,,,,,,,,,,,,,,,41.08,9.438,2.905,13.44,249.654,42.174,312.709
51,2026-05-14T17:01:40.150728+00:00,gaming,GND,10.579,22.774,22.774,0.5,0.5,23.379,34.308,0.5947,0.4053,0.6875,0.5665,1,0.3333,0.3333,0.3333,0.436,0.1728,-0.10644,-0.39447,0,0.3333,0.3333,0.3333,0.106,0.0808,-0.08942,-0.69467,2,0.3333,0.3333,0.3333,0.179,0.1469,-0.13205,-0.44546,0.721,35.029,0.3333,0.3333,0.3333,0.3333,0.3333,0.3333,0.3333,0.3333,0.3333,0.3333,0.3333,0.3333,0.3333,0.3333,0.3333,0.3333,0.3333,0.3333,,,,,,,,,,,,,,,,,,,24.949,10.93,0.24,10.08,260.584,42.414,322.79
52,2026-05-14T17:01:46.160199+00:00,gaming,GND,19.536,25.145,25.145,0.5,0.5,31.751,36.748,0.5365,0.4635,0.6725,0.5691,1,0.3333,0.3333,0.3333,0.665,0.1754,-0.08351,-0.29537,0,0.3333,0.3333,0.3333,0.302,0.0789,-0.06984,-0.4961,1,0.3333,0.3333,0.3333,0.222,0.0571,-0.12784,-2.25276,1.188,37.937,0.3333,0.3333,0.3333,0.3333,0.3333,0.3333,0.3333,0.3333,0.3333,0.3333,0.3333,0.3333,0.3333,0.3333,0.3333,0.3333,0.3333,0.3333,,,,,,,,,,,,,,,,,,,33.309,4.997,0.708,4.627,265.581,43.122,327.417
53,2026-05-14T17:01:52.169290+00:00,gaming,ISL,16.299,29.289,16.299,0.5,0.5,27.967,40.959,0.5942,0.4058,0.6572,0.5716,1,0.3333,0.3333,0.3333,0.709,0.3766,-0.32909,-0.95983,1,0.3333,0.3333,0.3333,0.449,0.3324,-0.25506,-0.76704,2,0.3333,0.3333,0.3333,2.286,0.4444,-0.37136,-0.40681,3.445,31.412,0.3333,0.3333,0.3333,0.3333,0.3333,0.3333,0.3333,0.3333,0.3333,0.3333,0.3333,0.3333,0.3333,0.3333,0.3333,0.3333,0.3333,0.3333,,,,,,,,,,,,,,,,,,,29.509,0.0,1.903,1.903,265.581,45.025,329.32
54,2026-05-14T17:01:58.186471+00:00,gaming,ISL,18.696,29.318,18.696,0.5,0.5,29.853,41.053,0.579,0.421,0.6415,0.5739,0,0.3333,0.3333,0.3333,0.491,0.3333,-0.35087,-2.53858,0,0.3333,0.3333,0.3333,0.436,0.3069,-0.25636,-1.17822,0,0.3333,0.3333,0.3333,1.105,0.1111,-0.4895,-6.90776,2.033,31.885,0.3333,0.3333,0.3333,0.3333,0.3333,0.3333,0.3333,0.3333,0.3333,0.3333,0.3333,0.3333,0.3333,0.3333,0.3333,0.3333,0.3333,0.3333,,,,,,,,,,,,,,,,,,,31.375,0.0,0.51,0.51,265.581,45.535,329.83
55,2026-05-14T17:02:04.201604+00:00,gaming,GND,29.577,26.223,26.223,0.5,0.5,40.256,38.021,0.4857,0.5143,0.6254,0.5762,0,0.3333,0.3333,0.3333,0.239,0.0932,-0.12605,-0.80179,2,0.3333,0.3333,0.3333,0.153,0.1916,-0.08471,-0.2326,1,0.3333,0.3333,0.3333,0.045,0.0571,-0.14554,-6.90776,0.437,38.458,0.3333,0.3333,0.3333,0.3333,0.3333,0.3333,0.3333,0.3333,0.3333,0.3333,0.3333,0.3333,0.3333,0.3333,0.3333,0.3333,0.3333,0.3333,,,,,,,,,,,,,,,,,,,38.501,0.0,0.0,0.0,265.581,45.535,329.83
56,2026-05-14T17:02:10.204660+00:00,gaming,ISL,24.099,31.258,24.099,0.5,0.5,34.332,43.117,0.5567,0.4433,0.6091,0.5784,2,0.3333,0.3333,0.3333,1.392,0.3317,-0.26077,-0.4962,0,0.3333,0.3333,0.3333,0.616,0.2824,-0.23838,-1.03178,0,0.3333,0.3333,0.3333,0.584,0.1111,-0.5416,-6.90776,2.592,36.924,0.3333,0.3333,0.3333,0.3333,0.3333,0.3333,0.3333,0.3333,0.3333,0.3333,0.3333,0.3333,0.3333,0.3333,0.3333,0.3333,0.3333,0.3333,,,,,,,,,,,,,,,,,,,35.808,0.0,1.117,1.117,265.581,46.652,330.946
57,2026-05-14T17:02:16.221035+00:00,gaming,GND,20.386,22.609,22.609,0.5,0.5,30.204,34.527,0.5334,0.4666,0.5926,0.5805,1,0.3333,0.3333,0.3333,0.288,0.1884,-0.12118,-0.4638,2,0.3333,0.3333,0.3333,0.396,0.1861,-0.06044,-0.16025,1,0.3333,0.3333,0.3333,0.051,0.0571,-0.14491,-6.90776,0.735,35.262,0.3333,0.3333,0.3333,0.3333,0.3333,0.3333,0.3333,0.3333,0.3333,0.3333,0.3333,0.3333,0.3333,0.3333,0.3333,0.3333,0.3333,0.3333,,,,,,,,,,,,,,,,,,,31.654,4.323,0.256,3.608,269.904,46.908,334.554
58,2026-05-14T17:02:22.241047+00:00,gaming,ISL,29.786,26.793,29.786,0.5,0.5,39.216,38.767,0.4971,0.5029,0.5758,0.5824,0,0.3333,0.3333,0.3333,0.355,0.2833,-0.36454,-3.1447,0,0.3333,0.3333,0.3333,0.256,0.2551,-0.27442,-1.35063,2,0.3333,0.3333,0.3333,2.705,0.4444,-0.32947,-0.35172,3.316,42.532,0.3333,0.3333,0.3333,0.3333,0.3333,0.3333,0.3333,0.3333,0.3333,0.3333,0.3333,0.3333,0.3333,0.3333,0.3333,0.3333,0.3333,0.3333,,,,,,,,,,,,,,,,,,,39.246,0.449,1.891,3.286,270.353,48.799,337.84
59,2026-05-14T17:02:28.252653+00:00,gaming,GND,11.342,21.506,21.506,0.5,0.5,20.412,33.534,0.6216,0.3784,0.559,0.5843,1,0.3333,0.3333,0.3333,0.463,0.1936,-0.1037,-0.38213,2,0.3333,0.3333,0.3333,0.665,0.181,-0.03345,-0.08552,0,0.3333,0.3333,0.3333,0.047,0.0229,-0.14529,-6.90776,1.176,34.71,0.3333,0.3333,0.3333,0.3333,0.3333,0.3333,0.3333,0.3333,0.3333,0.3333,0.3333,0.3333,0.3333,0.3333,0.3333,0.3333,0.3333,0.3333,,,,,,,,,,,,,,,,,,,21.811,13.122,0.697,12.899,283.476,49.496,350.739
60,2026-05-14T17:02:34.261123+00:00,gaming,ISL,32.83,25.001,32.83,0.5,0.5,41.564,37.081,0.4715,0.5285,0.542,0.5861,1,0.3333,0.3333,0.3333,1.708,0.3292,-0.22918,-0.5616,2,0.3333,0.3333,0.3333,1.197,0.2692,-0.1803,-0.35311,0,0.3333,0.3333,0.3333,0.105,0.1111,-0.58953,-6.90776,3.01,44.574,0.3333,0.3333,0.3333,0.3333,0.3333,0.3333,0.3333,0.3333,0.3333,0.3333,0.3333,0.3333,0.3333,0.3333,0.3333,0.3333,0.3333,0.3333,,,,,,,,,,,,,,,,,,,37.56,4.482,1.636,7.013,287.958,51.132,357.753
61,2026-05-14T17:02:40.282777+00:00,gaming,GND,19.949,30.614,30.614,0.5,0.5,28.37,42.743,0.6011,0.3989,0.525,0.5878,0,0.3333,0.3333,0.3333,0.142,0.0923,-0.13578,-0.90155,2,0.3333,0.3333,0.3333,0.321,0.1763,-0.06794,-0.18206,0,0.3333,0.3333,0.3333,0.069,0.0229,-0.14305,-6.90776,0.532,43.276,0.3333,0.3333,0.3333,0.3333,0.3333,0.3333,0.3333,0.3333,0.3333,0.3333,0.3333,0.3333,0.3333,0.3333,0.3333,0.3333,0.3333,0.3333,,,,,,,,,,,,,,,,,,,29.72,14.374,0.053,13.556,302.332,51.185,371.309
62,2026-05-14T17:02:46.304705+00:00,gaming,GND,10.922,23.03,23.03,0.5,0.5,19.052,35.205,0.6489,0.3511,0.508,0.5893,0,0.3333,0.3333,0.3333,0.177,0.0932,-0.13227,-0.86437,2,0.3333,0.3333,0.3333,0.543,0.1742,-0.04567,-0.11867,1,0.3333,0.3333,0.3333,0.068,0.0571,-0.14322,-6.90776,0.788,35.994,0.3333,0.3333,0.3333,0.3333,0.3333,0.3333,0.3333,0.3333,0.3333,0.3333,0.3333,0.3333,0.3333,0.3333,0.3333,0.3333,0.3333,0.3333,,,,,,,,,,,,,,,,,,,20.38,16.153,0.309,15.614,318.485,51.494,386.923
63,2026-05-14T17:02:52.306870+00:00,gaming,ISL,31.847,24.95,31.847,0.5,0.5,39.706,37.169,0.4835,0.5165,0.491,0.5908,0,0.3333,0.3333,0.3333,0.909,0.207,-0.30914,-1.66867,0,0.3333,0.3333,0.3333,0.156,0.1894,-0.28443,-1.46081,1,0.3333,0.3333,0.3333,0.377,0.237,-0.56226,-2.97218,1.442,41.148,0.3333,0.3333,0.3333,0.3333,0.3333,0.3333,0.3333,0.3333,0.3333,0.3333,0.3333,0.3333,0.3333,0.3333,0.3333,0.3333,0.3333,0.3333,,,,,,,,,,,,,,,,,,,37.648,2.537,0.134,3.5,321.023,51.628,390.422
64,2026-05-14T17:02:58.320624+00:00,gaming,ISL,37.871,32.366,37.871,0.5,0.5,45.478,44.626,0.4953,0.5047,0.4742,0.5921,1,0.3333,0.3333,0.3333,1.505,0.2911,-0.2495,-0.63075,1,0.3333,0.3333,0.3333,0.25,0.2409,-0.27497,-0.86141,1,0.3333,0.3333,0.3333,0.256,0.237,-0.57443,-3.48531,2.011,47.489,0.3333,0.3333,0.3333,0.3333,0.3333,0.3333,0.3333,0.3333,0.3333,0.3333,0.3333,0.3333,0.3333,0.3333,0.3333,0.3333,0.3333,0.3333,,,,,,,,,,,,,,,,,,,45.105,0.852,0.721,2.384,321.875,52.349,392.806
65,2026-05-14T17:03:04.340877+00:00,gaming,ISL,30.087,28.881,30.087,0.5,0.5,37.46,41.178,0.5236,0.4764,0.4574,0.5934,2,0.3333,0.3333,0.3333,0.619,0.2847,-0.3381,-0.70755,0,0.3333,0.3333,0.3333,0.284,0.1693,-0.27157,-1.32137,1,0.3333,0.3333,0.3333,1.142,0.237,-0.48582,-1.71385,2.045,39.505,0.3333,0.3333,0.3333,0.3333,0.3333,0.3333,0.3333,0.3333,0.3333,0.3333,0.3333,0.3333,0.3333,0.3333,0.3333,0.3333,0.3333,0.3333,,,,,,,,,,,,,,,,,,,38.734,0.0,0.77,0.77,321.875,53.119,393.576
66,2026-05-14T17:03:10.370779+00:00,gaming,GND,32.494,25.191,25.191,0.5,0.5,39.648,37.522,0.4862,0.5138,0.4409,0.5945,1,0.3333,0.3333,0.3333,0.471,0.21,-0.10292,-0.37863,2,0.3333,0.3333,0.3333,0.157,0.1675,-0.08433,-0.23143,0,0.3333,0.3333,0.3333,0.052,0.0229,-0.14482,-6.90776,0.679,38.202,0.3333,0.3333,0.3333,0.3333,0.3333,0.3333,0.3333,0.3333,0.3333,0.3333,0.3333,0.3333,0.3333,0.3333,0.3333,0.3333,0.3333,0.3333,,,,,,,,,,,,,,,,,,,38.003,0.0,0.199,0.199,321.875,53.318,393.776
67,2026-05-14T17:03:16.386165+00:00,gaming,ISL,24.481,30.496,24.481,0.5,0.5,31.432,42.86,0.5769,0.4231,0.4246,0.5956,2,0.3333,0.3333,0.3333,0.436,0.2774,-0.35637,-0.76477,0,0.3333,0.3333,0.3333,0.116,0.1554,-0.28843,-1.50853,1,0.3333,0.3333,0.3333,0.565,0.237,-0.54346,-2.49004,1.117,32.549,0.3333,0.3333,0.3333,0.3333,0.3333,0.3333,0.3333,0.3333,0.3333,0.3333,0.3333,0.3333,0.3333,0.3333,0.3333,0.3333,0.3333,0.3333,,,,,,,,,,,,,,,,,,,32.684,0.0,0.0,0.0,321.875,53.318,393.776
68,2026-05-14T17:03:22.424103+00:00,gaming,ISL,13.937,21.517,13.937,0.5,0.5,20.7,33.908,0.6209,0.3791,0.4085,0.5965,1,0.3333,0.3333,0.3333,0.547,0.2544,-0.34528,-1.04244,1,0.3333,0.3333,0.3333,0.899,0.2123,-0.21013,-0.58211,1,0.3333,0.3333,0.3333,0.633,0.237,-0.53671,-2.36122,2.079,22.779,0.3333,0.3333,0.3333,0.3333,0.3333,0.3333,0.3333,0.3333,0.3333,0.3333,0.3333,0.3333,0.3333,0.3333,0.3333,0.3333,0.3333,0.3333,,,,,,,,,,,,,,,,,,,21.946,0.0,0.833,0.833,321.875,54.152,394.609
69,2026-05-14T17:03:28.444198+00:00,gaming,ISL,19.008,21.409,19.008,0.5,0.5,25.596,33.826,0.5693,0.4307,0.3928,0.5973,2,0.3333,0.3333,0.3333,0.781,0.2719,-0.32188,-0.65936,1,0.3333,0.3333,0.3333,0.248,0.2067,-0.27517,-0.86239,1,0.3333,0.3333,0.3333,1.823,0.237,-0.41772,-1.22048,2.852,28.448,0.3333,0.3333,0.3333,0.3333,0.3333,0.3333,0.3333,0.3333,0.3333,0.3333,0.3333,0.3333,0.3333,0.3333,0.3333,0.3333,0.3333,0.3333,,,,,,,,,,,,,,,,,,,26.837,0.0,1.611,1.611,321.875,55.763,396.22
70,2026-05-14T17:03:34.488145+00:00,gaming,ISL,28.801,25.885,28.801,0.5,0.5,35.226,38.324,0.5211,0.4789,0.3775,0.598,0,0.3333,0.3333,0.3333,0.124,0.1524,-0.38757,-6.90776,0,0.3333,0.3333,0.3333,0.21,0.1482,-0.27895,-1.39906,1,0.3333,0.3333,0.3333,0.255,0.237,-0.57448,-3.48801,0.59,35.816,0.3333,0.3333,0.3333,0.3333,0.3333,0.3333,0.3333,0.3333,0.3333,0.3333,0.3333,0.3333,0.3333,0.3333,0.3333,0.3333,0.3333,0.3333,,,,,,,,,,,,,,,,,,,36.466,0.0,0.0,0.0,321.875,55.763,396.22
71,2026-05-14T17:03:40.504759+00:00,gaming,GND,12.536,21.951,21.951,0.5,0.5,18.81,34.408,0.6465,0.3535,0.3625,0.5986,1,0.3333,0.3333,0.3333,0.523,0.2195,-0.09768,-0.35546,2,0.3333,0.3333,0.3333,0.968,0.1634,-0.00316,-0.00776,2,0.3333,0.3333,0.3333,0.299,0.1469,-0.12011,-0.39594,1.791,36.199,0.3333,0.3333,0.3333,0.3333,0.3333,0.3333,0.3333,0.3333,0.3333,0.3333,0.3333,0.3333,0.3333,0.3333,0.3333,0.3333,0.3333,0.3333,,,,,,,,,,,,,,,,,,,20.052,15.598,1.308,16.147,337.473,57.071,412.367
72,2026-05-14T17:03:46.523237+00:00,gaming,GND,22.543,25.703,25.703,0.5,0.5,28.678,38.176,0.571,0.429,0.348,0.5991,1,0.3333,0.3333,0.3333,0.277,0.2211,-0.1223,-0.46928,2,0.3333,0.3333,0.3333,0.311,0.1633,-0.0689,-0.18489,1,0.3333,0.3333,0.3333,0.524,0.0571,-0.09762,-1.14985,1.112,39.287,0.3333,0.3333,0.3333,0.3333,0.3333,0.3333,0.3333,0.3333,0.3333,0.3333,0.3333,0.3333,0.3333,0.3333,0.3333,0.3333,0.3333,0.3333,,,,,,,,,,,,,,,,,,,29.924,9.498,0.629,9.363,346.97,57.7,421.73
73,2026-05-14T17:03:52.546168+00:00,gaming,ISL,40.362,26.54,40.362,0.5,0.5,46.368,39.025,0.457,0.543,0.334,0.5995,2,0.3333,0.3333,0.3333,1.021,0.2667,-0.29788,-0.59206,0,0.3333,0.3333,0.3333,0.203,0.1583,-0.27969,-1.40715,0,0.3333,0.3333,0.3333,0.486,0.1111,-0.55144,-6.90776,1.71,48.078,0.3333,0.3333,0.3333,0.3333,0.3333,0.3333,0.3333,0.3333,0.3333,0.3333,0.3333,0.3333,0.3333,0.3333,0.3333,0.3333,0.3333,0.3333,,,,,,,,,,,,,,,,,,,39.509,7.343,0.456,8.57,354.313,58.156,430.299
74,2026-05-14T17:03:58.557271+00:00,gaming,ISL,37.799,30.169,37.799,0.5,0.5,43.686,42.662,0.4941,0.5059,0.3205,0.5998,1,0.3333,0.3333,0.3333,0.419,0.2183,-0.35808,-1.11292,2,0.3333,0.3333,0.3333,0.599,0.2441,-0.24006,-0.50435,2,0.3333,0.3333,0.3333,1.427,0.4444,-0.45734,-0.53036,2.445,46.131,0.3333,0.3333,0.3333,0.3333,0.3333,0.3333,0.3333,0.3333,0.3333,0.3333,0.3333,0.3333,0.3333,0.3333,0.3333,0.3333,0.3333,0.3333,,,,,,,,,,,,,,,,,,,43.146,1.024,1.181,2.985,355.337,59.336,433.284
75,2026-05-14T17:04:04.566705+00:00,mixed,GND,23.103,33.767,33.767,0.5,0.5,28.879,46.266,0.6157,0.3843,0.3075,0.5999,2,0.3333,0.3333,0.3333,0.42,0.3668,-0.10805,-0.26965,2,0.3333,0.3333,0.3333,0.587,0.3274,-0.0413,-0.10668,1,0.3333,0.3333,0.3333,0.102,0.1714,-0.1398,-1.05677,1.108,47.374,0.3333,0.3333,0.3333,0.3333,0.3333,0.3333,0.3333,0.3333,0.3333,0.3333,0.3333,0.3333,0.3333,0.3333,0.3333,0.3333,0.3333,0.3333,,,,,,,,,,,,,,,,,,,31.687,17.386,0.537,15.687,372.724,59.873,448.97
76,2026-05-14T17:04:10.588374+00:00,mixed,ISL,15.747,28.972,15.747,0.5,0.5,21.422,41.472,0.6594,0.3406,0.2952,0.6,2,0.3333,0.3333,0.3333,1.306,0.535,-0.2694,-0.51767,1,0.3333,0.3333,0.3333,1.244,0.3814,-0.17562,-0.46014,0,0.3333,0.3333,0.3333,1.945,0.5333,-0.40551,-0.93716,4.495,25.917,0.3333,0.3333,0.3333,0.3333,0.3333,0.3333,0.3333,0.3333,0.3333,0.3333,0.3333,0.3333,0.3333,0.3333,0.3333,0.3333,0.3333,0.3333,,,,,,,,,,,,,,,,,,,24.254,0.0,1.663,1.663,372.724,61.536,450.633
77,2026-05-14T17:04:16.611175+00:00,mixed,GND,31.718,29.418,29.418,0.5,0.5,37.301,41.916,0.5291,0.4709,0.2835,0.5999,2,0.3333,0.3333,0.3333,1.311,0.3688,-0.01894,-0.04231,0,0.3333,0.3333,0.3333,0.087,0.174,-0.09135,-0.71649,0,0.3333,0.3333,0.3333,0.049,0.0971,-0.14512,-6.90776,1.446,43.362,0.3333,0.3333,0.3333,0.3333,0.3333,0.3333,0.3333,0.3333,0.3333,0.3333,0.3333,0.3333,0.3333,0.3333,0.3333,0.3333,0.3333,0.3333,,,,,,,,,,,,,,,,,,,40.16,4.616,0.873,3.202,377.339,62.409,453.835
78,2026-05-14T17:04:22.631400+00:00,mixed,ISL,19.17,21.925,19.17,0.5,0.5,24.668,34.419,0.5825,0.4175,0.2724,0.5998,1,0.3333,0.3333,0.3333,2.532,0.4272,-0.14676,-0.32181,1,0.3333,0.3333,0.3333,0.756,0.3851,-0.22445,-0.6374,2,0.3333,0.3333,0.3333,1.784,0.5333,-0.42159,-1.00071,5.072,29.74,0.3333,0.3333,0.3333,0.3333,0.3333,0.3333,0.3333,0.3333,0.3333,0.3333,0.3333,0.3333,0.3333,0.3333,0.3333,0.3333,0.3333,0.3333,,,,,,,,,,,,,,,,,,,27.559,0.0,2.181,2.181,377.339,64.59,456.016
79,2026-05-14T17:04:28.643570+00:00,mixed,ISL,29.946,29.517,29.946,0.5,0.5,35.366,42.002,0.5429,0.4571,0.2621,0.5995,1,0.3333,0.3333,0.3333,1.124,0.4289,-0.2876,-0.77491,1,0.3333,0.3333,0.3333,0.468,0.3883,-0.25324,-0.75886,0,0.3333,0.3333,0.3333,2.069,0.5333,-0.39308,-0.89068,3.661,39.027,0.3333,0.3333,0.3333,0.3333,0.3333,0.3333,0.3333,0.3333,0.3333,0.3333,0.3333,0.3333,0.3333,0.3333,0.3333,0.3333,0.3333,0.3333,,,,,,,,,,,,,,,,,,,38.292,0.0,0.735,0.735,377.339,65.325,456.751
80,2026-05-14T17:04:34.658520+00:00,mixed,ISL,26.052,32.227,26.052,0.5,0.5,31.402,44.699,0.5874,0.4126,0.2524,0.5991,1,0.3333,0.3333,0.3333,0.741,0.4316,-0.32593,-0.94449,2,0.3333,0.3333,0.3333,1.012,0.5015,-0.19876,-0.39743,2,0.3333,0.3333,0.3333,1.453,0.5333,-0.45466,-1.14566,3.206,34.609,0.3333,0.3333,0.3333,0.3333,0.3333,0.3333,0.3333,0.3333,0.3333,0.3333,0.3333,0.3333,0.3333,0.3333,0.3333,0.3333,0.3333,0.3333,,,,,,,,,,,,,,,,,,,34.365,0.0,0.243,0.243,377.339,65.568,456.995
81,2026-05-14T17:04:40.661463+00:00,mixed,GND,19.131,22.019,22.019,0.5,0.5,24.418,34.476,0.5854,0.4146,0.2435,0.5986,2,0.3333,0.3333,0.3333,1.157,0.3753,-0.03429,-0.07798,2,0.3333,0.3333,0.3333,0.313,0.3346,-0.06872,-0.18436,1,0.3333,0.3333,0.3333,0.077,0.1714,-0.14227,-1.09048,1.547,36.024,0.3333,0.3333,0.3333,0.3333,0.3333,0.3333,0.3333,0.3333,0.3333,0.3333,0.3333,0.3333,0.3333,0.3333,0.3333,0.3333,0.3333,0.3333,,,,,,,,,,,,,,,,,,,27.421,10.058,0.97,8.603,387.397,66.538,465.597
82,2026-05-14T17:04:46.677905+00:00,mixed,GND,15.895,29.084,29.084,0.5,0.5,21.127,41.523,0.6628,0.3372,0.2354,0.598,0,0.3333,0.3333,0.3333,0.181,0.247,-0.13188,-0.86032,2,0.3333,0.3333,0.3333,0.678,0.3365,-0.03215,-0.08205,1,0.3333,0.3333,0.3333,0.567,0.1714,-0.09326,-0.5713,1.427,42.95,0.3333,0.3333,0.3333,0.3333,0.3333,0.3333,0.3333,0.3333,0.3333,0.3333,0.3333,0.3333,0.3333,0.3333,0.3333,0.3333,0.3333,0.3333,,,,,,,,,,,,,,,,,,,24.171,20.396,0.849,18.779,407.793,67.387,484.377
83,2026-05-14T17:04:52.707022+00:00,mixed,GND,31.27,29.748,29.748,0.5,0.5,36.452,42.165,0.5363,0.4637,0.2281,0.5973,2,0.3333,0.3333,0.3333,1.048,0.3797,-0.04523,-0.10418,2,0.3333,0.3333,0.3333,0.564,0.3385,-0.04362,-0.11303,0,0.3333,0.3333,0.3333,0.105,0.0971,-0.13946,-6.90776,1.717,43.882,0.3333,0.3333,0.3333,0.3333,0.3333,0.3333,0.3333,0.3333,0.3333,0.3333,0.3333,0.3333,0.3333,0.3333,0.3333,0.3333,0.3333,0.3333,,,,,,,,,,,,,,,,,,,39.537,5.713,1.137,4.345,413.507,68.524,488.721
84,2026-05-14T17:04:58.730430+00:00,mixed,ISL,29.748,25.788,29.748,0.5,0.5,34.886,38.179,0.5225,0.4775,0.2216,0.5965,1,0.3333,0.3333,0.3333,0.919,0.4524,-0.3081,-0.86201,1,0.3333,0.3333,0.3333,0.617,0.416,-0.2383,-0.69403,1,0.3333,0.3333,0.3333,4.075,0.6519,-0.19246,-0.26945,5.611,40.498,0.3333,0.3333,0.3333,0.3333,0.3333,0.3333,0.3333,0.3333,0.3333,0.3333,0.3333,0.3333,0.3333,0.3333,0.3333,0.3333,0.3333,0.3333,,,,,,,,,,,,,,,,,,,38.013,0.0,2.485,2.485,413.507,71.009,491.206
85,2026-05-14T17:05:04.749823+00:00,mixed,ISL,36.365,29.686,36.365,0.5,0.5,41.467,42.049,0.5035,0.4965,0.2159,0.5956,2,0.3333,0.3333,0.3333,1.554,0.565,-0.24457,-0.45706,2,0.3333,0.3333,0.3333,1.151,0.5234,-0.1849,-0.36397,1,0.3333,0.3333,0.3333,3.81,0.6519,-0.21902,-0.31307,6.515,47.982,0.3333,0.3333,0.3333,0.3333,0.3333,0.3333,0.3333,0.3333,0.3333,0.3333,0.3333,0.3333,0.3333,0.3333,0.3333,0.3333,0.3333,0.3333,,,,,,,,,,,,,,,,,,,42.63,0.0,3.349,5.351,413.507,74.358,496.557
86,2026-05-14T17:05:10.771466+00:00,mixed,ISL,15.483,25.238,15.483,0.5,0.5,20.553,37.57,0.6464,0.3536,0.2111,0.5945,1,0.3333,0.3333,0.3333,0.751,0.4678,-0.32486,-0.93933,2,0.3333,0.3333,0.3333,1.309,0.5285,-0.16908,-0.32709,0,0.3333,0.3333,0.3333,1.071,0.5333,-0.49291,-1.34463,3.132,23.685,0.3333,0.3333,0.3333,0.3333,0.3333,0.3333,0.3333,0.3333,0.3333,0.3333,0.3333,0.3333,0.3333,0.3333,0.3333,0.3333,0.3333,0.3333,,,,,,,,,,,,,,,,,,,23.755,0.0,0.0,0.0,413.507,74.358,496.557
87,2026-05-14T17:05:16.790351+00:00,mixed,GND,24.318,25.544,25.544,0.5,0.5,29.363,37.841,0.5631,0.4369,0.2071,0.5934,0,0.3333,0.3333,0.3333,0.31,0.2673,-0.11903,-0.73554,0,0.3333,0.3333,0.3333,0.373,0.2104,-0.06273,-0.43274,2,0.3333,0.3333,0.3333,0.164,0.2449,-0.13365,-0.57375,0.846,38.687,0.3333,0.3333,0.3333,0.3333,0.3333,0.3333,0.3333,0.3333,0.3333,0.3333,0.3333,0.3333,0.3333,0.3333,0.3333,0.3333,0.3333,0.3333,,,,,,,,,,,,,,,,,,,32.597,8.478,0.262,6.091,421.985,74.621,502.648
88,2026-05-14T17:05:22.811925+00:00,mixed,ISL,25.782,22.345,25.782,0.5,0.5,30.807,34.604,0.529,0.471,0.204,0.5921,2,0.3333,0.3333,0.3333,2.254,0.581,-0.17464,-0.30376,0,0.3333,0.3333,0.3333,1.202,0.4792,-0.17982,-0.66458,1,0.3333,0.3333,0.3333,3.74,0.6519,-0.22598,-0.32481,7.196,38.003,0.3333,0.3333,0.3333,0.3333,0.3333,0.3333,0.3333,0.3333,0.3333,0.3333,0.3333,0.3333,0.3333,0.3333,0.3333,0.3333,0.3333,0.3333,,,,,,,,,,,,,,,,,,,34.067,0.0,3.936,3.936,421.985,78.557,506.584
89,2026-05-14T17:05:28.814291+00:00,mixed,ISL,15.343,28.53,15.343,0.5,0.5,20.354,40.748,0.6669,0.3331,0.2018,0.5908,2,0.3333,0.3333,0.3333,2.399,0.5867,-0.16014,-0.27472,0,0.3333,0.3333,0.3333,1.229,0.4862,-0.17713,-0.65056,2,0.3333,0.3333,0.3333,1.677,0.5333,-0.43228,-1.04531,5.305,25.658,0.3333,0.3333,0.3333,0.3333,0.3333,0.3333,0.3333,0.3333,0.3333,0.3333,0.3333,0.3333,0.3333,0.3333,0.3333,0.3333,0.3333,0.3333,,,,,,,,,,,,,,,,,,,23.633,0.0,2.026,2.026,421.985,80.583,508.61
90,2026-05-14T17:05:34.826703+00:00,mixed,GND,17.918,29.286,29.286,0.5,0.5,22.92,41.461,0.644,0.356,0.2004,0.5893,1,0.3333,0.3333,0.3333,0.155,0.3588,-0.13452,-0.531,1,0.3333,0.3333,0.3333,0.245,0.3268,-0.07545,-0.30665,2,0.3333,0.3333,0.3333,0.387,0.2449,-0.11134,-0.45212,0.787,42.248,0.3333,0.3333,0.3333,0.3333,0.3333,0.3333,0.3333,0.3333,0.3333,0.3333,0.3333,0.3333,0.3333,0.3333,0.3333,0.3333,0.3333,0.3333,,,,,,,,,,,,,,,,,,,26.21,18.541,0.2,16.037,440.526,80.783,524.647
91,2026-05-14T17:05:40.836214+00:00,mixed,GND,16.274,26.91,26.91,0.5,0.5,21.274,39.039,0.6473,0.3527,0.2,0.5878,2,0.3333,0.3333,0.3333,0.367,0.4026,-0.1133,-0.28481,0,0.3333,0.3333,0.3333,0.213,0.2249,-0.07871,-0.58124,1,0.3333,0.3333,0.3333,0.219,0.1714,-0.12806,-0.91029,0.799,39.838,0.3333,0.3333,0.3333,0.3333,0.3333,0.3333,0.3333,0.3333,0.3333,0.3333,0.3333,0.3333,0.3333,0.3333,0.3333,0.3333,0.3333,0.3333,,,,,,,,,,,,,,,,,,,24.567,17.765,0.212,15.271,458.291,80.995,539.918
92,2026-05-14T17:05:46.853778+00:00,mixed,GND,9.262,25.995,25.995,0.5,0.5,14.265,38.075,0.7275,0.2725,0.2004,0.5861,1,0.3333,0.3333,0.3333,0.294,0.3569,-0.12061,-0.46102,1,0.3333,0.3333,0.3333,0.436,0.3253,-0.05641,-0.21995,1,0.3333,0.3333,0.3333,0.095,0.1714,-0.14052,-1.06648,0.825,38.899,0.3333,0.3333,0.3333,0.3333,0.3333,0.3333,0.3333,0.3333,0.3333,0.3333,0.3333,0.3333,0.3333,0.3333,0.3333,0.3333,0.3333,0.3333,,,,,,,,,,,,,,,,,,,17.553,23.81,0.236,21.346,482.101,81.231,561.265
93,2026-05-14T17:05:52.862667+00:00,mixed,GND,26.604,33.922,33.922,0.5,0.5,31.615,45.95,0.5924,0.4076,0.2018,0.5843,1,0.3333,0.3333,0.3333,0.206,0.3558,-0.12942,-0.50476,0,0.3333,0.3333,0.3333,0.247,0.2318,-0.07526,-0.54724,0,0.3333,0.3333,0.3333,0.085,0.0971,-0.14148,-6.90776,0.538,46.489,0.3333,0.3333,0.3333,0.3333,0.3333,0.3333,0.3333,0.3333,0.3333,0.3333,0.3333,0.3333,0.3333,0.3333,0.3333,0.3333,0.3333,0.3333,,,,,,,,,,,,,,,,,,,34.891,14.336,0.0,11.598,496.437,81.231,572.863
94,2026-05-14T17:05:58.880149+00:00,mixed,ISL,43.063,40.855,43.063,0.5,0.5,48.088,52.83,0.5235,0.4765,0.204,0.5824,2,0.3333,0.3333,0.3333,4.13,0.6156,0.01305,0.01938,1,0.3333,0.3333,0.3333,1.394,0.5005,-0.16065,-0.41152,1,0.3333,0.3333,0.3333,2.181,0.6519,-0.38193,-0.6325,7.705,55.793,0.3333,0.3333,0.3333,0.3333,0.3333,0.3333,0.3333,0.3333,0.3333,0.3333,0.3333,0.3333,0.3333,0.3333,0.3333,0.3333,0.3333,0.3333,,,,,,,,,,,,,,,,,,,51.344,0.0,4.449,4.449,496.437,85.68,577.312
95,2026-05-14T17:06:04.895097+00:00,mixed,ISL,18.456,25.696,18.456,0.5,0.5,23.501,37.614,0.6155,0.3845,0.2071,0.5805,1,0.3333,0.3333,0.3333,1.077,0.5513,-0.29229,-0.79417,2,0.3333,0.3333,0.3333,1.723,0.5763,-0.12766,-0.23652,1,0.3333,0.3333,0.3333,3.614,0.6519,-0.23855,-0.34639,6.415,29.916,0.3333,0.3333,0.3333,0.3333,0.3333,0.3333,0.3333,0.3333,0.3333,0.3333,0.3333,0.3333,0.3333,0.3333,0.3333,0.3333,0.3333,0.3333,,,,,,,,,,,,,,,,,,,26.73,0.0,3.186,3.186,496.437,88.866,580.498
96,2026-05-14T17:06:10.935716+00:00,mixed,ISL,24.572,34.979,24.572,0.5,0.5,29.642,46.838,0.6124,0.3876,0.2111,0.5784,0,0.3333,0.3333,0.3333,0.593,0.4635,-0.34075,-2.2487,0,0.3333,0.3333,0.3333,0.962,0.4829,-0.20376,-0.79887,0,0.3333,0.3333,0.3333,1.874,0.5333,-0.41258,-0.96463,3.429,33.071,0.3333,0.3333,0.3333,0.3333,0.3333,0.3333,0.3333,0.3333,0.3333,0.3333,0.3333,0.3333,0.3333,0.3333,0.3333,0.3333,0.3333,0.3333,,,,,,,,,,,,,,,,,,,32.839,0.0,0.232,0.232,496.437,89.097,580.729
97,2026-05-14T17:06:16.945989+00:00,mixed,GND,17.392,29.511,29.511,0.5,0.5,22.493,41.309,0.6475,0.3525,0.2159,0.5762,1,0.3333,0.3333,0.3333,0.318,0.3501,-0.11819,-0.44933,1,0.3333,0.3333,0.3333,0.358,0.3197,-0.06418,-0.25443,0,0.3333,0.3333,0.3333,0.091,0.0971,-0.14093,-6.90776,0.767,42.076,0.3333,0.3333,0.3333,0.3333,0.3333,0.3333,0.3333,0.3333,0.3333,0.3333,0.3333,0.3333,0.3333,0.3333,0.3333,0.3333,0.3333,0.3333,,,,,,,,,,,,,,,,,,,25.655,18.816,0.175,16.422,515.253,89.272,597.151
98,2026-05-14T17:06:22.953837+00:00,mixed,GND,30.647,28.75,28.75,0.5,0.5,35.785,40.485,0.5308,0.4692,0.2216,0.5739,1,0.3333,0.3333,0.3333,0.522,0.3484,-0.09784,-0.35614,0,0.3333,0.3333,0.3333,0.096,0.2466,-0.09041,-0.70581,1,0.3333,0.3333,0.3333,0.204,0.1714,-0.1296,-0.92841,0.822,41.306,0.3333,0.3333,0.3333,0.3333,0.3333,0.3333,0.3333,0.3333,0.3333,0.3333,0.3333,0.3333,0.3333,0.3333,0.3333,0.3333,0.3333,0.3333,,,,,,,,,,,,,,,,,,,38.908,4.699,0.228,2.398,519.952,89.5,599.549
99,2026-05-14T17:06:28.968799+00:00,mixed,ISL,26.163,21.896,26.163,0.5,0.5,31.345,33.566,0.5171,0.4829,0.2281,0.5716,0,0.3333,0.3333,0.3333,0.417,0.4204,-0.35825,-2.82042,1,0.3333,0.3333,0.3333,1.203,0.5347,-0.17967,-0.47371,1,0.3333,0.3333,0.3333,2.698,0.6519,-0.33019,-0.5196,4.319,35.663,0.3333,0.3333,0.3333,0.3333,0.3333,0.3333,0.3333,0.3333,0.3333,0.3333,0.3333,0.3333,0.3333,0.3333,0.3333,0.3333,0.3333,0.3333,,,,,,,,,,,,,,,,,,,34.159,0.0,1.236,1.504,519.952,90.736,601.053
100,2026-05-14T17:06:34.992033+00:00,mixed,GND,21.88,29.698,29.698,0.5,0.5,27.112,41.301,0.6037,0.3963,0.2354,0.5691,2,0.3333,0.3333,0.3333,0.661,0.4292,-0.08386,-0.20265,1,0.3333,0.3333,0.3333,0.327,0.3152,-0.06729,-0.26854,2,0.3333,0.3333,0.3333,0.467,0.2449,-0.10334,-0.41184,1.455,42.756,0.3333,0.3333,0.3333,0.3333,0.3333,0.3333,0.3333,0.3333,0.3333,0.3333,0.3333,0.3333,0.3333,0.3333,0.3333,0.3333,0.3333,0.3333,,,,,,,,,,,,,,,,,,,30.154,14.189,0.861,12.602,534.141,91.597,613.655
101,2026-05-14T17:06:41.004331+00:00,mixed,GND,29.36,26.189,26.189,0.5,0.5,34.648,37.723,0.5212,0.4788,0.2435,0.5665,1,0.3333,0.3333,0.3333,0.39,0.3427,-0.11103,-0.41556,1,0.3333,0.3333,0.3333,0.208,0.3135,-0.07923,-0.32478,2,0.3333,0.3333,0.3333,0.527,0.2449,-0.09728,-0.38241,1.125,38.847,0.3333,0.3333,0.3333,0.3333,0.3333,0.3333,0.3333,0.3333,0.3333,0.3333,0.3333,0.3333,0.3333,0.3333,0.3333,0.3333,0.3333,0.3333,,,,,,,,,,,,,,,,,,,37.65,3.075,0.53,1.197,537.216,92.127,614.851
102,2026-05-14T17:06:47.027387+00:00,mixed,ISL,16.775,20.96,16.775,0.5,0.5,22.126,32.424,0.5944,0.4056,0.2524,0.5638,0,0.3333,0.3333,0.3333,0.939,0.3739,-0.30606,-1.62658,1,0.3333,0.3333,0.3333,0.795,0.5468,-0.2205,-0.62187,1,0.3333,0.3333,0.3333,2.517,0.6519,-0.34826,-0.55759,4.252,26.377,0.3333,0.3333,0.3333,0.3333,0.3333,0.3333,0.3333,0.3333,0.3333,0.3333,0.3333,0.3333,0.3333,0.3333,0.3333,0.3333,0.3333,0.3333,,,,,,,,,,,,,,,,,,,25.09,0.0,1.287,1.287,537.216,93.415,616.139
103,2026-05-14T17:06:53.038561+00:00,mixed,GND,18.897,28.971,28.971,0.5,0.5,24.318,40.362,0.624,0.376,0.2621,0.5611,1,0.3333,0.3333,0.3333,0.544,0.3385,-0.09561,-0.34645,2,0.3333,0.3333,0.3333,1.255,0.3924,0.02553,0.06066,2,0.3333,0.3333,0.3333,0.221,0.2449,-0.12791,-0.54102,2.02,42.382,0.3333,0.3333,0.3333,0.3333,0.3333,0.3333,0.3333,0.3333,0.3333,0.3333,0.3333,0.3333,0.3333,0.3333,0.3333,0.3333,0.3333,0.3333,,,,,,,,,,,,,,,,,,,27.246,16.044,1.425,15.136,553.261,94.84,631.275
104,2026-05-14T17:06:59.064358+00:00,mixed,ISL,35.771,29.798,35.771,0.5,0.5,41.269,41.116,0.4991,0.5009,0.2724,0.5582,1,0.3333,0.3333,0.3333,1.306,0.5965,-0.26936,-0.70329,1,0.3333,0.3333,0.3333,0.878,0.5505,-0.21218,-0.58983,2,0.3333,0.3333,0.3333,1.864,0.5333,-0.41362,-0.96872,4.048,45.317,0.3333,0.3333,0.3333,0.3333,0.3333,0.3333,0.3333,0.3333,0.3333,0.3333,0.3333,0.3333,0.3333,0.3333,0.3333,0.3333,0.3333,0.3333,,,,,,,,,,,,,,,,,,,41.712,0.152,1.153,3.606,553.413,95.993,634.88
105,2026-05-14T17:07:05.082875+00:00,mixed,GND,34.555,21.51,21.51,0.5,0.5,40.138,32.753,0.4493,0.5507,0.2835,0.5553,0,0.3333,0.3333,0.3333,0.289,0.3025,-0.12112,-0.75482,1,0.3333,0.3333,0.3333,0.304,0.306,-0.06962,-0.27926,1,0.3333,0.3333,0.3333,0.314,0.1714,-0.11865,-0.80676,0.906,33.659,0.3333,0.3333,0.3333,0.3333,0.3333,0.3333,0.3333,0.3333,0.3333,0.3333,0.3333,0.3333,0.3333,0.3333,0.3333,0.3333,0.3333,0.3333,,,,,,,,,,,,,,,,,,,33.349,0.0,0.311,0.311,553.413,96.304,635.191
106,2026-05-14T17:07:11.081408+00:00,mixed,ISL,42.256,36.681,42.256,0.5,0.5,47.931,47.848,0.4996,0.5004,0.2952,0.5523,1,0.3333,0.3333,0.3333,2.042,0.5954,-0.19584,-0.45759,0,0.3333,0.3333,0.3333,0.259,0.3621,-0.27408,-1.34717,0,0.3333,0.3333,0.3333,1.246,0.5333,-0.47535,-1.24836,3.547,51.479,0.3333,0.3333,0.3333,0.3333,0.3333,0.3333,0.3333,0.3333,0.3333,0.3333,0.3333,0.3333,0.3333,0.3333,0.3333,0.3333,0.3333,0.3333,,,,,,,,,,,,,,,,,,,48.444,0.083,0.709,3.035,553.496,97.013,638.226
107,2026-05-14T17:07:17.084721+00:00,mixed,GND,21.353,30.382,30.382,0.5,0.5,27.129,41.472,0.6045,0.3955,0.3075,0.5491,1,0.3333,0.3333,0.3333,0.715,0.3291,-0.0785,-0.27499,2,0.3333,0.3333,0.3333,1.067,0.4001,0.00668,0.01624,2,0.3333,0.3333,0.3333,0.404,0.2449,-0.10964,-0.44342,2.185,43.657,0.3333,0.3333,0.3333,0.3333,0.3333,0.3333,0.3333,0.3333,0.3333,0.3333,0.3333,0.3333,0.3333,0.3333,0.3333,0.3333,0.3333,0.3333,,,,,,,,,,,,,,,,,,,29.945,14.343,1.59,13.712,567.839,98.603,651.938
108,2026-05-14T17:07:23.100213+00:00,mixed,GND,22.934,31.143,31.143,0.5,0.5,28.82,42.154,0.5939,0.4061,0.3205,0.5459,0,0.3333,0.3333,0.3333,0.311,0.2999,-0.11886,-0.73403,2,0.3333,0.3333,0.3333,1.176,0.4017,0.01759,0.04219,1,0.3333,0.3333,0.3333,0.187,0.1714,-0.13127,-0.94833,1.674,43.829,0.3333,0.3333,0.3333,0.3333,0.3333,0.3333,0.3333,0.3333,0.3333,0.3333,0.3333,0.3333,0.3333,0.3333,0.3333,0.3333,0.3333,0.3333,,,,,,,,,,,,,,,,,,,31.617,13.334,1.079,12.212,581.173,99.682,664.15
109,2026-05-14T17:07:29.117923+00:00,mixed,GND,21.656,25.072,25.072,0.5,0.5,27.662,36.004,0.5655,0.4345,0.334,0.5426,2,0.3333,0.3333,0.3333,0.713,0.4446,-0.07868,-0.18889,1,0.3333,0.3333,0.3333,0.653,0.2974,-0.03468,-0.12941,1,0.3333,0.3333,0.3333,0.557,0.1714,-0.09429,-0.57986,1.923,37.927,0.3333,0.3333,0.3333,0.3333,0.3333,0.3333,0.3333,0.3333,0.3333,0.3333,0.3333,0.3333,0.3333,0.3333,0.3333,0.3333,0.3333,0.3333,,,,,,,,,,,,,,,,,,,30.444,8.342,1.329,7.483,589.515,101.011,671.633
110,2026-05-14T17:07:35.136875+00:00,mixed,GND,13.579,26.317,26.317,0.5,0.5,19.714,37.169,0.6534,0.3466,0.348,0.5392,1,0.3333,0.3333,0.3333,0.485,0.3216,-0.10153,-0.3724,2,0.3333,0.3333,0.3333,0.7,0.4041,-0.03004,-0.07644,1,0.3333,0.3333,0.3333,0.126,0.1714,-0.13742,-1.02527,1.31,38.479,0.3333,0.3333,0.3333,0.3333,0.3333,0.3333,0.3333,0.3333,0.3333,0.3333,0.3333,0.3333,0.3333,0.3333,0.3333,0.3333,0.3333,0.3333,,,,,,,,,,,,,,,,,,,22.486,17.455,0.716,15.993,606.97,101.726,687.626
111,2026-05-14T17:07:41.154938+00:00,mixed,ISL,36.734,31.072,36.734,0.5,0.5,43.008,41.842,0.4931,0.5069,0.3625,0.5358,1,0.3333,0.3333,0.3333,1.081,0.5743,-0.29186,-0.79239,2,0.3333,0.3333,0.3333,1.52,0.6137,-0.148,-0.27998,1,0.3333,0.3333,0.3333,2.118,0.6519,-0.38824,-0.64717,4.719,47.727,0.3333,0.3333,0.3333,0.3333,0.3333,0.3333,0.3333,0.3333,0.3333,0.3333,0.3333,0.3333,0.3333,0.3333,0.3333,0.3333,0.3333,0.3333,,,,,,,,,,,,,,,,,,,42.437,1.166,1.953,5.291,608.136,103.679,692.917
112,2026-05-14T17:07:47.169268+00:00,mixed,ISL,18.845,21.878,18.845,0.5,0.5,25.27,32.567,0.5631,0.4369,0.3775,0.5322,1,0.3333,0.3333,0.3333,1.134,0.5673,-0.28658,-0.77075,0,0.3333,0.3333,0.3333,0.993,0.3036,-0.2007,-0.78062,2,0.3333,0.3333,0.3333,1.405,0.5333,-0.45951,-1.16883,3.532,28.802,0.3333,0.3333,0.3333,0.3333,0.3333,0.3333,0.3333,0.3333,0.3333,0.3333,0.3333,0.3333,0.3333,0.3333,0.3333,0.3333,0.3333,0.3333,,,,,,,,,,,,,,,,,,,28.034,0.0,0.768,0.768,608.136,104.447,693.685
113,2026-05-14T17:07:53.178715+00:00,mixed,GND,30.795,28.988,28.988,0.5,0.5,37.382,39.595,0.5144,0.4856,0.3928,0.5286,2,0.3333,0.3333,0.3333,0.294,0.4456,-0.12059,-0.30623,0,0.3333,0.3333,0.3333,0.148,0.2618,-0.08524,-0.64886,1,0.3333,0.3333,0.3333,0.74,0.1714,-0.07598,-0.43784,1.182,40.777,0.3333,0.3333,0.3333,0.3333,0.3333,0.3333,0.3333,0.3333,0.3333,0.3333,0.3333,0.3333,0.3333,0.3333,0.3333,0.3333,0.3333,0.3333,,,,,,,,,,,,,,,,,,,40.149,2.212,0.589,0.628,610.348,105.036,694.313
114,2026-05-14T17:07:59.203463+00:00,mixed,ISL,17.965,25.9,17.965,0.5,0.5,24.728,36.424,0.5956,0.4044,0.4085,0.5249,1,0.3333,0.3333,0.3333,1.379,0.5513,-0.26207,-0.67605,0,0.3333,0.3333,0.3333,0.287,0.2968,-0.27133,-1.31894,1,0.3333,0.3333,0.3333,4.411,0.6519,-0.1589,-0.21693,6.077,30.805,0.3333,0.3333,0.3333,0.3333,0.3333,0.3333,0.3333,0.3333,0.3333,0.3333,0.3333,0.3333,0.3333,0.3333,0.3333,0.3333,0.3333,0.3333,,,,,,,,,,,,,,,,,,,27.501,0.0,3.304,3.304,610.348,108.34,697.617
115,2026-05-14T17:08:05.217822+00:00,mixed,ISL,17.952,21.846,17.952,0.5,0.5,24.903,32.287,0.5646,0.4354,0.4246,0.5211,2,0.3333,0.3333,0.3333,2.256,0.6526,-0.1744,-0.30326,0,0.3333,0.3333,0.3333,0.245,0.2964,-0.27552,-1.36225,0,0.3333,0.3333,0.3333,1.378,0.5333,-0.46216,-1.18168,3.879,28.782,0.3333,0.3333,0.3333,0.3333,0.3333,0.3333,0.3333,0.3333,0.3333,0.3333,0.3333,0.3333,0.3333,0.3333,0.3333,0.3333,0.3333,0.3333,,,,,,,,,,,,,,,,,,,27.687,0.0,1.095,1.095,610.348,109.435,698.712
116,2026-05-14T17:08:11.233894+00:00,mixed,GND,28.614,25.766,25.766,0.5,0.5,35.769,36.124,0.5025,0.4975,0.4409,0.5173,2,0.3333,0.3333,0.3333,1.08,0.4438,-0.04203,-0.09644,0,0.3333,0.3333,0.3333,0.261,0.2586,-0.07393,-0.53448,0,0.3333,0.3333,0.3333,0.128,0.0971,-0.13721,-6.90776,1.468,37.592,0.3333,0.3333,0.3333,0.3333,0.3333,0.3333,0.3333,0.3333,0.3333,0.3333,0.3333,0.3333,0.3333,0.3333,0.3333,0.3333,0.3333,0.3333,,,,,,,,,,,,,,,,,,,36.715,0.355,0.877,0.877,610.704,110.312,699.589
117,2026-05-14T17:08:17.236909+00:00,mixed,ISL,17.732,25.506,17.732,0.5,0.5,25.104,35.78,0.5877,0.4123,0.4574,0.5134,1,0.3333,0.3333,0.3333,1.183,0.5238,-0.28169,-0.75112,2,0.3333,0.3333,0.3333,1.96,0.5999,-0.10402,-0.1883,0,0.3333,0.3333,0.3333,1.043,0.5333,-0.49569,-1.36077,4.186,29.29,0.3333,0.3333,0.3333,0.3333,0.3333,0.3333,0.3333,0.3333,0.3333,0.3333,0.3333,0.3333,0.3333,0.3333,0.3333,0.3333,0.3333,0.3333,,,,,,,,,,,,,,,,,,,27.923,0.0,1.368,1.368,610.704,111.679,700.956
118,2026-05-14T17:08:23.253250+00:00,mixed,GND,19.023,21.979,21.979,0.5,0.5,26.63,32.17,0.5471,0.4529,0.4742,0.5094,0,0.3333,0.3333,0.3333,0.897,0.2747,-0.06033,-0.30647,0,0.3333,0.3333,0.3333,0.367,0.2554,-0.06332,-0.43787,1,0.3333,0.3333,0.3333,0.131,0.1714,-0.13685,-1.01787,1.395,33.565,0.3333,0.3333,0.3333,0.3333,0.3333,0.3333,0.3333,0.3333,0.3333,0.3333,0.3333,0.3333,0.3333,0.3333,0.3333,0.3333,0.3333,0.3333,,,,,,,,,,,,,,,,,,,29.472,5.54,0.805,4.093,616.243,112.485,705.05
119,2026-05-14T17:08:29.272003+00:00,mixed,ISL,15.877,28.911,15.877,0.5,0.5,23.736,39.018,0.6218,0.3782,0.491,0.5053,2,0.3333,0.3333,0.3333,2.054,0.6365,-0.19457,-0.3451,2,0.3333,0.3333,0.3333,1.419,0.5923,-0.15814,-0.30237,2,0.3333,0.3333,0.3333,1.439,0.5333,-0.45615,-1.1527,4.911,28.648,0.3333,0.3333,0.3333,0.3333,0.3333,0.3333,0.3333,0.3333,0.3333,0.3333,0.3333,0.3333,0.3333,0.3333,0.3333,0.3333,0.3333,0.3333,,,,,,,,,,,,,,,,,,,26.605,0.0,2.043,2.043,616.243,114.528,707.093
120,2026-05-14T17:08:35.281900+00:00,instagram,ISL,16.076,29.362,16.076,0.5,0.5,24.206,39.385,0.6193,0.3807,0.508,0.5011,2,0.3333,0.3333,0.3333,4.354,0.765,0.0354,0.05173,0,0.3333,0.3333,0.3333,0.813,0.3961,-0.21874,-0.89304,2,0.0,0.0,1.0,2.214,0.6667,-0.37856,-0.83896,7.381,31.587,0.3333,0.3333,0.3333,0.3333,0.3333,0.3333,0.0,0.0,1.0,0.3333,0.3333,0.3333,0.3333,0.3333,0.3333,0.0,0.0,1.0,,,,,,,,,,,,,,,,,,,28.483,0.0,3.104,3.104,616.243,117.632,710.197
121,2026-05-14T17:08:41.285005+00:00,instagram,GND,15.926,29.547,29.547,0.5,0.5,24.347,39.486,0.6186,0.3814,0.525,0.4969,2,0.3333,0.3333,0.3333,1.372,0.5276,-0.01276,-0.0283,1,0.3333,0.3333,0.3333,0.194,0.3261,-0.08056,-0.33122,2,0.3333,0.3333,0.3333,0.881,0.3265,-0.06191,-0.21022,2.448,41.934,0.3333,0.3333,0.3333,0.3333,0.3333,0.3333,0.3333,0.3333,0.3333,0.3333,0.3333,0.3333,0.3333,0.3333,0.3333,0.3333,0.3333,0.3333,,,,,,,,,,,,,,,,,,,28.667,15.139,1.773,13.268,631.383,119.405,723.464
122,2026-05-14T17:08:47.309182+00:00,instagram,ISL,42.758,30.05,42.758,0.5,0.5,51.492,39.906,0.4366,0.5634,0.542,0.4927,2,0.3333,0.3333,0.3333,3.484,0.7545,-0.0516,-0.08057,2,0.3333,0.3333,0.3333,2.806,0.7,-0.01937,-0.03249,2,0.0,0.0,1.0,2.311,0.6667,-0.36894,-0.80611,8.601,60.092,0.3333,0.3333,0.3333,0.3333,0.3333,0.3333,0.0,0.0,1.0,0.3333,0.3333,0.3333,0.3333,0.3333,0.3333,0.0,0.0,1.0,,,,,,,,,,,,,,,,,,,40.579,11.586,4.235,19.513,642.968,123.64,742.977
123,2026-05-14T17:08:53.327116+00:00,instagram,ISL,25.447,33.244,25.447,0.5,0.5,34.516,43.017,0.5548,0.4452,0.559,0.4883,2,0.3333,0.3333,0.3333,6.367,0.749,0.23668,0.30382,1,0.3333,0.3333,0.3333,1.296,0.5349,-0.17041,-0.44294,2,0.0,0.0,1.0,2.122,0.6667,-0.38777,-0.87143,9.785,44.301,0.3333,0.3333,0.3333,0.3333,0.3333,0.3333,0.0,0.0,1.0,0.3333,0.3333,0.3333,0.3333,0.3333,0.3333,0.0,0.0,1.0,,,,,,,,,,,,,,,,,,,38.93,0.0,5.371,5.371,642.968,129.012,748.348
124,2026-05-14T17:08:59.336306+00:00,instagram,ISL,19.57,24.955,19.57,0.5,0.5,29.0,34.644,0.5443,0.4557,0.5758,0.484,1,0.3333,0.3333,0.3333,1.072,0.5664,-0.29276,-0.79612,0,0.3333,0.3333,0.3333,0.64,0.4428,-0.23605,-1.01427,2,0.0,0.0,1.0,3.121,0.6667,-0.28788,-0.56532,4.833,33.833,0.3333,0.3333,0.3333,0.3333,0.3333,0.3333,0.0,0.0,1.0,0.3333,0.3333,0.3333,0.3333,0.3333,0.3333,0.0,0.0,1.0,,,,,,,,,,,,,,,,,,,33.463,0.0,0.37,0.37,642.968,129.381,748.718
125,2026-05-14T17:09:05.352474+00:00,instagram,GND,30.033,28.862,28.862,0.5,0.5,39.85,38.468,0.4912,0.5088,0.5926,0.4795,0,0.3333,0.3333,0.3333,0.475,0.2928,-0.10251,-0.59511,1,0.3333,0.3333,0.3333,0.37,0.3169,-0.06304,-0.24927,1,0.3333,0.3333,0.3333,0.482,0.2619,-0.10182,-0.49226,1.326,39.794,0.3333,0.3333,0.3333,0.3333,0.3333,0.3333,0.3333,0.3333,0.3333,0.3333,0.3333,0.3333,0.3333,0.3333,0.3333,0.3333,0.3333,0.3333,,,,,,,,,,,,,,,,,,,39.138,0.0,0.656,0.656,642.968,130.037,749.374
126,2026-05-14T17:09:11.353291+00:00,instagram,GND,17.833,25.353,25.353,0.5,0.5,28.067,34.877,0.5541,0.4459,0.6091,0.475,0,0.3333,0.3333,0.3333,0.25,0.2886,-0.12498,-0.79142,1,0.3333,0.3333,0.3333,0.549,0.3146,-0.04512,-0.1719,1,0.3333,0.3333,0.3333,0.402,0.2619,-0.10982,-0.54352,1.201,36.078,0.3333,0.3333,0.3333,0.3333,0.3333,0.3333,0.3333,0.3333,0.3333,0.3333,0.3333,0.3333,0.3333,0.3333,0.3333,0.3333,0.3333,0.3333,,,,,,,,,,,,,,,,,,,32.627,6.81,0.532,3.45,649.779,130.569,752.825
127,2026-05-14T17:09:17.377162+00:00,instagram,ISL,17.322,21.829,17.322,0.5,0.5,28.001,31.271,0.5276,0.4724,0.6254,0.4704,1,0.3333,0.3333,0.3333,1.153,0.5468,-0.28465,-0.76297,2,0.3333,0.3333,0.3333,2.418,0.6738,-0.05818,-0.10092,2,0.0,0.0,1.0,2.112,0.6667,-0.38885,-0.87531,5.683,33.684,0.3333,0.3333,0.3333,0.3333,0.3333,0.3333,0.0,0.0,1.0,0.3333,0.3333,0.3333,0.3333,0.3333,0.3333,0.0,0.0,1.0,,,,,,,,,,,,,,,,,,,31.939,0.0,1.078,1.745,649.779,131.647,754.57
128,2026-05-14T17:09:23.395776+00:00,instagram,ISL,25.645,33.956,25.645,0.5,0.5,36.802,43.316,0.5407,0.4593,0.6415,0.4658,2,0.3333,0.3333,0.3333,2.933,0.7201,-0.10669,-0.17439,1,0.3333,0.3333,0.3333,0.777,0.498,-0.22233,-0.62904,2,0.0,0.0,1.0,2.225,0.6667,-0.37746,-0.83516,5.935,42.737,0.3333,0.3333,0.3333,0.3333,0.3333,0.3333,0.0,0.0,1.0,0.3333,0.3333,0.3333,0.3333,0.3333,0.3333,0.0,0.0,1.0,,,,,,,,,,,,,,,,,,,41.448,0.0,1.289,1.289,649.779,132.936,755.859
129,2026-05-14T17:09:29.417107+00:00,instagram,ISL,9.24,25.665,9.24,0.5,0.5,20.909,34.944,0.6256,0.3744,0.6572,0.4612,1,0.3333,0.3333,0.3333,1.189,0.5383,-0.28113,-0.74891,1,0.3333,0.3333,0.3333,0.865,0.4924,-0.2135,-0.59485,2,0.0,0.0,1.0,2.813,0.6667,-0.31867,-0.65011,4.867,25.776,0.3333,0.3333,0.3333,0.3333,0.3333,0.3333,0.0,0.0,1.0,0.3333,0.3333,0.3333,0.3333,0.3333,0.3333,0.0,0.0,1.0,,,,,,,,,,,,,,,,,,,25.589,0.0,0.187,0.187,649.779,133.123,756.046
130,2026-05-14T17:09:35.437259+00:00,instagram,ISL,33.192,32.574,33.192,0.5,0.5,45.408,41.773,0.4792,0.5208,0.6725,0.4564,2,0.3333,0.3333,0.3333,3.037,0.7088,-0.09627,-0.15597,1,0.3333,0.3333,0.3333,0.651,0.4876,-0.23492,-0.6799,2,0.0,0.0,1.0,3.337,0.6667,-0.26631,-0.50994,7.025,52.433,0.3333,0.3333,0.3333,0.3333,0.3333,0.3333,0.0,0.0,1.0,0.3333,0.3333,0.3333,0.3333,0.3333,0.3333,0.0,0.0,1.0,,,,,,,,,,,,,,,,,,,42.437,3.635,2.317,9.995,653.414,135.44,766.041
131,2026-05-14T17:09:41.454324+00:00,instagram,ISL,19.103,21.974,19.103,0.5,0.5,31.903,31.093,0.4936,0.5064,0.6875,0.4517,2,0.3333,0.3333,0.3333,2.927,0.7035,-0.10731,-0.17551,2,0.3333,0.3333,0.3333,6.264,0.6523,0.32637,0.43081,2,0.0,0.0,1.0,2.333,0.6667,-0.36673,-0.7987,11.523,43.426,0.3333,0.3333,0.3333,0.3333,0.3333,0.3333,0.0,0.0,1.0,0.3333,0.3333,0.3333,0.3333,0.3333,0.3333,0.0,0.0,1.0,,,,,,,,,,,,,,,,,,,31.756,0.81,6.796,11.67,654.223,142.237,777.711
132,2026-05-14T17:09:47.468455+00:00,instagram,GND,29.451,26.312,26.312,0.5,0.5,42.875,35.351,0.4519,0.5481,0.702,0.4469,2,0.3333,0.3333,0.3333,0.86,0.4971,-0.064,-0.15081,0,0.3333,0.3333,0.3333,0.238,0.2498,-0.07622,-0.5566,1,0.3333,0.3333,0.3333,0.24,0.2619,-0.12601,-0.65609,1.338,36.689,0.3333,0.3333,0.3333,0.3333,0.3333,0.3333,0.3333,0.3333,0.3333,0.3333,0.3333,0.3333,0.3333,0.3333,0.3333,0.3333,0.3333,0.3333,,,,,,,,,,,,,,,,,,,36.014,0.0,0.675,0.675,654.223,142.912,778.386
133,2026-05-14T17:09:53.474569+00:00,instagram,ISL,29.252,21.343,29.252,0.5,0.5,43.338,30.305,0.4115,0.5885,0.716,0.442,0,0.3333,0.3333,0.3333,0.935,0.5701,-0.30648,-1.6323,1,0.3333,0.3333,0.3333,0.62,0.478,-0.238,-0.69273,2,0.0,0.0,1.0,2.105,0.6667,-0.38949,-0.87763,3.66,46.998,0.3333,0.3333,0.3333,0.3333,0.3333,0.3333,0.0,0.0,1.0,0.3333,0.3333,0.3333,0.3333,0.3333,0.3333,0.0,0.0,1.0,,,,,,,,,,,,,,,,,,,30.966,13.033,0.0,16.032,667.257,142.912,794.419
134,2026-05-14T17:09:59.475532+00:00,instagram,ISL,44.1,30.517,44.1,0.5,0.5,58.889,39.4,0.4009,0.5991,0.7295,0.4371,1,0.3333,0.3333,0.3333,1.754,0.5355,-0.22461,-0.54671,0,0.3333,0.3333,0.3333,1.098,0.5602,-0.19015,-0.72033,2,0.0,0.0,1.0,2.261,0.6667,-0.37393,-0.82303,5.113,64.002,0.3333,0.3333,0.3333,0.3333,0.3333,0.3333,0.0,0.0,1.0,0.3333,0.3333,0.3333,0.3333,0.3333,0.3333,0.0,0.0,1.0,,,,,,,,,,,,,,,,,,,40.061,19.488,0.379,23.941,686.745,143.291,818.36
135,2026-05-14T17:10:05.488461+00:00,mixed,GND,43.68,38.607,38.607,0.5,0.5,59.212,47.413,0.4447,0.5553,0.7425,0.4322,0,0.3333,0.3333,0.3333,0.185,0.2076,-0.13145,-0.8559,1,0.3333,0.3333,0.3333,0.126,0.2404,-0.08741,-0.36518,2,0.3333,0.3333,0.3333,0.489,0.2449,-0.10107,-0.40074,0.801,48.214,0.3333,0.3333,0.3333,0.3333,0.3333,0.3333,0.3333,0.3333,0.3333,0.3333,0.3333,0.3333,0.3333,0.3333,0.3333,0.3333,0.3333,0.3333,,,,,,,,,,,,,,,,,,,47.987,0.0,0.227,0.227,686.745,143.518,818.587
136,2026-05-14T17:10:11.497980+00:00,mixed,ISL,16.343,21.78,16.343,0.5,0.5,32.657,30.51,0.483,0.517,0.7548,0.4273,1,0.3333,0.3333,0.3333,0.934,0.4354,-0.30656,-0.8552,2,0.3333,0.3333,0.3333,1.829,0.5074,-0.11706,-0.21461,1,0.3333,0.3333,0.3333,2.212,0.6519,-0.37879,-0.62527,4.976,37.633,0.3333,0.3333,0.3333,0.3333,0.3333,0.3333,0.3333,0.3333,0.3333,0.3333,0.3333,0.3333,0.3333,0.3333,0.3333,0.3333,0.3333,0.3333,,,,,,,,,,,,,,,,,,,31.083,2.147,1.758,6.55,688.892,145.276,825.137
137,2026-05-14T17:10:17.539542+00:00,mixed,ISL,27.359,34.458,27.359,0.5,0.5,44.491,43.113,0.4921,0.5079,0.7665,0.4223,0,0.3333,0.3333,0.3333,0.467,0.4502,-0.35334,-2.62446,2,0.3333,0.3333,0.3333,2.223,0.5034,-0.07769,-0.13718,0,0.3333,0.3333,0.3333,1.925,0.5333,-0.40749,-0.94477,4.615,49.106,0.3333,0.3333,0.3333,0.3333,0.3333,0.3333,0.3333,0.3333,0.3333,0.3333,0.3333,0.3333,0.3333,0.3333,0.3333,0.3333,0.3333,0.3333,,,,,,,,,,,,,,,,,,,43.685,1.378,1.417,5.421,690.27,146.694,830.558
138,2026-05-14T17:10:23.600575+00:00,mixed,ISL,42.962,40.953,42.962,0.5,0.5,60.946,49.532,0.4483,0.5517,0.7776,0.4172,2,0.3333,0.3333,0.3333,1.466,0.5411,-0.2534,-0.47819,0,0.3333,0.3333,0.3333,0.815,0.4957,-0.21854,-0.89174,1,0.3333,0.3333,0.3333,6.673,0.6519,0.06735,0.07941,8.954,69.9,0.3333,0.3333,0.3333,0.3333,0.3333,0.3333,0.3333,0.3333,0.3333,0.3333,0.3333,0.3333,0.3333,0.3333,0.3333,0.3333,0.3333,0.3333,,,,,,,,,,,,,,,,,,,50.104,11.413,5.781,19.796,701.683,152.475,850.355
139,2026-05-14T17:10:29.613710+00:00,mixed,GND,16.274,26.309,26.309,0.5,0.5,35.135,34.815,0.4977,0.5023,0.7879,0.4122,1,0.3333,0.3333,0.3333,0.23,0.2629,-0.12703,-0.49269,2,0.3333,0.3333,0.3333,0.464,0.3577,-0.05363,-0.14088,0,0.3333,0.3333,0.3333,0.048,0.0971,-0.14519,-6.90776,0.741,35.557,0.3333,0.3333,0.3333,0.3333,0.3333,0.3333,0.3333,0.3333,0.3333,0.3333,0.3333,0.3333,0.3333,0.3333,0.3333,0.3333,0.3333,0.3333,,,,,,,,,,,,,,,,,,,35.385,0.0,0.171,0.171,701.683,152.646,850.526
140,2026-05-14T17:10:35.622899+00:00,mixed,ISL,21.507,25.662,21.507,0.5,0.5,41.267,34.095,0.4524,0.5476,0.7976,0.4071,1,0.3333,0.3333,0.3333,1.419,0.4598,-0.25814,-0.66167,0,0.3333,0.3333,0.3333,1.114,0.489,-0.18862,-0.71186,1,0.3333,0.3333,0.3333,2.14,0.6519,-0.38595,-0.64182,4.673,45.94,0.3333,0.3333,0.3333,0.3333,0.3333,0.3333,0.3333,0.3333,0.3333,0.3333,0.3333,0.3333,0.3333,0.3333,0.3333,0.3333,0.3333,0.3333,,,,,,,,,,,,,,,,,,,34.664,7.172,1.558,11.276,708.856,154.204,861.802
141,2026-05-14T17:10:41.642830+00:00,mixed,ISL,29.655,26.554,29.655,0.5,0.5,50.322,34.915,0.4096,0.5904,0.8065,0.402,2,0.3333,0.3333,0.3333,1.509,0.535,-0.24906,-0.46775,0,0.3333,0.3333,0.3333,0.43,0.4829,-0.25697,-1.18355,0,0.3333,0.3333,0.3333,1.346,0.5333,-0.46543,-1.19783,3.285,53.608,0.3333,0.3333,0.3333,0.3333,0.3333,0.3333,0.3333,0.3333,0.3333,0.3333,0.3333,0.3333,0.3333,0.3333,0.3333,0.3333,0.3333,0.3333,,,,,,,,,,,,,,,,,,,35.484,15.408,0.203,18.124,724.263,154.407,879.926
142,2026-05-14T17:10:47.642962+00:00,mixed,GND,8.999,21.516,21.516,0.5,0.5,30.571,29.806,0.4937,0.5063,0.8146,0.3968,0,0.3333,0.3333,0.3333,0.09,0.1889,-0.14097,-0.95901,2,0.3333,0.3333,0.3333,1.095,0.3494,0.00948,0.02296,1,0.3333,0.3333,0.3333,0.218,0.1714,-0.1282,-0.91196,1.403,31.209,0.3333,0.3333,0.3333,0.3333,0.3333,0.3333,0.3333,0.3333,0.3333,0.3333,0.3333,0.3333,0.3333,0.3333,0.3333,0.3333,0.3333,0.3333,,,,,,,,,,,,,,,,,,,30.374,0.0,0.835,0.835,724.263,155.242,880.76
143,2026-05-14T17:10:53.662200+00:00,mixed,ISL,35.056,31.104,35.056,0.5,0.5,57.515,39.323,0.4061,0.5939,0.8219,0.3917,1,0.3333,0.3333,0.3333,1.02,0.4854,-0.29802,-0.81822,0,0.3333,0.3333,0.3333,1.193,0.4658,-0.18073,-0.66936,1,0.3333,0.3333,0.3333,2.991,0.6519,-0.3009,-0.46091,5.204,62.719,0.3333,0.3333,0.3333,0.3333,0.3333,0.3333,0.3333,0.3333,0.3333,0.3333,0.3333,0.3333,0.3333,0.3333,0.3333,0.3333,0.3333,0.3333,,,,,,,,,,,,,,,,,,,39.891,18.192,2.187,22.828,742.456,157.429,903.588
144,2026-05-14T17:10:59.681143+00:00,mixed,ISL,42.452,35.104,42.452,0.5,0.5,65.764,43.254,0.3968,0.6032,0.8284,0.3865,1,0.3333,0.3333,0.3333,1.082,0.4948,-0.29176,-0.79198,0,0.3333,0.3333,0.3333,1.294,0.4551,-0.17058,-0.61724,2,0.3333,0.3333,0.3333,4.818,0.5333,-0.11815,-0.19508,7.195,72.959,0.3333,0.3333,0.3333,0.3333,0.3333,0.3333,0.3333,0.3333,0.3333,0.3333,0.3333,0.3333,0.3333,0.3333,0.3333,0.3333,0.3333,0.3333,,,,,,,,,,,,,,,,,,,43.821,22.51,4.211,29.138,764.966,161.64,932.726
145,2026-05-14T17:11:05.694096+00:00,mixed,GND,39.389,29.162,29.162,0.5,0.5,63.499,37.244,0.3697,0.6303,0.8341,0.3813,0,0.3333,0.3333,0.3333,0.112,0.1846,-0.1388,-0.93457,1,0.3333,0.3333,0.3333,0.472,0.2297,-0.05276,-0.20415,0,0.3333,0.3333,0.3333,0.195,0.0971,-0.13046,-6.90776,0.78,38.023,0.3333,0.3333,0.3333,0.3333,0.3333,0.3333,0.3333,0.3333,0.3333,0.3333,0.3333,0.3333,0.3333,0.3333,0.3333,0.3333,0.3333,0.3333,,,,,,,,,,,,,,,,,,,37.81,0.0,0.213,0.213,764.966,161.853,932.939
146,2026-05-14T17:11:11.711387+00:00,mixed,GND,26.798,23.011,23.011,0.5,0.5,51.631,31.026,0.3754,0.6246,0.8389,0.3761,0,0.3333,0.3333,0.3333,0.461,0.1838,-0.10385,-0.60578,2,0.3333,0.3333,0.3333,0.36,0.3396,-0.06403,-0.17064,1,0.3333,0.3333,0.3333,0.227,0.1714,-0.12732,-0.90181,1.048,32.074,0.3333,0.3333,0.3333,0.3333,0.3333,0.3333,0.3333,0.3333,0.3333,0.3333,0.3333,0.3333,0.3333,0.3333,0.3333,0.3333,0.3333,0.3333,,,,,,,,,,,,,,,,,,,31.592,0.0,0.482,0.482,764.966,162.334,933.421
147,2026-05-14T17:11:17.739270+00:00,mixed,GND,29.364,26.242,26.242,0.5,0.5,54.826,34.19,0.3841,0.6159,0.8429,0.3709,2,0.3333,0.3333,0.3333,1.928,0.3688,0.04278,0.08946,1,0.3333,0.3333,0.3333,0.153,0.2289,-0.08469,-0.35155,2,0.3333,0.3333,0.3333,0.263,0.2449,-0.12372,-0.51778,2.344,36.534,0.3333,0.3333,0.3333,0.3333,0.3333,0.3333,0.3333,0.3333,0.3333,0.3333,0.3333,0.3333,0.3333,0.3333,0.3333,0.3333,0.3333,0.3333,,,,,,,,,,,,,,,,,,,34.756,0.0,1.778,1.778,764.966,164.112,935.198
148,2026-05-14T17:11:23.758582+00:00,mixed,ISL,17.719,25.447,17.719,0.5,0.5,43.693,33.329,0.4327,0.5673,0.846,0.3657,2,0.3333,0.3333,0.3333,1.375,0.5386,-0.26249,-0.50044,2,0.3333,0.3333,0.3333,1.972,0.4855,-0.10284,-0.18595,2,0.3333,0.3333,0.3333,1.716,0.5333,-0.42835,-1.0287,5.063,48.756,0.3333,0.3333,0.3333,0.3333,0.3333,0.3333,0.3333,0.3333,0.3333,0.3333,0.3333,0.3333,0.3333,0.3333,0.3333,0.3333,0.3333,0.3333,,,,,,,,,,,,,,,,,,,33.895,10.363,2.192,14.861,775.329,166.303,950.059
149,2026-05-14T17:11:29.759387+00:00,mixed,ISL,18.708,22.142,18.708,0.5,0.5,45.062,29.961,0.3994,0.6006,0.8482,0.3605,1,0.3333,0.3333,0.3333,0.988,0.5425,-0.30115,-0.83162,1,0.3333,0.3333,0.3333,0.712,0.4571,-0.22884,-0.65501,0,0.3333,0.3333,0.3333,2.517,0.5333,-0.34832,-0.73914,4.217,49.279,0.3333,0.3333,0.3333,0.3333,0.3333,0.3333,0.3333,0.3333,0.3333,0.3333,0.3333,0.3333,0.3333,0.3333,0.3333,0.3333,0.3333,0.3333,,,,,,,,,,,,,,,,,,,30.526,15.101,1.366,18.753,790.43,167.67,968.811
150,2026-05-14T17:11:35.759893+00:00,mixed,ISL,30.637,28.877,30.637,0.5,0.5,57.224,36.632,0.3903,0.6097,0.8496,0.3552,2,0.3333,0.3333,0.3333,2.497,0.5441,-0.15031,-0.2555,2,0.3333,0.3333,0.3333,1.037,0.488,-0.19626,-0.3913,1,0.3333,0.3333,0.3333,2.688,0.6519,-0.33121,-0.52169,6.222,63.447,0.3333,0.3333,0.3333,0.3333,0.3333,0.3333,0.3333,0.3333,0.3333,0.3333,0.3333,0.3333,0.3333,0.3333,0.3333,0.3333,0.3333,0.3333,,,,,,,,,,,,,,,,,,,37.197,20.593,3.389,26.249,811.023,171.059,995.061
151,2026-05-14T17:11:41.775311+00:00,mixed,GND,16.139,21.163,21.163,0.5,0.5,42.805,28.856,0.4027,0.5973,0.85,0.35,1,0.3333,0.3333,0.3333,0.27,0.2645,-0.12297,-0.47258,2,0.3333,0.3333,0.3333,0.188,0.3307,-0.08119,-0.2218,1,0.3333,0.3333,0.3333,0.23,0.1714,-0.12702,-0.89839,0.688,29.544,0.3333,0.3333,0.3333,0.3333,0.3333,0.3333,0.3333,0.3333,0.3333,0.3333,0.3333,0.3333,0.3333,0.3333,0.3333,0.3333,0.3333,0.3333,,,,,,,,,,,,,,,,,,,29.421,0.0,0.123,0.123,811.023,171.182,995.184
152,2026-05-14T17:11:47.786093+00:00,mixed,ISL,23.16,33.26,23.16,0.5,0.5,49.748,40.891,0.4511,0.5489,0.8496,0.3448,1,0.3333,0.3333,0.3333,1.164,0.5673,-0.28361,-0.75878,0,0.3333,0.3333,0.3333,0.421,0.3493,-0.25792,-1.19195,0,0.3333,0.3333,0.3333,1.416,0.5333,-0.45843,-1.16361,3.0,52.748,0.3333,0.3333,0.3333,0.3333,0.3333,0.3333,0.3333,0.3333,0.3333,0.3333,0.3333,0.3333,0.3333,0.3333,0.3333,0.3333,0.3333,0.3333,,,,,,,,,,,,,,,,,,,41.456,8.857,0.191,11.292,819.88,171.373,1006.476
153,2026-05-14T17:11:53.794762+00:00,mixed,ISL,13.944,27.318,13.944,0.5,0.5,40.298,34.889,0.464,0.536,0.8482,0.3395,1,0.3333,0.3333,0.3333,5.74,0.5743,0.17405,0.28242,0,0.3333,0.3333,0.3333,0.41,0.3375,-0.25896,-1.20127,1,0.3333,0.3333,0.3333,3.738,0.6519,-0.22621,-0.3252,9.889,50.187,0.3333,0.3333,0.3333,0.3333,0.3333,0.3333,0.3333,0.3333,0.3333,0.3333,0.3333,0.3333,0.3333,0.3333,0.3333,0.3333,0.3333,0.3333,,,,,,,,,,,,,,,,,,,35.454,5.41,7.085,14.733,825.29,178.458,1021.209
154,2026-05-14T17:11:59.799790+00:00,mixed,ISL,31.816,30.526,31.816,0.5,0.5,57.79,38.037,0.3969,0.6031,0.846,0.3343,0,0.3333,0.3333,0.3333,0.251,0.3239,-0.37486,-4.1361,0,0.3333,0.3333,0.3333,0.227,0.3268,-0.27732,-1.38134,0,0.3333,0.3333,0.3333,1.431,0.5333,-0.45688,-1.15618,1.909,59.699,0.3333,0.3333,0.3333,0.3333,0.3333,0.3333,0.3333,0.3333,0.3333,0.3333,0.3333,0.3333,0.3333,0.3333,0.3333,0.3333,0.3333,0.3333,,,,,,,,,,,,,,,,,,,38.603,19.753,0.0,21.097,845.042,178.458,1042.306
155,2026-05-14T17:12:05.813024+00:00,mixed,ISL,20.386,21.948,20.386,0.5,0.5,45.847,29.4,0.3907,0.6093,0.8429,0.3291,0,0.3333,0.3333,0.3333,0.339,0.3341,-0.36606,-3.24171,2,0.3333,0.3333,0.3333,1.873,0.5015,-0.11265,-0.20564,0,0.3333,0.3333,0.3333,1.338,0.5333,-0.4662,-1.20166,3.551,49.398,0.3333,0.3333,0.3333,0.3333,0.3333,0.3333,0.3333,0.3333,0.3333,0.3333,0.3333,0.3333,0.3333,0.3333,0.3333,0.3333,0.3333,0.3333,,,,,,,,,,,,,,,,,,,29.966,16.447,0.747,19.432,861.489,179.205,1061.738
156,2026-05-14T17:12:11.818008+00:00,mixed,ISL,12.305,26.294,12.305,0.5,0.5,37.138,33.689,0.4757,0.5243,0.8389,0.3239,0,0.3333,0.3333,0.3333,0.643,0.346,-0.33575,-2.13148,0,0.3333,0.3333,0.3333,0.939,0.3097,-0.20608,-0.81285,0,0.3333,0.3333,0.3333,0.945,0.5333,-0.50554,-1.42009,2.526,39.664,0.3333,0.3333,0.3333,0.3333,0.3333,0.3333,0.3333,0.3333,0.3333,0.3333,0.3333,0.3333,0.3333,0.3333,0.3333,0.3333,0.3333,0.3333,,,,,,,,,,,,,,,,,,,34.254,3.449,0.0,5.41,864.938,179.205,1067.148
157,2026-05-14T17:12:17.830073+00:00,mixed,ISL,37.514,30.507,37.514,0.5,0.5,61.624,37.845,0.3805,0.6195,0.8341,0.3187,0,0.3333,0.3333,0.3333,0.403,0.3594,-0.35968,-2.88534,1,0.3333,0.3333,0.3333,0.753,0.5228,-0.22471,-0.63846,2,0.3333,0.3333,0.3333,1.755,0.5333,-0.42448,-1.01259,2.911,64.535,0.3333,0.3333,0.3333,0.3333,0.3333,0.3333,0.3333,0.3333,0.3333,0.3333,0.3333,0.3333,0.3333,0.3333,0.3333,0.3333,0.3333,0.3333,,,,,,,,,,,,,,,,,,,38.411,23.778,0.091,26.124,888.716,179.296,1093.272
158,2026-05-14T17:12:23.844102+00:00,mixed,ISL,21.691,23.261,21.691,0.5,0.5,45.002,30.544,0.4043,0.5957,0.8284,0.3135,2,0.3333,0.3333,0.3333,3.304,0.581,-0.06955,-0.11018,1,0.3333,0.3333,0.3333,0.757,0.5291,-0.22431,-0.63686,1,0.3333,0.3333,0.3333,2.114,0.6519,-0.38856,-0.64793,6.176,51.178,0.3333,0.3333,0.3333,0.3333,0.3333,0.3333,0.3333,0.3333,0.3333,0.3333,0.3333,0.3333,0.3333,0.3333,0.3333,0.3333,0.3333,0.3333,,,,,,,,,,,,,,,,,,,31.11,14.459,3.341,20.068,903.175,182.636,1113.34
159,2026-05-14T17:12:29.863980+00:00,mixed,GND,21.235,33.711,33.711,0.5,0.5,43.695,40.94,0.4837,0.5163,0.8219,0.3083,0,0.3333,0.3333,0.3333,0.399,0.1983,-0.11011,-0.6573,0,0.3333,0.3333,0.3333,0.217,0.143,-0.07827,-0.57684,1,0.3333,0.3333,0.3333,0.258,0.1714,-0.12419,-0.86646,0.874,41.814,0.3333,0.3333,0.3333,0.3333,0.3333,0.3333,0.3333,0.3333,0.3333,0.3333,0.3333,0.3333,0.3333,0.3333,0.3333,0.3333,0.3333,0.3333,,,,,,,,,,,,,,,,,,,41.506,0.0,0.308,0.308,903.175,182.944,1113.648
160,2026-05-14T17:12:35.864661+00:00,mixed,GND,38.991,35.384,35.384,0.5,0.5,60.563,42.559,0.4127,0.5873,0.8146,0.3032,0,0.3333,0.3333,0.3333,0.237,0.2012,-0.12632,-0.80443,0,0.3333,0.3333,0.3333,0.148,0.1429,-0.08523,-0.64873,0,0.3333,0.3333,0.3333,0.078,0.0971,-0.14221,-6.90776,0.462,43.021,0.3333,0.3333,0.3333,0.3333,0.3333,0.3333,0.3333,0.3333,0.3333,0.3333,0.3333,0.3333,0.3333,0.3333,0.3333,0.3333,0.3333,0.3333,,,,,,,,,,,,,,,,,,,43.126,0.0,0.0,0.0,903.175,182.944,1113.648
161,2026-05-14T17:12:41.878598+00:00,mixed,ISL,22.958,30.403,22.958,0.5,0.5,43.625,37.526,0.4624,0.5376,0.8065,0.298,0,0.3333,0.3333,0.3333,1.138,0.4204,-0.28617,-1.39113,2,0.3333,0.3333,0.3333,2.589,0.5285,-0.04114,-0.07029,2,0.3333,0.3333,0.3333,1.397,0.5333,-0.46027,-1.1725,5.124,48.75,0.3333,0.3333,0.3333,0.3333,0.3333,0.3333,0.3333,0.3333,0.3333,0.3333,0.3333,0.3333,0.3333,0.3333,0.3333,0.3333,0.3333,0.3333,,,,,,,,,,,,,,,,,,,38.093,6.1,2.226,10.656,909.275,185.17,1124.304
162,2026-05-14T17:12:47.885430+00:00,mixed,GND,17.155,26.274,26.274,0.5,0.5,36.915,33.345,0.4746,0.5254,0.7976,0.2929,1,0.3333,0.3333,0.3333,0.327,0.2818,-0.11732,-0.44518,0,0.3333,0.3333,0.3333,0.145,0.1433,-0.08545,-0.65112,2,0.3333,0.3333,0.3333,0.333,0.2449,-0.11671,-0.48007,0.805,34.15,0.3333,0.3333,0.3333,0.3333,0.3333,0.3333,0.3333,0.3333,0.3333,0.3333,0.3333,0.3333,0.3333,0.3333,0.3333,0.3333,0.3333,0.3333,,,,,,,,,,,,,,,,,,,33.913,0.0,0.237,0.237,909.275,185.407,1124.541
163,2026-05-14T17:12:53.898343+00:00,mixed,ISL,17.669,24.988,17.669,0.5,0.5,36.53,32.009,0.467,0.533,0.7879,0.2878,1,0.3333,0.3333,0.3333,1.797,0.59,-0.22032,-0.53289,0,0.3333,0.3333,0.3333,0.3,0.3064,-0.27001,-1.30578,2,0.3333,0.3333,0.3333,1.824,0.5333,-0.41764,-0.98472,3.92,40.451,0.3333,0.3333,0.3333,0.3333,0.3333,0.3333,0.3333,0.3333,0.3333,0.3333,0.3333,0.3333,0.3333,0.3333,0.3333,0.3333,0.3333,0.3333,,,,,,,,,,,,,,,,,,,32.577,4.521,0.967,7.873,913.796,186.374,1132.415
164,2026-05-14T17:12:59.907150+00:00,mixed,GND,17.623,21.873,21.873,0.5,0.5,35.607,28.844,0.4475,0.5525,0.7776,0.2828,2,0.3333,0.3333,0.3333,0.768,0.3822,-0.07319,-0.17447,0,0.3333,0.3333,0.3333,0.212,0.1447,-0.07878,-0.58187,1,0.3333,0.3333,0.3333,0.62,0.1714,-0.088,-0.52878,1.6,30.444,0.3333,0.3333,0.3333,0.3333,0.3333,0.3333,0.3333,0.3333,0.3333,0.3333,0.3333,0.3333,0.3333,0.3333,0.3333,0.3333,0.3333,0.3333,,,,,,,,,,,,,,,,,,,29.413,0.0,1.031,1.031,913.796,187.405,1133.446
165,2026-05-14T17:13:05.933222+00:00,mixed,GND,21.874,31.281,31.281,0.5,0.5,39.006,38.204,0.4948,0.5052,0.7665,0.2777,2,0.3333,0.3333,0.3333,1.139,0.3848,-0.03607,-0.0822,1,0.3333,0.3333,0.3333,0.257,0.242,-0.07432,-0.30127,1,0.3333,0.3333,0.3333,0.301,0.1714,-0.11994,-0.82034,1.697,39.901,0.3333,0.3333,0.3333,0.3333,0.3333,0.3333,0.3333,0.3333,0.3333,0.3333,0.3333,0.3333,0.3333,0.3333,0.3333,0.3333,0.3333,0.3333,,,,,,,,,,,,,,,,,,,38.774,0.0,1.127,1.127,913.796,188.532,1134.573
166,2026-05-14T17:13:11.930590+00:00,mixed,ISL,40.137,25.681,40.137,0.5,0.5,56.451,32.556,0.3658,0.6342,0.7548,0.2727,1,0.3333,0.3333,0.3333,1.309,0.5743,-0.26909,-0.70229,2,0.3333,0.3333,0.3333,1.195,0.5553,-0.18046,-0.35347,0,0.3333,0.3333,0.3333,2.502,0.5333,-0.34981,-0.74383,5.006,61.458,0.3333,0.3333,0.3333,0.3333,0.3333,0.3333,0.3333,0.3333,0.3333,0.3333,0.3333,0.3333,0.3333,0.3333,0.3333,0.3333,0.3333,0.3333,,,,,,,,,,,,,,,,,,,33.126,23.896,1.965,28.332,937.692,190.497,1162.904
167,2026-05-14T17:13:17.951936+00:00,mixed,GND,19.747,30.726,30.726,0.5,0.5,35.279,37.555,0.5156,0.4844,0.7425,0.2678,0,0.3333,0.3333,0.3333,0.336,0.2263,-0.11642,-0.71201,1,0.3333,0.3333,0.3333,0.376,0.2454,-0.06236,-0.24625,0,0.3333,0.3333,0.3333,0.284,0.0971,-0.12165,-6.90776,0.996,38.55,0.3333,0.3333,0.3333,0.3333,0.3333,0.3333,0.3333,0.3333,0.3333,0.3333,0.3333,0.3333,0.3333,0.3333,0.3333,0.3333,0.3333,0.3333,,,,,,,,,,,,,,,,,,,38.126,2.276,0.425,0.425,939.968,190.922,1163.329
168,2026-05-14T17:13:23.964012+00:00,mixed,ISL,37.294,30.596,37.294,0.5,0.5,52.083,37.379,0.4178,0.5822,0.7295,0.2629,1,0.3333,0.3333,0.3333,1.337,0.5596,-0.26635,-0.69196,0,0.3333,0.3333,0.3333,0.383,0.3556,-0.26172,-1.22633,0,0.3333,0.3333,0.3333,0.928,0.5333,-0.50716,-1.43023,2.648,54.731,0.3333,0.3333,0.3333,0.3333,0.3333,0.3333,0.3333,0.3333,0.3333,0.3333,0.3333,0.3333,0.3333,0.3333,0.3333,0.3333,0.3333,0.3333,,,,,,,,,,,,,,,,,,,37.951,14.704,0.0,16.78,954.671,190.922,1180.109
169,2026-05-14T17:13:29.985562+00:00,mixed,GND,29.396,26.321,26.321,0.5,0.5,43.482,33.059,0.4319,0.5681,0.716,0.258,1,0.3333,0.3333,0.3333,0.302,0.2983,-0.1198,-0.45712,2,0.3333,0.3333,0.3333,0.498,0.3407,-0.05022,-0.1313,2,0.3333,0.3333,0.3333,0.307,0.2449,-0.1193,-0.4938,1.107,34.166,0.3333,0.3333,0.3333,0.3333,0.3333,0.3333,0.3333,0.3333,0.3333,0.3333,0.3333,0.3333,0.3333,0.3333,0.3333,0.3333,0.3333,0.3333,,,,,,,,,,,,,,,,,,,33.631,0.0,0.534,0.534,954.671,191.456,1180.643
170,2026-05-14T17:13:36.006709+00:00,mixed,GND,18.087,21.414,21.414,0.5,0.5,31.51,28.109,0.4715,0.5285,0.702,0.2531,2,0.3333,0.3333,0.3333,0.259,0.3995,-0.12413,-0.31681,1,0.3333,0.3333,0.3333,0.119,0.2512,-0.08813,-0.36881,0,0.3333,0.3333,0.3333,0.452,0.0971,-0.10481,-1.98896,0.829,28.938,0.3333,0.3333,0.3333,0.3333,0.3333,0.3333,0.3333,0.3333,0.3333,0.3333,0.3333,0.3333,0.3333,0.3333,0.3333,0.3333,0.3333,0.3333,,,,,,,,,,,,,,,,,,,28.682,0.0,0.256,0.256,954.671,191.712,1180.899
171,2026-05-14T17:13:42.014850+00:00,mixed,GND,16.2,28.951,28.951,0.5,0.5,29.0,35.603,0.5511,0.4489,0.6875,0.2483,0,0.3333,0.3333,0.3333,0.143,0.2429,-0.1357,-0.90063,1,0.3333,0.3333,0.3333,0.167,0.2532,-0.08332,-0.34478,0,0.3333,0.3333,0.3333,0.117,0.0971,-0.13827,-6.90776,0.427,36.03,0.3333,0.3333,0.3333,0.3333,0.3333,0.3333,0.3333,0.3333,0.3333,0.3333,0.3333,0.3333,0.3333,0.3333,0.3333,0.3333,0.3333,0.3333,,,,,,,,,,,,,,,,,,,32.149,6.603,0.0,3.881,961.274,191.712,1184.78
172,2026-05-14T17:13:48.046334+00:00,mixed,ISL,17.412,29.148,17.412,0.5,0.5,29.628,35.758,0.5469,0.4531,0.6725,0.2436,0,0.3333,0.3333,0.3333,0.635,0.4999,-0.33649,-2.14799,1,0.3333,0.3333,0.3333,1.576,0.5291,-0.14238,-0.35524,1,0.3333,0.3333,0.3333,2.108,0.6519,-0.38921,-0.64944,4.319,33.947,0.3333,0.3333,0.3333,0.3333,0.3333,0.3333,0.3333,0.3333,0.3333,0.3333,0.3333,0.3333,0.3333,0.3333,0.3333,0.3333,0.3333,0.3333,,,,,,,,,,,,,,,,,,,32.786,0.0,1.161,1.161,961.274,192.872,1185.94
173,2026-05-14T17:13:54.056251+00:00,mixed,ISL,29.918,27.621,29.918,0.5,0.5,41.586,34.19,0.4512,0.5488,0.6572,0.2388,0,0.3333,0.3333,0.3333,0.691,0.4939,-0.33093,-2.03024,0,0.3333,0.3333,0.3333,1.084,0.4239,-0.19161,-0.72847,0,0.3333,0.3333,0.3333,1.482,0.5333,-0.4518,-1.13227,3.257,44.842,0.3333,0.3333,0.3333,0.3333,0.3333,0.3333,0.3333,0.3333,0.3333,0.3333,0.3333,0.3333,0.3333,0.3333,0.3333,0.3333,0.3333,0.3333,,,,,,,,,,,,,,,,,,,34.766,7.396,0.092,10.076,968.67,192.964,1196.017
174,2026-05-14T17:14:00.082668+00:00,mixed,GND,18.1,21.616,21.616,0.5,0.5,29.257,28.145,0.4903,0.5097,0.6415,0.2342,1,0.3333,0.3333,0.3333,0.441,0.3112,-0.10594,-0.39222,2,0.3333,0.3333,0.3333,0.358,0.3535,-0.06425,-0.17127,2,0.3333,0.3333,0.3333,0.598,0.2449,-0.09024,-0.34925,1.396,29.541,0.3333,0.3333,0.3333,0.3333,0.3333,0.3333,0.3333,0.3333,0.3333,0.3333,0.3333,0.3333,0.3333,0.3333,0.3333,0.3333,0.3333,0.3333,,,,,,,,,,,,,,,,,,,28.722,0.0,0.819,0.819,968.67,193.783,1196.835
175,2026-05-14T17:14:06.098909+00:00,mixed,ISL,28.795,25.72,28.795,0.5,0.5,39.474,32.209,0.4493,0.5507,0.6254,0.2296,2,0.3333,0.3333,0.3333,6.838,0.6602,0.28378,0.35464,0,0.3333,0.3333,0.3333,0.432,0.4493,-0.2568,-1.18209,0,0.3333,0.3333,0.3333,0.99,0.5333,-0.50102,-1.39246,8.26,47.733,0.3333,0.3333,0.3333,0.3333,0.3333,0.3333,0.3333,0.3333,0.3333,0.3333,0.3333,0.3333,0.3333,0.3333,0.3333,0.3333,0.3333,0.3333,,,,,,,,,,,,,,,,,,,32.787,7.265,5.094,14.946,975.935,198.877,1211.781
176,2026-05-14T17:14:12.130810+00:00,mixed,ISL,15.05,25.653,15.05,0.5,0.5,25.283,32.105,0.5594,0.4406,0.6091,0.225,2,0.3333,0.3333,0.3333,2.23,0.6617,-0.17703,-0.30862,0,0.3333,0.3333,0.3333,0.715,0.4606,-0.22853,-0.9598,0,0.3333,0.3333,0.3333,0.942,0.5333,-0.50584,-1.42194,3.886,29.169,0.3333,0.3333,0.3333,0.3333,0.3333,0.3333,0.3333,0.3333,0.3333,0.3333,0.3333,0.3333,0.3333,0.3333,0.3333,0.3333,0.3333,0.3333,,,,,,,,,,,,,,,,,,,28.444,0.0,0.725,0.725,975.935,199.601,1212.506
177,2026-05-14T17:14:18.137107+00:00,mixed,GND,22.356,26.718,26.718,0.5,0.5,32.174,33.133,0.5073,0.4927,0.5926,0.2205,0,0.3333,0.3333,0.3333,0.348,0.2673,-0.11519,-0.70105,2,0.3333,0.3333,0.3333,0.5,0.3621,-0.04997,-0.13059,2,0.3333,0.3333,0.3333,0.61,0.2449,-0.08905,-0.34375,1.458,34.591,0.3333,0.3333,0.3333,0.3333,0.3333,0.3333,0.3333,0.3333,0.3333,0.3333,0.3333,0.3333,0.3333,0.3333,0.3333,0.3333,0.3333,0.3333,,,,,,,,,,,,,,,,,,,33.713,0.958,0.878,0.878,976.893,200.479,1213.384
178,2026-05-14T17:14:24.146435+00:00,mixed,ISL,13.351,26.317,13.351,0.5,0.5,22.782,32.695,0.5893,0.4107,0.5758,0.216,1,0.3333,0.3333,0.3333,1.197,0.4678,-0.28028,-0.74556,2,0.3333,0.3333,0.3333,1.852,0.6075,-0.1148,-0.21,0,0.3333,0.3333,0.3333,1.066,0.5333,-0.49342,-1.34756,4.115,26.897,0.3333,0.3333,0.3333,0.3333,0.3333,0.3333,0.3333,0.3333,0.3333,0.3333,0.3333,0.3333,0.3333,0.3333,0.3333,0.3333,0.3333,0.3333,,,,,,,,,,,,,,,,,,,25.926,0.0,0.97,0.97,976.893,201.45,1214.354
179,2026-05-14T17:14:30.157432+00:00,mixed,GND,42.359,28.911,28.911,0.5,0.5,51.429,35.253,0.4067,0.5933,0.559,0.2117,2,0.3333,0.3333,0.3333,0.521,0.4266,-0.09785,-0.24087,2,0.3333,0.3333,0.3333,0.688,0.368,-0.03123,-0.07961,0,0.3333,0.3333,0.3333,0.174,0.0971,-0.13262,-6.90776,1.383,36.636,0.3333,0.3333,0.3333,0.3333,0.3333,0.3333,0.3333,0.3333,0.3333,0.3333,0.3333,0.3333,0.3333,0.3333,0.3333,0.3333,0.3333,0.3333,,,,,,,,,,,,,,,,,,,35.835,0.0,0.801,0.801,976.893,202.251,1215.156
180,2026-05-14T17:14:36.174782+00:00,mixed,ISL,38.074,33.517,38.074,0.5,0.5,46.808,39.824,0.4597,0.5403,0.542,0.2073,0,0.3333,0.3333,0.3333,0.554,0.4048,-0.34455,-2.34806,2,0.3333,0.3333,0.3333,2.237,0.6117,-0.07632,-0.1346,2,0.3333,0.3333,0.3333,3.205,0.5333,-0.27949,-0.54341,5.996,52.804,0.3333,0.3333,0.3333,0.3333,0.3333,0.3333,0.3333,0.3333,0.3333,0.3333,0.3333,0.3333,0.3333,0.3333,0.3333,0.3333,0.3333,0.3333,,,,,,,,,,,,,,,,,,,40.407,6.984,2.877,12.397,983.877,205.128,1227.553
181,2026-05-14T17:14:42.190778+00:00,mixed,GND,11.873,25.415,25.415,0.5,0.5,20.294,31.689,0.6096,0.3904,0.525,0.2031,0,0.3333,0.3333,0.3333,0.187,0.2814,-0.13131,-0.85449,1,0.3333,0.3333,0.3333,0.569,0.2762,-0.04313,-0.16365,0,0.3333,0.3333,0.3333,0.024,0.0971,-0.14764,-6.90776,0.779,32.468,0.3333,0.3333,0.3333,0.3333,0.3333,0.3333,0.3333,0.3333,0.3333,0.3333,0.3333,0.3333,0.3333,0.3333,0.3333,0.3333,0.3333,0.3333,,,,,,,,,,,,,,,,,,,23.397,11.395,0.195,9.071,995.272,205.323,1236.624
182,2026-05-14T17:14:48.210965+00:00,mixed,GND,36.799,29.053,29.053,0.5,0.5,44.929,35.294,0.4399,0.5601,0.508,0.1989,0,0.3333,0.3333,0.3333,0.172,0.2845,-0.1328,-0.86991,2,0.3333,0.3333,0.3333,0.301,0.3768,-0.06991,-0.18787,0,0.3333,0.3333,0.3333,0.19,0.0971,-0.131,-6.90776,0.663,35.957,0.3333,0.3333,0.3333,0.3333,0.3333,0.3333,0.3333,0.3333,0.3333,0.3333,0.3333,0.3333,0.3333,0.3333,0.3333,0.3333,0.3333,0.3333,,,,,,,,,,,,,,,,,,,35.879,0.0,0.078,0.078,995.272,205.402,1236.702
183,2026-05-14T17:14:54.221254+00:00,mixed,ISL,32.998,22.769,32.998,0.5,0.5,40.857,28.978,0.415,0.585,0.491,0.1947,2,0.3333,0.3333,0.3333,2.359,0.6581,-0.16414,-0.28263,0,0.3333,0.3333,0.3333,0.549,0.4957,-0.24508,-1.08385,2,0.3333,0.3333,0.3333,1.329,0.5333,-0.46707,-1.20599,4.237,45.094,0.3333,0.3333,0.3333,0.3333,0.3333,0.3333,0.3333,0.3333,0.3333,0.3333,0.3333,0.3333,0.3333,0.3333,0.3333,0.3333,0.3333,0.3333,,,,,,,,,,,,,,,,,,,29.564,11.878,1.171,15.53,1007.15,206.572,1252.232
184,2026-05-14T17:15:00.242865+00:00,mixed,ISL,35.974,29.817,35.974,0.5,0.5,43.581,35.995,0.4523,0.5477,0.4742,0.1906,1,0.3333,0.3333,0.3333,1.595,0.4316,-0.24046,-0.59941,0,0.3333,0.3333,0.3333,1.54,0.4933,-0.14602,-0.50127,2,0.3333,0.3333,0.3333,1.412,0.5333,-0.45884,-1.1656,4.547,48.128,0.3333,0.3333,0.3333,0.3333,0.3333,0.3333,0.3333,0.3333,0.3333,0.3333,0.3333,0.3333,0.3333,0.3333,0.3333,0.3333,0.3333,0.3333,,,,,,,,,,,,,,,,,,,36.581,7.586,1.501,11.547,1014.737,208.073,1263.779
185,2026-05-14T17:15:06.257546+00:00,mixed,ISL,17.879,21.425,17.879,0.5,0.5,25.251,27.573,0.522,0.478,0.4574,0.1866,1,0.3333,0.3333,0.3333,3.033,0.4289,-0.09674,-0.20015,0,0.3333,0.3333,0.3333,0.549,0.489,-0.24514,-1.08437,1,0.3333,0.3333,0.3333,2.758,0.6519,-0.32415,-0.50721,6.34,31.59,0.3333,0.3333,0.3333,0.3333,0.3333,0.3333,0.3333,0.3333,0.3333,0.3333,0.3333,0.3333,0.3333,0.3333,0.3333,0.3333,0.3333,0.3333,,,,,,,,,,,,,,,,,,,28.16,0.0,3.315,3.43,1014.737,211.388,1267.209
186,2026-05-14T17:15:12.258732+00:00,mixed,ISL,19.021,29.846,19.021,0.5,0.5,26.175,35.964,0.5788,0.4212,0.4409,0.1827,2,0.3333,0.3333,0.3333,2.319,0.6492,-0.1681,-0.29055,1,0.3333,0.3333,0.3333,0.562,0.416,-0.24379,-0.71734,1,0.3333,0.3333,0.3333,3.009,0.6519,-0.29914,-0.45748,5.89,32.065,0.3333,0.3333,0.3333,0.3333,0.3333,0.3333,0.3333,0.3333,0.3333,0.3333,0.3333,0.3333,0.3333,0.3333,0.3333,0.3333,0.3333,0.3333,,,,,,,,,,,,,,,,,,,29.178,0.0,2.887,2.887,1014.737,214.275,1270.096
187,2026-05-14T17:15:18.275664+00:00,mixed,GND,29.672,26.558,26.558,0.5,0.5,36.623,32.647,0.4713,0.5287,0.4246,0.1789,2,0.3333,0.3333,0.3333,0.433,0.4427,-0.1067,-0.2658,0,0.3333,0.3333,0.3333,0.125,0.2104,-0.08754,-0.67381,2,0.3333,0.3333,0.3333,0.243,0.2449,-0.12574,-0.52888,0.8,33.447,0.3333,0.3333,0.3333,0.3333,0.3333,0.3333,0.3333,0.3333,0.3333,0.3333,0.3333,0.3333,0.3333,0.3333,0.3333,0.3333,0.3333,0.3333,,,,,,,,,,,,,,,,,,,33.236,0.0,0.211,0.211,1014.737,214.486,1270.307
188,2026-05-14T17:15:24.291458+00:00,mixed,GND,11.682,21.246,21.246,0.5,0.5,18.445,27.307,0.5969,0.4031,0.4085,0.1751,0,0.3333,0.3333,0.3333,0.288,0.2985,-0.12123,-0.7558,0,0.3333,0.3333,0.3333,0.113,0.2141,-0.08867,-0.6863,0,0.3333,0.3333,0.3333,0.169,0.0971,-0.13312,-6.90776,0.57,27.877,0.3333,0.3333,0.3333,0.3333,0.3333,0.3333,0.3333,0.3333,0.3333,0.3333,0.3333,0.3333,0.3333,0.3333,0.3333,0.3333,0.3333,0.3333,,,,,,,,,,,,,,,,,,,21.404,8.862,0.0,6.472,1023.599,214.486,1276.78
189,2026-05-14T17:15:30.302514+00:00,mixed,ISL,15.922,25.838,15.922,0.5,0.5,22.51,31.872,0.5861,0.4139,0.3928,0.1714,0,0.3333,0.3333,0.3333,0.43,0.306,-0.35695,-2.76453,1,0.3333,0.3333,0.3333,0.435,0.3972,-0.25649,-0.77355,1,0.3333,0.3333,0.3333,3.277,0.6519,-0.27231,-0.40676,4.143,26.652,0.3333,0.3333,0.3333,0.3333,0.3333,0.3333,0.3333,0.3333,0.3333,0.3333,0.3333,0.3333,0.3333,0.3333,0.3333,0.3333,0.3333,0.3333,,,,,,,,,,,,,,,,,,,25.449,0.0,1.203,1.203,1023.599,215.689,1277.983
190,2026-05-14T17:15:36.319842+00:00,mixed,ISL,22.347,25.541,22.347,0.5,0.5,28.772,31.549,0.523,0.477,0.3775,0.1678,2,0.3333,0.3333,0.3333,2.136,0.6317,-0.18639,-0.32793,2,0.3333,0.3333,0.3333,2.46,0.6061,-0.05396,-0.09324,1,0.3333,0.3333,0.3333,2.125,0.6519,-0.38753,-0.64551,6.721,35.493,0.3333,0.3333,0.3333,0.3333,0.3333,0.3333,0.3333,0.3333,0.3333,0.3333,0.3333,0.3333,0.3333,0.3333,0.3333,0.3333,0.3333,0.3333,,,,,,,,,,,,,,,,,,,31.692,0.0,3.801,3.801,1023.599,219.49,1281.784
191,2026-05-14T17:15:42.338232+00:00,mixed,GND,29.88,26.69,26.69,0.5,0.5,36.154,32.673,0.4747,0.5253,0.3625,0.1642,2,0.3333,0.3333,0.3333,0.861,0.4456,-0.06387,-0.1505,2,0.3333,0.3333,0.3333,0.418,0.3985,-0.05818,-0.1538,1,0.3333,0.3333,0.3333,0.316,0.1714,-0.11845,-0.80464,1.595,34.268,0.3333,0.3333,0.3333,0.3333,0.3333,0.3333,0.3333,0.3333,0.3333,0.3333,0.3333,0.3333,0.3333,0.3333,0.3333,0.3333,0.3333,0.3333,,,,,,,,,,,,,,,,,,,33.264,0.0,1.004,1.004,1023.599,220.494,1282.787
192,2026-05-14T17:15:48.348274+00:00,mixed,ISL,22.327,25.259,22.327,0.5,0.5,28.462,31.216,0.5231,0.4769,0.348,0.1608,2,0.3333,0.3333,0.3333,3.189,0.6212,-0.08107,-0.12966,0,0.3333,0.3333,0.3333,0.557,0.4171,-0.24427,-1.07746,1,0.3333,0.3333,0.3333,3.01,0.6519,-0.29901,-0.45724,6.756,35.219,0.3333,0.3333,0.3333,0.3333,0.3333,0.3333,0.3333,0.3333,0.3333,0.3333,0.3333,0.3333,0.3333,0.3333,0.3333,0.3333,0.3333,0.3333,,,,,,,,,,,,,,,,,,,31.352,0.0,3.867,3.867,1023.599,224.361,1286.654
193,2026-05-14T17:15:54.371229+00:00,mixed,ISL,12.546,26.247,12.546,0.5,0.5,18.552,32.181,0.6343,0.3657,0.334,0.1574,0,0.3333,0.3333,0.3333,0.263,0.3157,-0.37366,-3.95645,1,0.3333,0.3333,0.3333,0.526,0.3828,-0.24739,-0.73298,2,0.3333,0.3333,0.3333,2.678,0.5333,-0.33221,-0.68979,3.467,22.019,0.3333,0.3333,0.3333,0.3333,0.3333,0.3333,0.3333,0.3333,0.3333,0.3333,0.3333,0.3333,0.3333,0.3333,0.3333,0.3333,0.3333,0.3333,,,,,,,,,,,,,,,,,,,21.43,0.0,0.589,0.589,1023.599,224.95,1287.243
194,2026-05-14T17:16:00.387892+00:00,mixed,GND,30.077,29.734,29.734,0.5,0.5,35.963,35.645,0.4978,0.5022,0.3205,0.1541,2,0.3333,0.3333,0.3333,0.716,0.4452,-0.07841,-0.18816,0,0.3333,0.3333,0.3333,0.096,0.235,-0.09039,-0.70557,0,0.3333,0.3333,0.3333,0.074,0.0971,-0.14261,-6.90776,0.886,36.531,0.3333,0.3333,0.3333,0.3333,0.3333,0.3333,0.3333,0.3333,0.3333,0.3333,0.3333,0.3333,0.3333,0.3333,0.3333,0.3333,0.3333,0.3333,,,,,,,,,,,,,,,,,,,36.238,0.0,0.293,0.293,1023.599,225.243,1287.537
195,2026-05-14T17:16:06.398203+00:00,gaming,GND,25.132,31.207,31.207,0.5,0.5,30.909,37.095,0.5455,0.4545,0.3075,0.1509,1,0.3333,0.3333,0.3333,0.804,0.2252,-0.06956,-0.23957,0,0.3333,0.3333,0.3333,0.235,0.1667,-0.07654,-0.55971,0,0.3333,0.3333,0.3333,0.043,0.0229,-0.14568,-6.90776,1.082,38.178,0.3333,0.3333,0.3333,0.3333,0.3333,0.3333,0.3333,0.3333,0.3333,0.3333,0.3333,0.3333,0.3333,0.3333,0.3333,0.3333,0.3333,0.3333,,,,,,,,,,,,,,,,,,,32.224,6.187,0.58,5.954,1029.786,225.823,1293.49
196,2026-05-14T17:16:12.420335+00:00,gaming,ISL,30.97,29.34,30.97,0.5,0.5,36.645,35.207,0.49,0.51,0.2952,0.1477,2,0.3333,0.3333,0.3333,0.835,0.3317,-0.31649,-0.64386,0,0.3333,0.3333,0.3333,0.732,0.2139,-0.22679,-0.94761,2,0.3333,0.3333,0.3333,3.328,0.4444,-0.26724,-0.27512,4.895,41.54,0.3333,0.3333,0.3333,0.3333,0.3333,0.3333,0.3333,0.3333,0.3333,0.3333,0.3333,0.3333,0.3333,0.3333,0.3333,0.3333,0.3333,0.3333,,,,,,,,,,,,,,,,,,,35.709,1.438,3.58,5.831,1031.224,229.404,1299.321
197,2026-05-14T17:16:18.439572+00:00,gaming,ISL,16.595,21.09,16.595,0.5,0.5,22.177,26.936,0.5484,0.4516,0.2835,0.1447,2,0.3333,0.3333,0.3333,0.571,0.3258,-0.34292,-0.72234,2,0.3333,0.3333,0.3333,1.83,0.3363,-0.11695,-0.2144,1,0.3333,0.3333,0.3333,0.304,0.237,-0.56963,-3.25056,2.705,24.882,0.3333,0.3333,0.3333,0.3333,0.3333,0.3333,0.3333,0.3333,0.3333,0.3333,0.3333,0.3333,0.3333,0.3333,0.3333,0.3333,0.3333,0.3333,,,,,,,,,,,,,,,,,,,23.493,0.0,1.389,1.389,1031.224,230.792,1300.71
198,2026-05-14T17:16:24.439426+00:00,gaming,GND,25.541,33.66,33.66,0.5,0.5,31.038,39.486,0.5599,0.4401,0.2724,0.1418,1,0.3333,0.3333,0.3333,0.572,0.2282,-0.0928,-0.33435,2,0.3333,0.3333,0.3333,0.27,0.2429,-0.07301,-0.19708,0,0.3333,0.3333,0.3333,0.012,0.0229,-0.14881,-6.90776,0.854,40.339,0.3333,0.3333,0.3333,0.3333,0.3333,0.3333,0.3333,0.3333,0.3333,0.3333,0.3333,0.3333,0.3333,0.3333,0.3333,0.3333,0.3333,0.3333,,,,,,,,,,,,,,,,,,,32.358,8.447,0.351,7.981,1039.671,231.144,1308.691
199,2026-05-14T17:16:30.443755+00:00,gaming,GND,21.153,29.8,29.8,0.5,0.5,26.574,35.607,0.5726,0.4274,0.2621,0.1389,0,0.3333,0.3333,0.3333,0.421,0.2071,-0.10791,-0.6389,2,0.3333,0.3333,0.3333,0.423,0.2432,-0.0577,-0.1524,0,0.3333,0.3333,0.3333,0.078,0.0229,-0.14218,-6.90776,0.922,36.529,0.3333,0.3333,0.3333,0.3333,0.3333,0.3333,0.3333,0.3333,0.3333,0.3333,0.3333,0.3333,0.3333,0.3333,0.3333,0.3333,0.3333,0.3333,,,,,,,,,,,,,,,,,,,27.899,9.033,0.42,8.629,1048.703,231.564,1317.32
200,2026-05-14T17:16:36.456683+00:00,gaming,GND,30.855,29.503,29.503,0.5,0.5,36.206,35.291,0.4936,0.5064,0.2524,0.1362,0,0.3333,0.3333,0.3333,0.322,0.2054,-0.11775,-0.72394,0,0.3333,0.3333,0.3333,0.095,0.18,-0.0905,-0.70685,0,0.3333,0.3333,0.3333,0.029,0.0229,-0.14713,-6.90776,0.446,35.737,0.3333,0.3333,0.3333,0.3333,0.3333,0.3333,0.3333,0.3333,0.3333,0.3333,0.3333,0.3333,0.3333,0.3333,0.3333,0.3333,0.3333,0.3333,,,,,,,,,,,,,,,,,,,35.794,0.0,0.0,0.0,1048.703,231.564,1317.32
201,2026-05-14T17:16:42.461103+00:00,gaming,ISL,20.616,21.234,20.616,0.5,0.5,25.904,27.004,0.5104,0.4896,0.2435,0.1335,1,0.3333,0.3333,0.3333,1.404,0.3008,-0.25957,-0.66687,0,0.3333,0.3333,0.3333,0.388,0.1615,-0.2612,-1.22161,2,0.3333,0.3333,0.3333,3.544,0.4444,-0.24559,-0.24979,5.336,31.241,0.3333,0.3333,0.3333,0.3333,0.3333,0.3333,0.3333,0.3333,0.3333,0.3333,0.3333,0.3333,0.3333,0.3333,0.3333,0.3333,0.3333,0.3333,,,,,,,,,,,,,,,,,,,27.247,0.0,3.994,3.994,1048.703,235.557,1321.314
202,2026-05-14T17:16:48.468597+00:00,gaming,GND,25.883,22.974,22.974,0.5,0.5,31.115,28.727,0.48,0.52,0.2354,0.1309,0,0.3333,0.3333,0.3333,0.256,0.2012,-0.12445,-0.78628,0,0.3333,0.3333,0.3333,0.196,0.184,-0.08036,-0.59782,0,0.3333,0.3333,0.3333,0.037,0.0229,-0.14633,-6.90776,0.489,29.216,0.3333,0.3333,0.3333,0.3333,0.3333,0.3333,0.3333,0.3333,0.3333,0.3333,0.3333,0.3333,0.3333,0.3333,0.3333,0.3333,0.3333,0.3333,,,,,,,,,,,,,,,,,,,29.229,0.0,0.0,0.0,1048.703,235.557,1321.314
203,2026-05-14T17:16:54.533763+00:00,gaming,GND,19.342,25.366,25.366,0.5,0.5,24.524,31.103,0.5591,0.4409,0.2281,0.1284,2,0.3333,0.3333,0.3333,0.108,0.2488,-0.13925,-0.36327,0,0.3333,0.3333,0.3333,0.134,0.1857,-0.08659,-0.66338,1,0.3333,0.3333,0.3333,0.143,0.0571,-0.13572,-2.99588,0.384,31.487,0.3333,0.3333,0.3333,0.3333,0.3333,0.3333,0.3333,0.3333,0.3333,0.3333,0.3333,0.3333,0.3333,0.3333,0.3333,0.3333,0.3333,0.3333,,,,,,,,,,,,,,,,,,,25.889,6.579,0.0,5.599,1055.283,235.557,1326.913
204,2026-05-14T17:17:00.553936+00:00,gaming,ISL,43.016,40.961,43.016,0.5,0.5,48.155,46.683,0.4922,0.5078,0.2216,0.1261,0,0.3333,0.3333,0.3333,0.355,0.3112,-0.36452,-3.14335,0,0.3333,0.3333,0.3333,0.395,0.1487,-0.2605,-1.21523,0,0.3333,0.3333,0.3333,0.044,0.1111,-0.59563,-6.90776,0.793,48.949,0.3333,0.3333,0.3333,0.3333,0.3333,0.3333,0.3333,0.3333,0.3333,0.3333,0.3333,0.3333,0.3333,0.3333,0.3333,0.3333,0.3333,0.3333,,,,,,,,,,,,,,,,,,,47.184,1.472,0.0,1.764,1056.755,235.557,1328.677
205,2026-05-14T17:17:06.553008+00:00,gaming,ISL,22.034,25.961,22.034,0.5,0.5,27.135,31.667,0.5385,0.4615,0.2159,0.1238,1,0.3333,0.3333,0.3333,0.635,0.338,-0.33654,-0.99697,1,0.3333,0.3333,0.3333,0.447,0.233,-0.25526,-0.76798,1,0.3333,0.3333,0.3333,0.924,0.237,-0.5076,-1.94199,2.006,29.141,0.3333,0.3333,0.3333,0.3333,0.3333,0.3333,0.3333,0.3333,0.3333,0.3333,0.3333,0.3333,0.3333,0.3333,0.3333,0.3333,0.3333,0.3333,,,,,,,,,,,,,,,,,,,28.525,0.0,0.616,0.616,1056.755,236.173,1329.293
206,2026-05-14T17:17:12.554799+00:00,gaming,GND,28.679,26.086,26.086,0.5,0.5,33.749,31.779,0.485,0.515,0.2111,0.1216,0,0.3333,0.3333,0.3333,0.181,0.19,-0.13191,-0.86068,0,0.3333,0.3333,0.3333,0.326,0.1895,-0.06742,-0.47411,2,0.3333,0.3333,0.3333,0.176,0.1469,-0.13243,-0.44709,0.682,32.461,0.3333,0.3333,0.3333,0.3333,0.3333,0.3333,0.3333,0.3333,0.3333,0.3333,0.3333,0.3333,0.3333,0.3333,0.3333,0.3333,0.3333,0.3333,,,,,,,,,,,,,,,,,,,32.28,0.0,0.181,0.181,1056.755,236.354,1329.474
207,2026-05-14T17:17:18.568083+00:00,gaming,ISL,16.482,25.862,16.482,0.5,0.5,21.527,31.541,0.5944,0.4056,0.2071,0.1195,1,0.3333,0.3333,0.3333,0.519,0.354,-0.34812,-1.05764,0,0.3333,0.3333,0.3333,0.705,0.153,-0.22953,-0.9669,0,0.3333,0.3333,0.3333,0.576,0.1111,-0.54241,-6.90776,1.799,23.326,0.3333,0.3333,0.3333,0.3333,0.3333,0.3333,0.3333,0.3333,0.3333,0.3333,0.3333,0.3333,0.3333,0.3333,0.3333,0.3333,0.3333,0.3333,,,,,,,,,,,,,,,,,,,22.941,0.0,0.385,0.385,1056.755,236.74,1329.859
208,2026-05-14T17:17:24.588307+00:00,gaming,GND,19.93,25.586,25.586,0.5,0.5,24.955,31.252,0.556,0.444,0.204,0.1176,2,0.3333,0.3333,0.3333,0.3,0.2352,-0.11999,-0.30447,2,0.3333,0.3333,0.3333,0.96,0.2361,-0.00404,-0.00994,2,0.3333,0.3333,0.3333,0.29,0.1469,-0.12103,-0.39969,1.549,32.801,0.3333,0.3333,0.3333,0.3333,0.3333,0.3333,0.3333,0.3333,0.3333,0.3333,0.3333,0.3333,0.3333,0.3333,0.3333,0.3333,0.3333,0.3333,,,,,,,,,,,,,,,,,,,26.379,6.297,1.049,6.422,1063.052,237.789,1336.281
209,2026-05-14T17:17:30.614214+00:00,gaming,GND,30.573,28.874,28.874,0.5,0.5,35.584,34.528,0.4925,0.5075,0.2018,0.1157,1,0.3333,0.3333,0.3333,0.321,0.2289,-0.11793,-0.44812,1,0.3333,0.3333,0.3333,0.334,0.2125,-0.06659,-0.26534,1,0.3333,0.3333,0.3333,0.109,0.0571,-0.1391,-3.63789,0.764,35.292,0.3333,0.3333,0.3333,0.3333,0.3333,0.3333,0.3333,0.3333,0.3333,0.3333,0.3333,0.3333,0.3333,0.3333,0.3333,0.3333,0.3333,0.3333,,,,,,,,,,,,,,,,,,,35.028,0.0,0.264,0.264,1063.052,238.052,1336.544
210,2026-05-14T17:17:36.627516+00:00,browsing,ISL,16.711,21.831,16.711,0.5,0.5,21.714,27.474,0.5585,0.4415,0.2004,0.1139,2,0.3333,0.3333,0.3333,3.754,0.6032,-0.02461,-0.03761,2,0.3333,0.3333,0.3333,1.747,0.5722,-0.1253,-0.23161,2,0.3333,0.3333,0.3333,2.229,0.5667,-0.37714,-0.91376,7.73,29.444,0.3333,0.3333,0.3333,0.3333,0.3333,0.3333,0.3333,0.3333,0.3333,0.3333,0.3333,0.3333,0.3333,0.3333,0.3333,0.3333,0.3333,0.3333,,,,,,,,,,,,,,,,,,,24.546,0.0,4.898,4.898,1063.052,242.951,1341.443
211,2026-05-14T17:17:42.637675+00:00,browsing,ISL,25.413,33.9,25.413,0.5,0.5,30.413,39.533,0.5652,0.4348,0.2,0.1122,2,0.3333,0.3333,0.3333,2.553,0.6016,-0.14472,-0.24472,0,0.3333,0.3333,0.3333,0.575,0.3691,-0.24248,-1.0633,0,0.3333,0.3333,0.3333,0.828,0.5,-0.51716,-2.6719,3.957,34.37,0.3333,0.3333,0.3333,0.3333,0.3333,0.3333,0.3333,0.3333,0.3333,0.3333,0.3333,0.3333,0.3333,0.3333,0.3333,0.3333,0.3333,0.3333,,,,,,,,,,,,,,,,,,,33.253,0.0,1.117,1.117,1063.052,244.068,1342.56
212,2026-05-14T17:17:48.668285+00:00,browsing,GND,29.97,26.136,26.136,0.5,0.5,34.973,31.758,0.4759,0.5241,0.2004,0.1107,0,0.3333,0.3333,0.3333,0.132,0.2823,-0.13676,-0.91208,1,0.3333,0.3333,0.3333,0.55,0.3568,-0.04495,-0.17119,1,0.3333,0.3333,0.3333,0.243,0.1821,-0.12575,-0.97113,0.925,32.684,0.3333,0.3333,0.3333,0.3333,0.3333,0.3333,0.3333,0.3333,0.3333,0.3333,0.3333,0.3333,0.3333,0.3333,0.3333,0.3333,0.3333,0.3333,,,,,,,,,,,,,,,,,,,32.345,0.0,0.338,0.338,1063.052,244.406,1342.898
213,2026-05-14T17:17:54.687033+00:00,browsing,GND,32.484,26.396,26.396,0.5,0.5,37.495,32.009,0.4605,0.5395,0.2018,0.1092,1,0.3333,0.3333,0.3333,0.527,0.3884,-0.09734,-0.35399,1,0.3333,0.3333,0.3333,0.364,0.357,-0.06355,-0.25159,2,0.3333,0.3333,0.3333,0.668,0.2755,-0.08319,-0.31712,1.559,33.568,0.3333,0.3333,0.3333,0.3333,0.3333,0.3333,0.3333,0.3333,0.3333,0.3333,0.3333,0.3333,0.3333,0.3333,0.3333,0.3333,0.3333,0.3333,,,,,,,,,,,,,,,,,,,32.595,0.0,0.973,0.973,1063.052,245.379,1343.871
214,2026-05-14T17:18:00.697270+00:00,browsing,ISL,37.628,30.814,37.628,0.5,0.5,42.654,36.418,0.4606,0.5394,0.204,0.1079,1,0.3333,0.3333,0.3333,1.966,0.6499,-0.20344,-0.48039,2,0.3333,0.3333,0.3333,1.231,0.5571,-0.17686,-0.34506,2,0.3333,0.3333,0.3333,1.354,0.5667,-0.46462,-1.33911,4.551,47.204,0.3333,0.3333,0.3333,0.3333,0.3333,0.3333,0.3333,0.3333,0.3333,0.3333,0.3333,0.3333,0.3333,0.3333,0.3333,0.3333,0.3333,0.3333,,,,,,,,,,,,,,,,,,,37.004,6.235,1.709,10.201,1069.287,247.087,1354.071
215,2026-05-14T17:18:06.696293+00:00,browsing,GND,29.17,26.378,26.378,0.5,0.5,34.215,31.975,0.4831,0.5169,0.2071,0.1066,1,0.3333,0.3333,0.3333,0.613,0.3858,-0.08866,-0.31681,0,0.3333,0.3333,0.3333,0.23,0.2778,-0.077,-0.56421,0,0.3333,0.3333,0.3333,0.179,0.1029,-0.13213,-6.90776,1.022,32.997,0.3333,0.3333,0.3333,0.3333,0.3333,0.3333,0.3333,0.3333,0.3333,0.3333,0.3333,0.3333,0.3333,0.3333,0.3333,0.3333,0.3333,0.3333,,,,,,,,,,,,,,,,,,,32.56,0.0,0.438,0.438,1069.287,247.525,1354.509
216,2026-05-14T17:18:12.711132+00:00,browsing,GND,17.943,25.7,25.7,0.5,0.5,23.014,31.29,0.5762,0.4238,0.2111,0.1055,0,0.3333,0.3333,0.3333,0.228,0.2657,-0.12717,-0.8128,2,0.3333,0.3333,0.3333,0.547,0.4218,-0.04525,-0.11751,2,0.3333,0.3333,0.3333,0.352,0.2755,-0.11481,-0.47005,1.128,32.417,0.3333,0.3333,0.3333,0.3333,0.3333,0.3333,0.3333,0.3333,0.3333,0.3333,0.3333,0.3333,0.3333,0.3333,0.3333,0.3333,0.3333,0.3333,,,,,,,,,,,,,,,,,,,25.845,8.276,0.544,6.572,1077.563,248.069,1361.081
217,2026-05-14T17:18:18.714644+00:00,browsing,GND,24.796,34.116,34.116,0.5,0.5,29.897,39.699,0.5704,0.4296,0.2159,0.1044,0,0.3333,0.3333,0.3333,0.193,0.2615,-0.13074,-0.84864,1,0.3333,0.3333,0.3333,0.4,0.3568,-0.06001,-0.23578,0,0.3333,0.3333,0.3333,0.075,0.1029,-0.14249,-6.90776,0.668,40.366,0.3333,0.3333,0.3333,0.3333,0.3333,0.3333,0.3333,0.3333,0.3333,0.3333,0.3333,0.3333,0.3333,0.3333,0.3333,0.3333,0.3333,0.3333,,,,,,,,,,,,,,,,,,,32.723,9.801,0.085,7.643,1087.364,248.154,1368.724
218,2026-05-14T17:18:24.718004+00:00,browsing,GND,29.856,26.885,26.885,0.5,0.5,34.995,32.463,0.4812,0.5188,0.2216,0.1035,2,0.3333,0.3333,0.3333,1.007,0.4333,-0.04935,-0.11423,2,0.3333,0.3333,0.3333,0.393,0.4161,-0.06072,-0.16106,0,0.3333,0.3333,0.3333,0.187,0.1029,-0.13131,-6.90776,1.586,34.049,0.3333,0.3333,0.3333,0.3333,0.3333,0.3333,0.3333,0.3333,0.3333,0.3333,0.3333,0.3333,0.3333,0.3333,0.3333,0.3333,0.3333,0.3333,,,,,,,,,,,,,,,,,,,33.045,0.0,1.004,1.004,1087.364,249.158,1369.729
219,2026-05-14T17:18:30.720177+00:00,browsing,ISL,19.013,21.974,19.013,0.5,0.5,24.195,27.547,0.5324,0.4676,0.2281,0.1027,1,0.3333,0.3333,0.3333,1.828,0.639,-0.21722,-0.52306,1,0.3333,0.3333,0.3333,1.544,0.5823,-0.14562,-0.36499,1,0.3333,0.3333,0.3333,2.135,0.6667,-0.38654,-0.73779,5.506,29.702,0.3333,0.3333,0.3333,0.3333,0.3333,0.3333,0.3333,0.3333,0.3333,0.3333,0.3333,0.3333,0.3333,0.3333,0.3333,0.3333,0.3333,0.3333,,,,,,,,,,,,,,,,,,,27.008,0.0,2.694,2.694,1087.364,251.852,1372.422
220,2026-05-14T17:18:36.742731+00:00,browsing,GND,19.932,29.874,29.874,0.5,0.5,25.164,35.442,0.5848,0.4152,0.2354,0.102,0,0.3333,0.3333,0.3333,0.111,0.2492,-0.13891,-0.93584,0,0.3333,0.3333,0.3333,0.153,0.2693,-0.08467,-0.64279,1,0.3333,0.3333,0.3333,0.115,0.1821,-0.13852,-1.15341,0.379,35.821,0.3333,0.3333,0.3333,0.3333,0.3333,0.3333,0.3333,0.3333,0.3333,0.3333,0.3333,0.3333,0.3333,0.3333,0.3333,0.3333,0.3333,0.3333,,,,,,,,,,,,,,,,,,,27.971,10.278,0.0,7.85,1097.642,251.852,1380.272
221,2026-05-14T17:18:42.766519+00:00,browsing,GND,28.709,25.804,25.804,0.5,0.5,33.997,31.368,0.4799,0.5201,0.2435,0.1014,1,0.3333,0.3333,0.3333,0.282,0.3753,-0.1218,-0.46684,2,0.3333,0.3333,0.3333,0.205,0.4073,-0.07947,-0.21655,0,0.3333,0.3333,0.3333,0.137,0.1029,-0.13629,-6.90776,0.624,31.992,0.3333,0.3333,0.3333,0.3333,0.3333,0.3333,0.3333,0.3333,0.3333,0.3333,0.3333,0.3333,0.3333,0.3333,0.3333,0.3333,0.3333,0.3333,,,,,,,,,,,,,,,,,,,31.947,0.0,0.045,0.045,1097.642,251.897,1380.317
222,2026-05-14T17:18:48.786480+00:00,browsing,ISL,12.109,22.02,12.109,0.5,0.5,17.46,27.581,0.6123,0.3877,0.2524,0.1009,0,0.3333,0.3333,0.3333,0.376,0.412,-0.3624,-3.02203,0,0.3333,0.3333,0.3333,0.563,0.5076,-0.24374,-1.07319,0,0.3333,0.3333,0.3333,1.017,0.5,-0.49826,-2.27182,1.956,19.416,0.3333,0.3333,0.3333,0.3333,0.3333,0.3333,0.3333,0.3333,0.3333,0.3333,0.3333,0.3333,0.3333,0.3333,0.3333,0.3333,0.3333,0.3333,,,,,,,,,,,,,,,,,,,20.257,0.0,0.0,0.0,1097.642,251.897,1380.317
223,2026-05-14T17:18:54.809684+00:00,browsing,GND,21.609,25.53,25.53,0.5,0.5,27.029,31.089,0.5349,0.4651,0.2621,0.1005,0,0.3333,0.3333,0.3333,0.234,0.2375,-0.12658,-0.80697,0,0.3333,0.3333,0.3333,0.124,0.2618,-0.08762,-0.67468,2,0.3333,0.3333,0.3333,0.135,0.2755,-0.13646,-0.59018,0.493,31.582,0.3333,0.3333,0.3333,0.3333,0.3333,0.3333,0.3333,0.3333,0.3333,0.3333,0.3333,0.3333,0.3333,0.3333,0.3333,0.3333,0.3333,0.3333,,,,,,,,,,,,,,,,,,,29.822,4.06,0.0,1.761,1101.702,251.897,1382.078
224,2026-05-14T17:19:00.820041+00:00,browsing,GND,29.548,26.45,26.45,0.5,0.5,35.046,32.007,0.4773,0.5227,0.2724,0.1002,1,0.3333,0.3333,0.3333,0.61,0.3689,-0.08902,-0.31833,0,0.3333,0.3333,0.3333,0.235,0.259,-0.07647,-0.55898,1,0.3333,0.3333,0.3333,0.078,0.1821,-0.14218,-1.21252,0.923,32.93,0.3333,0.3333,0.3333,0.3333,0.3333,0.3333,0.3333,0.3333,0.3333,0.3333,0.3333,0.3333,0.3333,0.3333,0.3333,0.3333,0.3333,0.3333,,,,,,,,,,,,,,,,,,,32.584,0.0,0.347,0.347,1101.702,252.244,1382.425
225,2026-05-14T17:19:06.836603+00:00,browsing,ISL,17.629,21.09,17.629,0.5,0.5,23.211,26.646,0.5344,0.4656,0.2835,0.1001,2,0.3333,0.3333,0.3333,2.106,0.6317,-0.18938,-0.33417,2,0.3333,0.3333,0.3333,2.543,0.5486,-0.0457,-0.07841,1,0.3333,0.3333,0.3333,2.14,0.6667,-0.38604,-0.73639,6.789,30.0,0.3333,0.3333,0.3333,0.3333,0.3333,0.3333,0.3333,0.3333,0.3333,0.3333,0.3333,0.3333,0.3333,0.3333,0.3333,0.3333,0.3333,0.3333,,,,,,,,,,,,,,,,,,,25.994,0.0,4.006,4.006,1101.702,256.249,1386.431
226,2026-05-14T17:19:12.866060+00:00,browsing,ISL,41.778,29.212,41.778,0.5,0.5,47.453,34.767,0.4229,0.5771,0.2952,0.1,0,0.3333,0.3333,0.3333,0.999,0.362,-0.30009,-1.54999,2,0.3333,0.3333,0.3333,1.258,0.5505,-0.17417,-0.3388,2,0.3333,0.3333,0.3333,1.801,0.5667,-0.4199,-1.0993,4.058,51.512,0.3333,0.3333,0.3333,0.3333,0.3333,0.3333,0.3333,0.3333,0.3333,0.3333,0.3333,0.3333,0.3333,0.3333,0.3333,0.3333,0.3333,0.3333,,,,,,,,,,,,,,,,,,,35.342,12.686,1.281,16.17,1114.388,257.531,1402.6
227,2026-05-14T17:19:18.887537+00:00,browsing,GND,42.969,30.453,30.453,0.5,0.5,48.746,36.009,0.4249,0.5751,0.3075,0.1001,0,0.3333,0.3333,0.3333,0.243,0.224,-0.12575,-0.79881,0,0.3333,0.3333,0.3333,0.143,0.2496,-0.08569,-0.65365,1,0.3333,0.3333,0.3333,0.41,0.1821,-0.10901,-0.77357,0.796,36.805,0.3333,0.3333,0.3333,0.3333,0.3333,0.3333,0.3333,0.3333,0.3333,0.3333,0.3333,0.3333,0.3333,0.3333,0.3333,0.3333,0.3333,0.3333,,,,,,,,,,,,,,,,,,,36.583,0.0,0.222,0.222,1114.388,257.753,1402.822
228,2026-05-14T17:19:24.899863+00:00,browsing,ISL,43.465,36.201,43.465,0.5,0.5,49.351,41.758,0.4583,0.5417,0.3205,0.1002,0,0.3333,0.3333,0.3333,0.438,0.3478,-0.35616,-2.7323,0,0.3333,0.3333,0.3333,0.523,0.5328,-0.24775,-1.1054,0,0.3333,0.3333,0.3333,0.736,0.5,-0.52645,-2.94903,1.696,51.047,0.3333,0.3333,0.3333,0.3333,0.3333,0.3333,0.3333,0.3333,0.3333,0.3333,0.3333,0.3333,0.3333,0.3333,0.3333,0.3333,0.3333,0.3333,,,,,,,,,,,,,,,,,,,42.331,7.593,0.0,8.716,1121.981,257.753,1411.538
229,2026-05-14T17:19:30.930271+00:00,browsing,GND,15.666,25.559,25.559,0.5,0.5,21.671,31.118,0.5895,0.4105,0.334,0.1005,2,0.3333,0.3333,0.3333,1.101,0.4125,-0.0399,-0.09132,2,0.3333,0.3333,0.3333,0.982,0.385,-0.00183,-0.0045,2,0.3333,0.3333,0.3333,0.353,0.2755,-0.11465,-0.46927,2.436,33.554,0.3333,0.3333,0.3333,0.3333,0.3333,0.3333,0.3333,0.3333,0.3333,0.3333,0.3333,0.3333,0.3333,0.3333,0.3333,0.3333,0.3333,0.3333,,,,,,,,,,,,,,,,,,,24.424,9.446,1.864,9.13,1131.427,259.617,1420.668
230,2026-05-14T17:19:36.941900+00:00,browsing,ISL,15.757,25.223,15.757,0.5,0.5,21.892,30.784,0.5844,0.4156,0.348,0.1009,0,0.3333,0.3333,0.3333,0.293,0.3429,-0.3707,-3.61522,2,0.3333,0.3333,0.3333,1.384,0.5622,-0.16161,-0.31015,1,0.3333,0.3333,0.3333,2.525,0.6667,-0.3475,-0.63323,4.202,26.094,0.3333,0.3333,0.3333,0.3333,0.3333,0.3333,0.3333,0.3333,0.3333,0.3333,0.3333,0.3333,0.3333,0.3333,0.3333,0.3333,0.3333,0.3333,,,,,,,,,,,,,,,,,,,24.634,0.0,1.46,1.46,1131.427,261.076,1422.128
231,2026-05-14T17:19:42.964439+00:00,browsing,GND,17.926,25.344,25.344,0.5,0.5,24.201,30.908,0.5609,0.4391,0.3625,0.1014,2,0.3333,0.3333,0.3333,0.731,0.4116,-0.07693,-0.18428,1,0.3333,0.3333,0.3333,0.71,0.3421,-0.02902,-0.10709,0,0.3333,0.3333,0.3333,0.043,0.1029,-0.14565,-6.90776,1.484,32.392,0.3333,0.3333,0.3333,0.3333,0.3333,0.3333,0.3333,0.3333,0.3333,0.3333,0.3333,0.3333,0.3333,0.3333,0.3333,0.3333,0.3333,0.3333,,,,,,,,,,,,,,,,,,,26.932,6.708,0.913,5.46,1138.135,261.989,1427.588
232,2026-05-14T17:19:48.980588+00:00,browsing,ISL,20.265,21.852,20.265,0.5,0.5,26.69,27.42,0.5067,0.4933,0.3775,0.102,0,0.3333,0.3333,0.3333,0.962,0.3478,-0.30377,-1.59647,1,0.3333,0.3333,0.3333,0.896,0.5767,-0.21037,-0.58301,0,0.3333,0.3333,0.3333,0.946,0.5,-0.50541,-2.40501,2.805,29.494,0.3333,0.3333,0.3333,0.3333,0.3333,0.3333,0.3333,0.3333,0.3333,0.3333,0.3333,0.3333,0.3333,0.3333,0.3333,0.3333,0.3333,0.3333,,,,,,,,,,,,,,,,,,,27.99,0.0,0.083,1.504,1138.135,262.073,1429.092
233,2026-05-14T17:19:55.000794+00:00,browsing,ISL,30.196,26.563,30.196,0.5,0.5,36.784,32.136,0.4663,0.5337,0.3928,0.1027,1,0.3333,0.3333,0.3333,1.421,0.5211,-0.25791,-0.66084,2,0.3333,0.3333,0.3333,1.707,0.5745,-0.1293,-0.23996,2,0.3333,0.3333,0.3333,2.779,0.5667,-0.32211,-0.7166,5.907,42.691,0.3333,0.3333,0.3333,0.3333,0.3333,0.3333,0.3333,0.3333,0.3333,0.3333,0.3333,0.3333,0.3333,0.3333,0.3333,0.3333,0.3333,0.3333,,,,,,,,,,,,,,,,,,,32.705,4.649,3.196,9.986,1142.784,265.269,1439.078
234,2026-05-14T17:20:01.023695+00:00,browsing,ISL,22.198,26.095,22.198,0.5,0.5,28.961,31.672,0.5224,0.4776,0.4085,0.1035,2,0.3333,0.3333,0.3333,3.01,0.6823,-0.09899,-0.16074,1,0.3333,0.3333,0.3333,0.964,0.5635,-0.20363,-0.55796,0,0.3333,0.3333,0.3333,1.734,0.5,-0.42662,-1.46069,5.708,34.669,0.3333,0.3333,0.3333,0.3333,0.3333,0.3333,0.3333,0.3333,0.3333,0.3333,0.3333,0.3333,0.3333,0.3333,0.3333,0.3333,0.3333,0.3333,,,,,,,,,,,,,,,,,,,31.663,0.0,3.006,3.006,1142.784,268.274,1442.084
235,2026-05-14T17:20:07.039113+00:00,browsing,ISL,31.308,29.647,31.308,0.5,0.5,38.259,35.23,0.4794,0.5206,0.4246,0.1044,2,0.3333,0.3333,0.3333,3.823,0.6878,-0.01773,-0.02696,1,0.3333,0.3333,0.3333,1.252,0.5561,-0.17484,-0.45755,0,0.3333,0.3333,0.3333,1.133,0.5,-0.48666,-2.08731,6.208,44.467,0.3333,0.3333,0.3333,0.3333,0.3333,0.3333,0.3333,0.3333,0.3333,0.3333,0.3333,0.3333,0.3333,0.3333,0.3333,0.3333,0.3333,0.3333,,,,,,,,,,,,,,,,,,,35.798,3.029,3.513,8.668,1145.813,271.787,1450.752
236,2026-05-14T17:20:13.049349+00:00,browsing,ISL,17.193,25.038,17.193,0.5,0.5,24.348,30.628,0.5571,0.4429,0.4409,0.1055,1,0.3333,0.3333,0.3333,0.936,0.4992,-0.30642,-0.85458,1,0.3333,0.3333,0.3333,2.399,0.5481,-0.06013,-0.13498,0,0.3333,0.3333,0.3333,0.773,0.5,-0.52266,-2.82671,4.108,28.455,0.3333,0.3333,0.3333,0.3333,0.3333,0.3333,0.3333,0.3333,0.3333,0.3333,0.3333,0.3333,0.3333,0.3333,0.3333,0.3333,0.3333,0.3333,,,,,,,,,,,,,,,,,,,27.037,0.0,1.418,1.418,1145.813,273.206,1452.17
237,2026-05-14T17:20:19.067752+00:00,browsing,GND,16.286,21.426,21.426,0.5,0.5,23.658,27.023,0.5332,0.4668,0.4574,0.1066,0,0.3333,0.3333,0.3333,0.197,0.206,-0.13026,-0.84368,0,0.3333,0.3333,0.3333,0.146,0.2132,-0.08542,-0.65071,0,0.3333,0.3333,0.3333,0.03,0.1029,-0.14699,-6.90776,0.373,27.396,0.3333,0.3333,0.3333,0.3333,0.3333,0.3333,0.3333,0.3333,0.3333,0.3333,0.3333,0.3333,0.3333,0.3333,0.3333,0.3333,0.3333,0.3333,,,,,,,,,,,,,,,,,,,26.345,3.365,0.0,1.051,1149.178,273.206,1453.222
238,2026-05-14T17:20:25.094458+00:00,browsing,GND,29.977,29.011,29.011,0.5,0.5,37.583,34.616,0.4794,0.5206,0.4742,0.1079,0,0.3333,0.3333,0.3333,0.219,0.2058,-0.12809,-0.82186,0,0.3333,0.3333,0.3333,0.105,0.2095,-0.08948,-0.69537,1,0.3333,0.3333,0.3333,0.139,0.1821,-0.13608,-1.116,0.463,35.079,0.3333,0.3333,0.3333,0.3333,0.3333,0.3333,0.3333,0.3333,0.3333,0.3333,0.3333,0.3333,0.3333,0.3333,0.3333,0.3333,0.3333,0.3333,,,,,,,,,,,,,,,,,,,35.182,0.0,0.0,0.0,1149.178,273.206,1453.222
239,2026-05-14T17:20:31.097790+00:00,browsing,GND,16.385,25.637,25.637,0.5,0.5,24.244,31.25,0.5631,0.4369,0.491,0.1092,2,0.3333,0.3333,0.3333,0.754,0.4173,-0.07457,-0.17809,0,0.3333,0.3333,0.3333,0.117,0.2058,-0.08832,-0.68238,0,0.3333,0.3333,0.3333,0.067,0.1029,-0.14333,-6.90776,0.938,32.188,0.3333,0.3333,0.3333,0.3333,0.3333,0.3333,0.3333,0.3333,0.3333,0.3333,0.3333,0.3333,0.3333,0.3333,0.3333,0.3333,0.3333,0.3333,,,,,,,,,,,,,,,,,,,26.934,7.006,0.371,5.253,1156.184,273.577,1458.475
240,2026-05-14T17:20:37.120039+00:00,mixed,GND,17.754,25.043,25.043,0.5,0.5,25.884,30.665,0.5423,0.4577,0.508,0.1107,0,0.3333,0.3333,0.3333,0.216,0.1832,-0.12838,-0.82477,1,0.3333,0.3333,0.3333,0.198,0.2952,-0.08019,-0.32945,2,0.3333,0.3333,0.3333,0.362,0.2449,-0.11378,-0.46472,0.776,31.441,0.3333,0.3333,0.3333,0.3333,0.3333,0.3333,0.3333,0.3333,0.3333,0.3333,0.3333,0.3333,0.3333,0.3333,0.3333,0.3333,0.3333,0.3333,,,,,,,,,,,,,,,,,,,28.839,4.781,0.208,2.602,1160.965,273.785,1461.077
241,2026-05-14T17:20:43.125135+00:00,mixed,GND,20.441,21.805,21.805,0.5,0.5,28.862,27.438,0.4874,0.5126,0.525,0.1122,2,0.3333,0.3333,0.3333,0.379,0.3753,-0.11206,-0.2812,2,0.3333,0.3333,0.3333,1.136,0.3267,0.01364,0.03288,1,0.3333,0.3333,0.3333,0.459,0.1714,-0.10407,-0.6649,1.975,29.413,0.3333,0.3333,0.3333,0.3333,0.3333,0.3333,0.3333,0.3333,0.3333,0.3333,0.3333,0.3333,0.3333,0.3333,0.3333,0.3333,0.3333,0.3333,,,,,,,,,,,,,,,,,,,28.005,0.0,1.407,1.407,1160.965,275.192,1462.484
242,2026-05-14T17:20:49.134839+00:00,mixed,ISL,16.171,26.729,16.171,0.5,0.5,24.905,32.372,0.5652,0.4348,0.542,0.1139,1,0.3333,0.3333,0.3333,0.704,0.4267,-0.32959,-0.96227,2,0.3333,0.3333,0.3333,1.286,0.5607,-0.17141,-0.33245,1,0.3333,0.3333,0.3333,2.184,0.6519,-0.38161,-0.63176,4.174,29.079,0.3333,0.3333,0.3333,0.3333,0.3333,0.3333,0.3333,0.3333,0.3333,0.3333,0.3333,0.3333,0.3333,0.3333,0.3333,0.3333,0.3333,0.3333,,,,,,,,,,,,,,,,,,,27.878,0.0,1.201,1.201,1160.965,276.394,1463.686
243,2026-05-14T17:20:55.163936+00:00,mixed,GND,28.62,25.937,25.937,0.5,0.5,37.69,31.591,0.456,0.544,0.559,0.1157,2,0.3333,0.3333,0.3333,0.196,0.3797,-0.13043,-0.33591,2,0.3333,0.3333,0.3333,1.141,0.3266,0.01413,0.03403,1,0.3333,0.3333,0.3333,0.139,0.1714,-0.13612,-1.00845,1.476,33.067,0.3333,0.3333,0.3333,0.3333,0.3333,0.3333,0.3333,0.3333,0.3333,0.3333,0.3333,0.3333,0.3333,0.3333,0.3333,0.3333,0.3333,0.3333,,,,,,,,,,,,,,,,,,,32.159,0.0,0.908,0.908,1160.965,277.302,1464.594
244,2026-05-14T17:21:01.164494+00:00,mixed,ISL,15.592,26.175,15.592,0.5,0.5,25.022,31.841,0.56,0.44,0.5758,0.1176,2,0.3333,0.3333,0.3333,2.361,0.6581,-0.16393,-0.28222,2,0.3333,0.3333,0.3333,1.328,0.5712,-0.16719,-0.32278,1,0.3333,0.3333,0.3333,2.464,0.6519,-0.35364,-0.56919,6.152,31.175,0.3333,0.3333,0.3333,0.3333,0.3333,0.3333,0.3333,0.3333,0.3333,0.3333,0.3333,0.3333,0.3333,0.3333,0.3333,0.3333,0.3333,0.3333,,,,,,,,,,,,,,,,,,,28.018,0.0,3.156,3.156,1160.965,280.458,1467.75
245,2026-05-14T17:21:07.181770+00:00,mixed,ISL,22.543,27.237,22.543,0.5,0.5,32.36,32.916,0.5043,0.4957,0.5926,0.1195,1,0.3333,0.3333,0.3333,1.527,0.4316,-0.24732,-0.62312,2,0.3333,0.3333,0.3333,1.296,0.5763,-0.17038,-0.33006,2,0.3333,0.3333,0.3333,1.298,0.5333,-0.47025,-1.22204,4.121,36.481,0.3333,0.3333,0.3333,0.3333,0.3333,0.3333,0.3333,0.3333,0.3333,0.3333,0.3333,0.3333,0.3333,0.3333,0.3333,0.3333,0.3333,0.3333,,,,,,,,,,,,,,,,,,,33.483,0.0,1.112,2.997,1160.965,281.57,1470.748
246,2026-05-14T17:21:13.193642+00:00,mixed,ISL,29.455,26.34,29.455,0.5,0.5,39.688,32.033,0.4466,0.5534,0.6091,0.1216,0,0.3333,0.3333,0.3333,0.52,0.4857,-0.348,-2.44751,0,0.3333,0.3333,0.3333,0.398,0.3097,-0.26017,-1.21218,2,0.3333,0.3333,0.3333,1.533,0.5333,-0.4467,-1.1088,2.451,42.14,0.3333,0.3333,0.3333,0.3333,0.3333,0.3333,0.3333,0.3333,0.3333,0.3333,0.3333,0.3333,0.3333,0.3333,0.3333,0.3333,0.3333,0.3333,,,,,,,,,,,,,,,,,,,32.6,7.656,0.0,9.539,1168.62,281.57,1480.287
247,2026-05-14T17:21:19.204407+00:00,mixed,GND,18.113,21.595,21.595,0.5,0.5,28.792,27.302,0.4867,0.5133,0.6254,0.1238,2,0.3333,0.3333,0.3333,0.416,0.3904,-0.10842,-0.27072,2,0.3333,0.3333,0.3333,0.538,0.329,-0.04616,-0.12,1,0.3333,0.3333,0.3333,0.3,0.1714,-0.12001,-0.82106,1.254,28.556,0.3333,0.3333,0.3333,0.3333,0.3333,0.3333,0.3333,0.3333,0.3333,0.3333,0.3333,0.3333,0.3333,0.3333,0.3333,0.3333,0.3333,0.3333,,,,,,,,,,,,,,,,,,,27.869,0.0,0.687,0.687,1168.62,282.257,1480.974
248,2026-05-14T17:21:25.214479+00:00,mixed,ISL,18.837,29.071,18.837,0.5,0.5,29.993,34.792,0.537,0.463,0.6415,0.1261,1,0.3333,0.3333,0.3333,0.651,0.4459,-0.33488,-0.98862,1,0.3333,0.3333,0.3333,0.776,0.4028,-0.22242,-0.62939,1,0.3333,0.3333,0.3333,2.668,0.6519,-0.33319,-0.52579,4.095,34.088,0.3333,0.3333,0.3333,0.3333,0.3333,0.3333,0.3333,0.3333,0.3333,0.3333,0.3333,0.3333,0.3333,0.3333,0.3333,0.3333,0.3333,0.3333,,,,,,,,,,,,,,,,,,,33.031,0.0,1.057,1.057,1168.62,283.314,1482.031
249,2026-05-14T17:21:31.216805+00:00,mixed,ISL,28.633,25.829,28.633,0.5,0.5,40.301,31.566,0.4392,0.5608,0.6572,0.1284,0,0.3333,0.3333,0.3333,1.652,0.5035,-0.23484,-0.95829,2,0.3333,0.3333,0.3333,2.026,0.5943,-0.0974,-0.1752,1,0.3333,0.3333,0.3333,4.407,0.6519,-0.15929,-0.21752,8.085,48.386,0.3333,0.3333,0.3333,0.3333,0.3333,0.3333,0.3333,0.3333,0.3333,0.3333,0.3333,0.3333,0.3333,0.3333,0.3333,0.3333,0.3333,0.3333,,,,,,,,,,,,,,,,,,,32.133,8.736,5.041,16.253,1177.356,288.355,1498.284
