ho_id,timestamp,task_type,path,isl_ms,gnd_ms,prop_ms,path_p_isl,path_p_gnd,access_cost_isl,access_cost_gnd,inv_cost_p_isl,inv_cost_p_gnd,trgsat_bg,tn_bg,amf_inst,amf_p0,amf_p1,amf_p2,amf_ms,amf_rho,amf_x,amf_cost,smf_inst,smf_p0,smf_p1,smf_p2,smf_ms,smf_rho,smf_x,smf_cost,upf_inst,upf_p0,upf_p1,upf_p2,upf_ms,upf_rho,upf_x,upf_cost,core_ms,total_ms,on_amf_p0,on_amf_p1,on_amf_p2,on_smf_p0,on_smf_p1,on_smf_p2,on_upf_p0,on_upf_p1,on_upf_p2,gnd_amf_p0,gnd_amf_p1,gnd_amf_p2,gnd_smf_p0,gnd_smf_p1,gnd_smf_p2,gnd_upf_p0,gnd_upf_p1,gnd_upf_p2,on_amf_B0,on_amf_B1,on_amf_B2,on_smf_B0,on_smf_B1,on_smf_B2,on_upf_B0,on_upf_B1,on_upf_B2,gnd_amf_B0,gnd_amf_B1,gnd_amf_B2,gnd_smf_B0,gnd_smf_B1,gnd_smf_B2,gnd_upf_B0,gnd_upf_B1,gnd_upf_B2,global_oracle_ms,access_regret_ms,inst_regret_ms,global_regret_ms,cum_access_regret_ms,cum_inst_regret_ms,cum_global_regret_ms
1,2026-05-15T04:46:44.828600+00:00,browsing,GND,17.261,40.401,40.401,0.5,0.5,26.563,48.228,0.6448,0.3552,0.525,0.35,1,0.3333,0.3333,0.3333,0.431,0.326,0.01815,0.05403,0,0.3333,0.3333,0.3333,0.075,0.2714,-0.00749,-0.04288,1,0.3333,0.3333,0.3333,0.233,0.1821,0.00329,0.0161,0.739,48.968,0.3333,0.3333,0.3333,0.3333,0.3333,0.3333,0.3333,0.3333,0.3333,0.3545,0.3299,0.3155,0.3684,0.3241,0.3074,0.396,0.3154,0.2886,1.0,1.0,1.0,1.0,1.0,1.0,1.0,1.0,1.0,0.9998,0.9989,0.9984,1.0009,0.9988,0.9982,1.0015,0.9997,0.9989,29.481,21.665,0.15,19.486,21.665,0.15,19.486
2,2026-05-15T04:46:50.841450+00:00,browsing,ISL,40.086,43.547,40.086,0.5024,0.4976,49.771,51.439,0.5082,0.4918,0.542,0.3552,2,0.3333,0.3333,0.3333,2.318,0.6006,0.16175,0.21647,0,0.3333,0.3333,0.3333,0.59,0.5333,0.00901,0.02401,0,0.3333,0.3333,0.3333,1.03,0.5,0.00302,0.00542,3.938,53.709,0.3463,0.3296,0.3241,0.3448,0.3316,0.3235,0.3395,0.3278,0.3327,0.3545,0.3299,0.3155,0.3684,0.3241,0.3074,0.396,0.3154,0.2886,0.9993,0.9965,0.9961,0.9995,0.9977,0.9965,0.9999,0.9961,0.9974,0.9998,0.9989,0.9984,1.0009,0.9988,0.9982,1.0015,0.9997,0.9989,52.03,0.0,0.99,1.679,21.665,1.139,21.165
3,2026-05-15T04:46:56.852154+00:00,browsing,GND,17.047,27.019,27.019,0.5025,0.4975,27.147,34.977,0.563,0.437,0.559,0.3605,0,0.3545,0.3299,0.3155,0.233,0.3103,-0.00173,-0.00758,2,0.3684,0.3241,0.3074,0.793,0.3915,0.06433,0.14573,0,0.396,0.3154,0.2886,0.136,0.1029,-0.00644,-0.05819,1.162,36.139,0.3463,0.3296,0.3241,0.3448,0.3316,0.3235,0.3395,0.3278,0.3327,0.3769,0.3256,0.2974,0.4006,0.3163,0.283,0.4601,0.2939,0.2459,0.9993,0.9965,0.9961,0.9995,0.9977,0.9965,0.9999,0.9961,0.9974,1.0,0.9981,0.9967,1.0003,0.9975,0.9954,1.0027,0.9994,0.9978,30.121,7.831,0.57,6.018,29.495,1.709,27.183
4,2026-05-15T04:47:02.867385+00:00,browsing,ISL,16.559,25.786,16.559,0.5042,0.4958,27.109,33.811,0.555,0.445,0.5758,0.3657,0,0.3463,0.3296,0.3241,1.055,0.5016,0.03552,0.08894,1,0.3448,0.3316,0.3235,0.62,0.479,0.01201,0.02485,2,0.3395,0.3278,0.3327,1.393,0.5667,0.03932,0.06035,3.069,30.178,0.358,0.3266,0.3154,0.3533,0.333,0.3138,0.3444,0.322,0.3336,0.3769,0.3256,0.2974,0.4006,0.3163,0.283,0.4601,0.2939,0.2459,0.9976,0.9932,0.9921,0.9977,0.9972,0.993,0.9991,0.9922,0.9963,1.0,0.9981,0.9967,1.0003,0.9975,0.9954,1.0027,0.9994,0.9978,30.105,0.0,0.073,0.073,29.495,1.782,27.256
5,2026-05-15T04:47:08.879012+00:00,browsing,ISL,15.64,25.165,15.64,0.5058,0.4942,26.677,33.258,0.5549,0.4451,0.5926,0.3709,1,0.358,0.3266,0.3154,1.64,0.5958,0.09402,0.16089,1,0.3533,0.333,0.3138,0.741,0.4711,0.0241,0.04918,2,0.3444,0.322,0.3336,1.649,0.5667,0.06486,0.09752,4.03,30.706,0.3705,0.3233,0.3061,0.3621,0.3336,0.3043,0.3497,0.3165,0.3337,0.3769,0.3256,0.2974,0.4006,0.3163,0.283,0.4601,0.2939,0.2459,0.9965,0.9902,0.9881,0.9959,0.9962,0.9894,0.9983,0.9884,0.9944,1.0,0.9981,0.9967,1.0003,0.9975,0.9954,1.0027,0.9994,0.9978,29.688,0.0,1.018,1.018,29.495,2.8,28.274
6,2026-05-15T04:47:14.890610+00:00,browsing,ISL,20.038,25.15,20.038,0.5075,0.4925,31.603,33.312,0.5132,0.4868,0.6091,0.3761,0,0.3705,0.3233,0.3061,0.994,0.5238,0.02936,0.07391,1,0.3621,0.3336,0.3043,0.741,0.4636,0.02413,0.04921,1,0.3497,0.3165,0.3337,2.36,0.6667,0.13599,0.16627,4.095,35.697,0.3828,0.32,0.2972,0.3711,0.334,0.2949,0.3551,0.3119,0.333,0.3769,0.3256,0.2974,0.4006,0.3163,0.283,0.4601,0.2939,0.2459,0.9951,0.9871,0.9841,0.9941,0.9953,0.9858,0.9975,0.9853,0.9919,1.0,0.9981,0.9967,1.0003,0.9975,0.9954,1.0027,0.9994,0.9978,33.905,0.0,1.073,1.792,29.495,3.873,30.066
7,2026-05-15T04:47:20.904112+00:00,browsing,GND,24.678,29.531,29.531,0.5081,0.4919,36.815,37.763,0.5064,0.4936,0.6254,0.3813,1,0.3769,0.3256,0.2974,0.265,0.3124,0.00154,0.0047,0,0.4006,0.3163,0.283,0.37,0.2797,0.02202,0.11605,1,0.4601,0.2939,0.2459,0.083,0.1821,-0.01167,-0.05941,0.719,38.482,0.3828,0.32,0.2972,0.3711,0.334,0.2949,0.3551,0.3119,0.333,0.3981,0.3224,0.2795,0.4274,0.3098,0.2628,0.5245,0.2715,0.2039,0.9951,0.9871,0.9841,0.9941,0.9953,0.9858,0.9975,0.9853,0.9919,0.9998,0.998,0.995,0.9981,0.9963,0.9936,1.0043,1.0007,0.9967,38.357,0.948,0.125,0.125,30.443,3.998,30.191
8,2026-05-15T04:47:26.914833+00:00,browsing,GND,21.287,36.293,36.293,0.5085,0.4915,34.045,44.595,0.5671,0.4329,0.6415,0.3865,1,0.3981,0.3224,0.2795,0.369,0.3104,0.01189,0.03568,1,0.4274,0.3098,0.2628,0.152,0.2647,0.00022,0.00078,2,0.5245,0.2715,0.2039,0.829,0.2755,0.06291,0.18578,1.35,45.946,0.3828,0.32,0.2972,0.3711,0.334,0.2949,0.3551,0.3119,0.333,0.4201,0.3175,0.2624,0.4585,0.3016,0.24,0.592,0.2438,0.1642,0.9951,0.9871,0.9841,0.9941,0.9953,0.9858,0.9975,0.9853,0.9919,0.9996,0.9973,0.9934,0.9975,0.9963,0.9917,1.0058,1.0004,0.9933,37.067,10.55,0.756,8.878,40.993,4.754,39.069
9,2026-05-15T04:47:32.928207+00:00,browsing,ISL,33.69,36.366,33.69,0.5099,0.4901,47.121,44.741,0.487,0.513,0.6572,0.3917,2,0.3828,0.32,0.2972,1.812,0.6078,0.11122,0.15161,2,0.3711,0.334,0.2949,1.429,0.5791,0.0929,0.14038,2,0.3551,0.3119,0.333,1.295,0.5667,0.02953,0.04543,4.537,51.658,0.3946,0.3164,0.289,0.3806,0.3326,0.2868,0.36,0.3061,0.3339,0.4201,0.3175,0.2624,0.4585,0.3016,0.24,0.592,0.2438,0.1642,0.9938,0.9844,0.9813,0.9926,0.9934,0.9831,0.9967,0.9815,0.991,0.9996,0.9973,0.9934,0.9975,0.9963,0.9917,1.0058,1.0004,0.9933,45.335,2.38,1.524,6.322,43.374,6.279,45.391
10,2026-05-15T04:47:38.939275+00:00,browsing,GND,29.155,26.097,26.097,0.51,0.49,43.317,34.544,0.4437,0.5563,0.6725,0.3968,2,0.4201,0.3175,0.2624,0.454,0.4452,0.02044,0.04342,1,0.4585,0.3016,0.24,0.289,0.2623,0.01394,0.04741,0,0.592,0.2438,0.1642,0.095,0.1029,-0.01051,-0.09726,0.839,35.383,0.3946,0.3164,0.289,0.3806,0.3326,0.2868,0.36,0.3061,0.3339,0.442,0.3113,0.2467,0.4907,0.2907,0.2186,0.6567,0.2126,0.1307,0.9938,0.9844,0.9813,0.9926,0.9934,0.9831,0.9967,0.9815,0.991,0.9994,0.9964,0.9925,0.9969,0.9954,0.9898,1.0078,1.0002,0.9923,35.139,0.0,0.244,0.244,43.374,6.522,45.635
11,2026-05-15T04:47:44.949573+00:00,browsing,GND,20.035,25.81,25.81,0.5093,0.4907,34.989,34.331,0.4953,0.5047,0.6875,0.402,1,0.442,0.3113,0.2467,0.374,0.305,0.01238,0.03705,0,0.4907,0.2907,0.2186,0.186,0.2806,0.00361,0.01994,1,0.6567,0.2126,0.1307,0.277,0.1821,0.00771,0.03739,0.837,35.168,0.3946,0.3164,0.289,0.3806,0.3326,0.2868,0.36,0.3061,0.3339,0.4644,0.3051,0.2305,0.5239,0.278,0.1981,0.7144,0.1825,0.1031,0.9938,0.9844,0.9813,0.9926,0.9934,0.9831,0.9967,0.9815,0.991,0.9992,0.9957,0.9908,0.9965,0.9941,0.9879,1.0094,0.9994,0.9912,34.926,0.0,0.242,0.242,43.374,6.764,45.877
12,2026-05-15T04:47:50.956278+00:00,browsing,ISL,16.315,28.767,16.315,0.5098,0.4902,32.126,37.363,0.5377,0.4623,0.702,0.4071,2,0.3946,0.3164,0.289,2.512,0.618,0.18117,0.2355,1,0.3806,0.3326,0.2868,1.047,0.4327,0.05472,0.10789,2,0.36,0.3061,0.3339,1.584,0.5667,0.0584,0.08779,5.143,37.269,0.407,0.3134,0.2796,0.3913,0.3312,0.2775,0.3652,0.3007,0.3341,0.4644,0.3051,0.2305,0.5239,0.278,0.1981,0.7144,0.1825,0.1031,0.9925,0.982,0.9771,0.9914,0.9913,0.9792,0.9959,0.9776,0.9893,0.9992,0.9957,0.9908,0.9965,0.9941,0.9879,1.0094,0.9994,0.9912,35.068,0.0,2.201,2.201,43.374,8.966,48.078
13,2026-05-15T04:47:56.976560+00:00,browsing,ISL,15.592,28.812,15.592,0.5113,0.4887,32.33,37.484,0.5369,0.4631,0.716,0.4122,1,0.407,0.3134,0.2796,1.041,0.5211,0.03412,0.06087,1,0.3913,0.3312,0.2775,0.63,0.4304,0.01302,0.02673,0,0.3652,0.3007,0.3341,0.884,0.5,-0.01161,-0.02104,2.555,34.886,0.4189,0.3113,0.2699,0.4012,0.3312,0.2676,0.3723,0.295,0.3328,0.4644,0.3051,0.2305,0.5239,0.278,0.1981,0.7144,0.1825,0.1031,0.9912,0.9809,0.9729,0.9902,0.9908,0.9753,0.9964,0.9738,0.9867,0.9992,0.9957,0.9908,0.9965,0.9941,0.9879,1.0094,0.9994,0.9912,35.238,0.0,0.0,0.0,43.374,8.966,48.078
14,2026-05-15T04:48:02.988456+00:00,browsing,ISL,17.12,29.694,17.12,0.5128,0.4872,34.86,38.443,0.5244,0.4756,0.7295,0.4172,1,0.4189,0.3113,0.2699,0.847,0.5131,0.01474,0.02674,0,0.4012,0.3312,0.2676,1.152,0.4264,0.06524,0.16034,0,0.3723,0.295,0.3328,1.066,0.5,0.00659,0.01175,3.066,37.926,0.4306,0.3095,0.2599,0.4091,0.3313,0.2596,0.3787,0.2896,0.3317,0.4644,0.3051,0.2305,0.5239,0.278,0.1981,0.7144,0.1825,0.1031,0.9901,0.9803,0.9686,0.9873,0.989,0.9712,0.9961,0.97,0.9842,0.9992,0.9957,0.9908,0.9965,0.9941,0.9879,1.0094,0.9994,0.9912,37.73,0.0,0.196,0.196,43.374,9.162,48.275
15,2026-05-15T04:48:09.003913+00:00,youtube,GND,19.115,29.113,29.113,0.5,0.5,37.09,37.901,0.5054,0.4946,0.7425,0.4223,0,0.4644,0.3051,0.2305,0.534,0.2797,0.02842,0.11686,0,0.5239,0.278,0.1981,0.148,0.2421,-0.00019,-0.00106,2,0.3333,0.3333,0.3333,0.094,0.2,-0.01063,-0.03796,0.776,38.677,0.4306,0.3095,0.2599,0.4091,0.3313,0.2596,0.3333,0.3333,0.3333,0.4812,0.3014,0.2174,0.5579,0.2638,0.1782,0.3691,0.323,0.3079,0.9901,0.9803,0.9686,0.9873,0.989,0.9712,1.0,1.0,1.0,0.997,0.9949,0.9893,0.9966,0.993,0.9862,1.0007,0.9997,1.0008,38.512,0.811,0.164,0.164,44.185,9.326,48.439
16,2026-05-15T04:48:15.011971+00:00,youtube,GND,28.728,25.685,25.685,0.5012,0.4988,47.759,34.55,0.4198,0.5802,0.7548,0.4273,0,0.4812,0.3014,0.2174,0.41,0.2791,0.01601,0.06743,0,0.5579,0.2638,0.1782,0.22,0.2408,0.00704,0.03851,2,0.3691,0.323,0.3079,0.19,0.2,-0.00104,-0.00364,0.82,35.37,0.4306,0.3095,0.2599,0.4091,0.3313,0.2596,0.3333,0.3333,0.3333,0.5002,0.296,0.2038,0.5887,0.2508,0.1606,0.407,0.3116,0.2814,0.9901,0.9803,0.9686,0.9873,0.989,0.9712,1.0,1.0,1.0,0.9957,0.9942,0.9878,0.9958,0.9919,0.9845,1.0015,0.9994,1.0008,35.161,0.0,0.209,0.209,44.185,9.535,48.648
17,2026-05-15T04:48:21.031111+00:00,youtube,GND,14.302,21.577,21.577,0.5005,0.4995,34.455,30.521,0.4697,0.5303,0.7665,0.4322,0,0.5002,0.296,0.2038,0.246,0.2782,-0.00044,-0.00192,0,0.5887,0.2508,0.1606,0.511,0.2393,0.03606,0.18265,1,0.407,0.3116,0.2814,0.075,0.15,-0.01247,-0.06001,0.831,31.352,0.4306,0.3095,0.2599,0.4091,0.3313,0.2596,0.3333,0.3333,0.3333,0.5228,0.288,0.1892,0.61,0.2427,0.1473,0.4444,0.303,0.2526,0.9901,0.9803,0.9686,0.9873,0.989,0.9712,1.0,1.0,1.0,0.9958,0.9935,0.9863,0.9925,0.9908,0.9828,1.0022,1.0006,1.0,31.132,0.0,0.22,0.22,44.185,9.756,48.868
18,2026-05-15T04:48:27.042324+00:00,youtube,ISL,20.246,21.745,20.246,0.5009,0.4991,41.587,30.769,0.4252,0.5748,0.7776,0.4371,1,0.4306,0.3095,0.2599,1.639,0.3821,0.09388,0.15875,1,0.4091,0.3313,0.2596,0.655,0.3375,0.01552,0.0317,2,0.3333,0.3333,0.3333,0.898,0.4148,-0.01022,-0.0174,3.192,44.779,0.445,0.304,0.2511,0.4199,0.3299,0.2503,0.338,0.3256,0.3365,0.5228,0.288,0.1892,0.61,0.2427,0.1473,0.4444,0.303,0.2526,0.99,0.9774,0.9657,0.9869,0.9884,0.9683,1.0001,0.9972,1.0004,0.9958,0.9935,0.9863,0.9925,0.9908,0.9828,1.0022,1.0006,1.0,31.38,10.818,0.93,13.399,55.003,10.686,62.268
19,2026-05-15T04:48:33.056616+00:00,youtube,ISL,29.507,26.283,29.507,0.5003,0.4997,52.097,35.387,0.4045,0.5955,0.7879,0.442,1,0.445,0.304,0.2511,0.657,0.3783,-0.00429,-0.0079,0,0.4199,0.3299,0.2503,1.275,0.2898,0.07751,0.18716,2,0.338,0.3256,0.3365,2.478,0.4148,0.14778,0.22192,4.41,56.507,0.4577,0.3011,0.2412,0.4261,0.3304,0.2434,0.3447,0.3198,0.3355,0.5228,0.288,0.1892,0.61,0.2427,0.1473,0.4444,0.303,0.2526,0.99,0.9776,0.9627,0.9835,0.9872,0.9653,1.0001,0.9945,0.9964,0.9958,0.9935,0.9863,0.9925,0.9908,0.9828,1.0022,1.0006,1.0,35.997,16.711,2.179,20.51,71.714,12.865,82.778
20,2026-05-15T04:48:39.070106+00:00,youtube,ISL,10.607,24.898,10.607,0.4993,0.5007,34.497,34.083,0.497,0.503,0.7976,0.4469,0,0.4577,0.3011,0.2412,0.293,0.3667,-0.04073,-0.11216,1,0.4261,0.3304,0.2434,0.936,0.3447,0.04359,0.08638,2,0.3447,0.3198,0.3355,0.695,0.4148,-0.03054,-0.05278,1.923,36.42,0.4751,0.2947,0.2302,0.4378,0.3275,0.2347,0.349,0.3119,0.3391,0.5228,0.288,0.1892,0.61,0.2427,0.1473,0.4444,0.303,0.2526,0.9924,0.9765,0.9597,0.9833,0.9855,0.9623,1.0002,0.9917,0.9974,0.9958,0.9935,0.9863,0.9925,0.9908,0.9828,1.0022,1.0006,1.0,34.692,0.414,0.0,1.728,72.128,12.865,84.506
21,2026-05-15T04:48:45.076252+00:00,youtube,GND,26.017,32.582,32.582,0.5008,0.4992,51.247,41.849,0.4495,0.5505,0.8065,0.4517,1,0.5228,0.288,0.1892,0.543,0.2292,0.02925,0.08512,0,0.61,0.2427,0.1473,0.364,0.2312,0.02138,0.11204,2,0.4444,0.303,0.2526,0.091,0.2,-0.01091,-0.03895,0.997,42.846,0.4751,0.2947,0.2302,0.4378,0.3275,0.2347,0.349,0.3119,0.3391,0.5459,0.2784,0.1757,0.6346,0.232,0.1334,0.483,0.2881,0.2289,0.9924,0.9765,0.9597,0.9833,0.9855,0.9623,1.0002,0.9917,0.9974,0.9957,0.9918,0.9848,0.9903,0.9897,0.981,1.003,1.0003,1.0008,42.458,0.0,0.388,0.388,72.128,13.253,84.894
22,2026-05-15T04:48:51.095053+00:00,youtube,GND,16.188,29.033,29.033,0.5007,0.4993,42.78,38.383,0.4729,0.5271,0.8146,0.4564,0,0.5459,0.2784,0.1757,0.483,0.2697,0.02327,0.09636,0,0.6346,0.232,0.1334,0.109,0.2287,-0.00408,-0.02288,1,0.483,0.2881,0.2289,0.07,0.15,-0.01299,-0.06264,0.662,39.045,0.4751,0.2947,0.2302,0.4378,0.3275,0.2347,0.349,0.3119,0.3391,0.563,0.2727,0.1643,0.6663,0.216,0.1177,0.5207,0.2766,0.2027,0.9924,0.9765,0.9597,0.9833,0.9855,0.9623,1.0002,0.9917,0.9974,0.9938,0.9911,0.9833,0.9908,0.9885,0.9793,1.0037,1.0016,0.9999,38.991,0.0,0.054,0.054,72.128,13.306,84.948
23,2026-05-15T04:48:57.108614+00:00,youtube,GND,23.291,29.168,29.168,0.5013,0.4987,51.244,38.6,0.4296,0.5704,0.8219,0.4612,0,0.563,0.2727,0.1643,0.189,0.2673,-0.00614,-0.02709,0,0.6663,0.216,0.1177,0.143,0.2261,-0.00068,-0.00378,1,0.5207,0.2766,0.2027,0.173,0.15,-0.0027,-0.01269,0.505,39.105,0.4751,0.2947,0.2302,0.4378,0.3275,0.2347,0.349,0.3119,0.3391,0.5861,0.2629,0.1511,0.6954,0.2009,0.1038,0.5595,0.2616,0.1789,0.9924,0.9765,0.9597,0.9833,0.9855,0.9623,1.0002,0.9917,0.9974,0.9944,0.9904,0.9818,0.9909,0.9874,0.9775,1.0045,1.0019,0.9991,39.208,0.0,0.0,0.0,72.128,13.306,84.948
24,2026-05-15T04:49:03.124895+00:00,youtube,ISL,43.444,38.917,43.444,0.5011,0.4989,72.729,48.433,0.3997,0.6003,0.8284,0.4658,2,0.4751,0.2947,0.2302,1.55,0.549,0.08497,0.11515,0,0.4378,0.3275,0.2347,0.434,0.2598,-0.00656,-0.01758,2,0.349,0.3119,0.3391,1.049,0.4148,0.0049,0.00821,3.033,75.762,0.4893,0.2896,0.2212,0.4504,0.3241,0.2255,0.3539,0.3045,0.3416,0.5861,0.2629,0.1511,0.6954,0.2009,0.1038,0.5595,0.2616,0.1789,0.9929,0.9754,0.9576,0.9836,0.9841,0.9591,1.0002,0.989,0.9973,0.9944,0.9904,0.9818,0.9909,0.9874,0.9775,1.0045,1.0019,0.9991,49.04,24.296,0.915,26.722,96.424,14.222,111.67
25,2026-05-15T04:49:09.136953+00:00,youtube,ISL,23.411,31.622,23.411,0.5004,0.4996,53.967,41.223,0.4331,0.5669,0.8341,0.4704,1,0.4893,0.2896,0.2212,0.596,0.3783,-0.0104,-0.01922,2,0.4504,0.3241,0.2255,1.12,0.5375,0.06198,0.0934,0,0.3539,0.3045,0.3416,0.479,0.3889,-0.05208,-0.09867,2.195,56.162,0.5031,0.2858,0.2111,0.4617,0.3205,0.2177,0.3612,0.2966,0.3422,0.5861,0.2629,0.1511,0.6954,0.2009,0.1038,0.5595,0.2616,0.1789,0.9935,0.9758,0.9542,0.9835,0.9827,0.9573,1.0023,0.9862,0.9965,0.9944,0.9904,0.9818,0.9909,0.9874,0.9775,1.0045,1.0019,0.9991,41.829,12.744,0.09,14.333,109.169,14.312,126.003
26,2026-05-15T04:49:15.150460+00:00,youtube,ISL,18.607,25.628,18.607,0.5002,0.4998,50.335,35.313,0.4123,0.5877,0.8389,0.475,1,0.5031,0.2858,0.2111,1.859,0.3821,0.11587,0.19164,0,0.4617,0.3205,0.2177,0.807,0.2608,0.03068,0.07821,1,0.3612,0.2966,0.3422,1.58,0.5704,0.05797,0.06772,4.245,54.58,0.5195,0.2782,0.2023,0.4714,0.3185,0.2101,0.3661,0.2905,0.3434,0.5861,0.2629,0.1511,0.6954,0.2009,0.1038,0.5595,0.2616,0.1789,0.9941,0.9723,0.9509,0.982,0.9812,0.954,1.0024,0.9849,0.9956,0.9944,0.9904,0.9818,0.9909,0.9874,0.9775,1.0045,1.0019,0.9991,35.918,15.022,2.149,18.662,124.19,16.461,144.665
27,2026-05-15T04:49:21.161496+00:00,youtube,GND,32.956,34.444,34.444,0.4998,0.5002,65.716,44.214,0.4022,0.5978,0.8429,0.4795,1,0.5861,0.2629,0.1511,0.469,0.2292,0.02193,0.06433,0,0.6954,0.2009,0.1038,0.138,0.2139,-0.00118,-0.00655,2,0.5595,0.2616,0.1789,0.562,0.2,0.03623,0.11901,1.17,45.384,0.5195,0.2782,0.2023,0.4714,0.3185,0.2101,0.3661,0.2905,0.3434,0.6077,0.253,0.1393,0.723,0.186,0.091,0.5996,0.245,0.1554,0.9941,0.9723,0.9509,0.982,0.9812,0.954,1.0024,0.9849,0.9956,0.9943,0.9891,0.9803,0.991,0.9863,0.9758,1.0052,1.0016,0.9968,44.818,0.0,0.565,0.565,124.19,17.027,145.231
28,2026-05-15T04:49:27.171007+00:00,youtube,ISL,24.2,25.496,24.2,0.4992,0.5008,57.814,35.352,0.3795,0.6205,0.846,0.484,0,0.5195,0.2782,0.2023,1.755,0.2716,0.10548,0.24221,0,0.4714,0.3185,0.2101,0.216,0.2694,-0.02842,-0.07847,2,0.3661,0.2905,0.3434,1.863,0.4148,0.08632,0.1351,3.834,61.647,0.5264,0.2773,0.1963,0.4864,0.313,0.2006,0.3723,0.2844,0.3433,0.6077,0.253,0.1393,0.723,0.186,0.091,0.5996,0.245,0.1554,0.9898,0.9711,0.9474,0.9836,0.9796,0.9507,1.0024,0.9822,0.9931,0.9943,0.9891,0.9803,0.991,0.9863,0.9758,1.0052,1.0016,0.9968,35.956,22.461,1.745,25.691,146.651,18.771,170.922
29,2026-05-15T04:49:33.181279+00:00,youtube,GND,22.555,22.853,22.853,0.4981,0.5019,56.808,32.795,0.366,0.634,0.8482,0.4883,2,0.6077,0.253,0.1393,0.978,0.3989,0.07282,0.14473,1,0.723,0.186,0.091,0.136,0.2052,-0.00142,-0.00493,2,0.5996,0.245,0.1554,0.182,0.2,-0.00177,-0.0062,1.296,34.092,0.5264,0.2773,0.1963,0.4864,0.313,0.2006,0.3723,0.2844,0.3433,0.6288,0.2439,0.1273,0.746,0.1741,0.0799,0.6363,0.2272,0.1365,0.9898,0.9711,0.9474,0.9836,0.9796,0.9507,1.0024,0.9822,0.9931,0.9942,0.9884,0.9776,0.9905,0.9864,0.9741,1.006,1.0013,0.9969,33.398,0.0,0.694,0.694,146.651,19.465,171.616
30,2026-05-15T04:49:39.189467+00:00,gaming,GND,23.851,30.473,30.473,0.5,0.5,54.515,40.426,0.4258,0.5742,0.8496,0.4927,0,0.6288,0.2439,0.1273,0.361,0.1758,0.01111,0.04716,0,0.746,0.1741,0.0799,0.739,0.15,0.05891,0.28153,0,0.3333,0.3333,0.3333,0.066,0.0229,-0.01335,-0.26805,1.167,41.593,0.5264,0.2773,0.1963,0.4864,0.313,0.2006,0.3333,0.3333,0.3333,0.6464,0.236,0.1176,0.7575,0.169,0.0735,0.5488,0.252,0.1993,0.9898,0.9711,0.9474,0.9836,0.9796,0.9507,1.0,1.0,1.0,0.9933,0.9878,0.9763,0.9856,0.9854,0.9726,1.0061,1.0008,0.9989,40.922,0.0,0.671,0.671,146.651,20.136,172.287
31,2026-05-15T04:49:45.212157+00:00,gaming,ISL,20.049,25.2,20.049,0.5007,0.4993,50.818,35.239,0.4095,0.5905,0.85,0.4969,1,0.5264,0.2773,0.1963,2.101,0.2544,0.14015,0.22642,0,0.4864,0.313,0.2006,0.528,0.1839,0.00285,0.00754,0,0.3333,0.3333,0.3333,0.3,0.1111,-0.07005,-0.29287,2.929,53.748,0.5435,0.2681,0.1884,0.4975,0.3095,0.193,0.3738,0.3204,0.3057,0.6464,0.236,0.1176,0.7575,0.169,0.0735,0.5488,0.252,0.1993,0.991,0.967,0.9457,0.9835,0.9787,0.9488,1.0067,1.0005,0.9976,0.9933,0.9878,0.9763,0.9856,0.9854,0.9726,1.0061,1.0008,0.9989,35.733,15.58,1.665,18.014,162.231,21.802,190.301
32,2026-05-15T04:49:51.229795+00:00,gaming,ISL,29.043,26.139,29.043,0.5001,0.4999,59.708,36.263,0.3779,0.6221,0.8496,0.5011,0,0.5435,0.2681,0.1884,0.437,0.1573,-0.02634,-0.07108,1,0.4975,0.3095,0.193,0.43,0.2931,-0.00701,-0.01452,0,0.3738,0.3204,0.3057,0.424,0.1111,-0.05762,-0.23565,1.29,60.998,0.5585,0.2619,0.1796,0.5079,0.3069,0.1851,0.4132,0.3072,0.2796,0.6464,0.236,0.1176,0.7575,0.169,0.0735,0.5488,0.252,0.1993,0.9925,0.9666,0.9439,0.9836,0.979,0.9469,1.012,1.0011,0.9952,0.9933,0.9878,0.9763,0.9856,0.9854,0.9726,1.0061,1.0008,0.9989,36.757,23.444,0.016,24.241,185.675,21.818,214.542
33,2026-05-15T04:49:57.241981+00:00,gaming,GND,17.293,25.297,25.297,0.4989,0.5011,47.647,35.507,0.427,0.573,0.8482,0.5053,0,0.6464,0.236,0.1176,0.217,0.1639,-0.0033,-0.01444,0,0.7575,0.169,0.0735,0.154,0.1389,0.00036,0.00196,0,0.5488,0.252,0.1993,0.107,0.0229,-0.00925,-0.17859,0.478,35.985,0.5585,0.2619,0.1796,0.5079,0.3069,0.1851,0.4132,0.3072,0.2796,0.6665,0.226,0.1075,0.7802,0.1556,0.0642,0.7272,0.1678,0.1049,0.9925,0.9666,0.9439,0.9836,0.979,0.9469,1.012,1.0011,0.9952,0.9936,0.9872,0.9751,0.9855,0.9844,0.9711,1.01,1.0015,0.9979,36.0,0.0,0.0,0.0,185.675,21.818,214.542
34,2026-05-15T04:50:03.258893+00:00,gaming,ISL,34.804,22.083,34.804,0.4986,0.5014,64.654,32.379,0.3337,0.6663,0.846,0.5094,0,0.5585,0.2619,0.1796,1.679,0.1715,0.09794,0.22643,1,0.5079,0.3069,0.1851,1.06,0.31,0.05599,0.10873,1,0.4132,0.3072,0.2796,0.758,0.237,-0.02415,-0.04169,3.498,68.152,0.5647,0.2607,0.1746,0.5201,0.3018,0.1781,0.4567,0.291,0.2523,0.6665,0.226,0.1075,0.7802,0.1556,0.0642,0.7272,0.1678,0.1049,0.9884,0.9661,0.9421,0.9836,0.9769,0.945,1.0186,1.0019,0.9928,0.9936,0.9872,0.9751,0.9855,0.9844,0.9711,1.01,1.0015,0.9979,32.871,32.276,2.195,35.281,217.951,24.012,249.823
35,2026-05-15T04:50:09.271564+00:00,gaming,GND,43.026,36.504,36.504,0.4965,0.5035,72.202,46.885,0.3937,0.6063,0.8429,0.5134,0,0.6665,0.226,0.1075,0.321,0.1556,0.00711,0.0304,0,0.7802,0.1556,0.0642,0.063,0.1314,-0.00871,-0.04931,0,0.7272,0.1678,0.1049,0.056,0.0229,-0.01436,-0.29507,0.44,47.326,0.5647,0.2607,0.1746,0.5201,0.3018,0.1781,0.4567,0.291,0.2523,0.6838,0.2175,0.0988,0.8035,0.1413,0.0552,0.8682,0.0882,0.0436,0.9884,0.9661,0.9421,0.9836,0.9769,0.945,1.0186,1.0019,0.9928,0.993,0.9866,0.9739,0.9866,0.9833,0.9696,1.0168,1.0023,0.9968,47.377,0.0,0.0,0.0,217.951,24.012,249.823
36,2026-05-15T04:50:15.282316+00:00,gaming,ISL,26.837,21.616,26.837,0.4956,0.5044,55.19,32.083,0.3676,0.6324,0.8389,0.5173,1,0.5647,0.2607,0.1746,0.372,0.3008,-0.03281,-0.06135,1,0.5201,0.3018,0.1781,0.883,0.3254,0.03833,0.07558,2,0.4567,0.291,0.2523,1.413,0.4444,0.04126,0.03618,2.668,57.858,0.5777,0.2561,0.1661,0.5316,0.2972,0.1712,0.501,0.2727,0.2263,0.6838,0.2175,0.0988,0.8035,0.1413,0.0552,0.8682,0.0882,0.0436,0.9895,0.9673,0.9403,0.9835,0.9755,0.9431,1.0253,1.0024,0.9921,0.993,0.9866,0.9739,0.9866,0.9833,0.9696,1.0168,1.0023,0.9968,32.573,23.108,1.327,25.285,241.059,25.34,275.108
37,2026-05-15T04:50:21.293677+00:00,gaming,GND,22.896,29.947,29.947,0.494,0.506,50.311,40.499,0.446,0.554,0.8341,0.5211,0,0.6838,0.2175,0.0988,0.307,0.1472,0.0057,0.02445,0,0.8035,0.1413,0.0552,0.215,0.1239,0.00648,0.03517,1,0.8682,0.0882,0.0436,0.091,0.0571,-0.01095,-0.08004,0.612,41.111,0.5777,0.2561,0.1661,0.5316,0.2972,0.1712,0.501,0.2727,0.2263,0.7008,0.2088,0.0905,0.8215,0.1302,0.0483,0.9409,0.0425,0.0167,0.9895,0.9673,0.9403,0.9835,0.9755,0.9431,1.0253,1.0024,0.9921,0.9925,0.986,0.9727,0.9859,0.9823,0.9681,1.0236,1.004,0.9958,40.989,0.0,0.123,0.123,241.059,25.462,275.231
38,2026-05-15T04:50:27.310596+00:00,gaming,GND,28.605,25.672,25.672,0.4938,0.5062,54.992,36.308,0.3977,0.6023,0.8284,0.5249,0,0.7008,0.2088,0.0905,0.121,0.1431,-0.01289,-0.05765,0,0.8215,0.1302,0.0483,0.504,0.1202,0.03543,0.17813,0,0.9409,0.0425,0.0167,0.033,0.0229,-0.01671,-0.35921,0.658,36.967,0.5777,0.2561,0.1661,0.5316,0.2972,0.1712,0.501,0.2727,0.2263,0.7208,0.1975,0.0817,0.8332,0.1234,0.0434,0.9658,0.0175,0.0167,0.9895,0.9673,0.9403,0.9835,0.9755,0.9431,1.0253,1.0024,0.9921,0.9937,0.9854,0.9715,0.9826,0.9813,0.9667,1.0321,1.0047,0.9947,36.797,0.0,0.17,0.17,241.059,25.632,275.401
39,2026-05-15T04:50:33.318623+00:00,gaming,ISL,21.342,22.032,21.342,0.4927,0.5073,46.643,32.753,0.4125,0.5875,0.8219,0.5286,1,0.5777,0.2561,0.1661,0.423,0.3292,-0.0277,-0.0516,0,0.5316,0.2972,0.1712,0.405,0.2888,-0.00954,-0.02568,2,0.501,0.2727,0.2263,2.063,0.4444,0.10633,0.09055,2.891,49.534,0.5905,0.2515,0.1581,0.5439,0.2921,0.164,0.5459,0.2533,0.2008,0.7208,0.1975,0.0817,0.8332,0.1234,0.0434,0.9658,0.0175,0.0167,0.9904,0.9684,0.9385,0.984,0.9742,0.9413,1.032,1.003,0.9904,0.9937,0.9854,0.9715,0.9826,0.9813,0.9667,1.0321,1.0047,0.9947,33.241,13.89,1.481,16.293,254.948,27.113,291.693
40,2026-05-15T04:50:39.341150+00:00,gaming,GND,38.778,22.463,22.463,0.4918,0.5082,62.958,33.268,0.3457,0.6543,0.8146,0.5322,0,0.7208,0.1975,0.0817,0.149,0.1349,-0.01014,-0.04512,1,0.8332,0.1234,0.0434,0.121,0.1369,-0.00288,-0.00995,0,0.9658,0.0175,0.0167,0.041,0.0229,-0.01587,-0.34099,0.311,33.579,0.5905,0.2515,0.1581,0.5439,0.2921,0.164,0.5459,0.2533,0.2008,0.7394,0.1868,0.0738,0.8482,0.1141,0.0376,0.9667,0.0167,0.0167,0.9904,0.9684,0.9385,0.984,0.9742,0.9413,1.032,1.003,0.9904,0.9946,0.9848,0.9703,0.9822,0.9815,0.9652,1.0402,1.0055,0.9937,33.755,0.0,0.0,0.0,254.948,27.113,291.693
41,2026-05-15T04:50:45.357890+00:00,gaming,ISL,43.408,36.451,43.408,0.4897,0.5103,66.457,47.339,0.416,0.584,0.8065,0.5358,0,0.5905,0.2515,0.1581,0.283,0.268,-0.0417,-0.11506,0,0.5439,0.2921,0.164,0.36,0.3124,-0.01402,-0.038,2,0.5459,0.2533,0.2008,1.761,0.4444,0.07607,0.06553,2.403,68.861,0.6067,0.2436,0.1497,0.5565,0.2866,0.1569,0.5903,0.2331,0.1766,0.7394,0.1868,0.0738,0.8482,0.1141,0.0376,0.9667,0.0167,0.0167,0.9928,0.9675,0.9367,0.9848,0.9729,0.9395,1.0387,1.0035,0.9891,0.9946,0.9848,0.9703,0.9822,0.9815,0.9652,1.0402,1.0055,0.9937,47.826,19.118,0.943,21.035,274.066,28.056,312.728
42,2026-05-15T04:50:51.363261+00:00,gaming,GND,19.723,25.509,25.509,0.489,0.511,41.649,36.48,0.4669,0.5331,0.7976,0.5392,0,0.7394,0.1868,0.0738,0.563,0.127,0.03134,0.12754,0,0.8482,0.1141,0.0376,0.143,0.1059,-0.0007,-0.00387,0,0.9667,0.0167,0.0167,0.131,0.0229,-0.00694,-0.1354,0.837,37.317,0.6067,0.2436,0.1497,0.5565,0.2866,0.1569,0.5903,0.2331,0.1766,0.7504,0.1812,0.0683,0.8638,0.1038,0.0325,0.9667,0.0167,0.0167,0.9928,0.9675,0.9367,0.9848,0.9729,0.9395,1.0387,1.0035,0.9891,0.9922,0.9842,0.9691,0.9823,0.9805,0.9638,1.0431,1.0063,0.9926,36.966,0.0,0.351,0.351,274.066,28.408,313.08
43,2026-05-15T04:50:57.384825+00:00,gaming,GND,16.063,28.955,28.955,0.4889,0.5111,36.889,40.008,0.5203,0.4797,0.7879,0.5426,2,0.7504,0.1812,0.0683,0.462,0.2488,0.0212,0.04392,0,0.8638,0.1038,0.0325,0.153,0.1025,0.00026,0.00143,0,0.9667,0.0167,0.0167,0.047,0.0229,-0.01527,-0.32962,0.662,40.669,0.6067,0.2436,0.1497,0.5565,0.2866,0.1569,0.5903,0.2331,0.1766,0.7658,0.1721,0.0621,0.8777,0.0943,0.028,0.9667,0.0167,0.0167,0.9928,0.9675,0.9367,0.9848,0.9729,0.9395,1.0387,1.0035,0.9891,0.9923,0.9836,0.9682,0.9822,0.9794,0.9623,1.0508,1.0071,0.9916,38.397,3.118,0.177,2.273,277.184,28.585,315.352
44,2026-05-15T04:51:03.397896+00:00,gaming,GND,30.768,29.177,29.177,0.4899,0.5101,50.529,40.311,0.4438,0.5562,0.7776,0.5459,0,0.7658,0.1721,0.0621,0.142,0.1196,-0.01075,-0.04786,0,0.8777,0.0943,0.028,0.149,0.0993,-0.00014,-0.00076,0,0.9667,0.0167,0.0167,0.034,0.0229,-0.01665,-0.36916,0.325,40.636,0.6067,0.2436,0.1497,0.5565,0.2866,0.1569,0.5903,0.2331,0.1766,0.7822,0.162,0.0558,0.8905,0.0855,0.024,0.9667,0.0167,0.0167,0.9928,0.9675,0.9367,0.9848,0.9729,0.9395,1.0387,1.0035,0.9891,0.9933,0.9829,0.967,0.9823,0.9784,0.9609,1.0596,1.0078,0.9905,40.796,0.0,0.0,0.0,277.184,28.585,315.352
45,2026-05-15T04:51:09.410149+00:00,browsing,GND,33.633,21.419,21.419,0.514,0.486,54.856,32.792,0.3741,0.6259,0.7665,0.5491,0,0.7822,0.162,0.0558,0.157,0.2304,-0.00931,-0.04134,0,0.8905,0.0855,0.024,0.171,0.1854,0.00207,0.01133,0,0.7144,0.1825,0.1031,0.148,0.1029,-0.00518,-0.04691,0.476,33.268,0.6067,0.2436,0.1497,0.5565,0.2866,0.1569,0.3787,0.2896,0.3317,0.7979,0.1522,0.05,0.9019,0.0774,0.0206,0.7627,0.1566,0.0808,0.9928,0.9675,0.9367,0.9848,0.9729,0.9395,0.9961,0.97,0.9842,0.9941,0.9821,0.9653,0.982,0.9771,0.959,1.0103,0.9992,0.9901,33.36,0.0,0.0,0.0,277.184,28.585,315.352
46,2026-05-15T04:51:15.422697+00:00,browsing,ISL,43.274,36.061,43.274,0.5121,0.4879,63.255,47.515,0.429,0.571,0.7548,0.5523,0,0.6067,0.2436,0.1497,1.112,0.5238,0.04124,0.10189,0,0.5565,0.2866,0.1569,0.987,0.5318,0.04866,0.12139,0,0.3787,0.2896,0.3317,1.63,0.5,0.06298,0.10679,3.729,66.984,0.6193,0.2379,0.1428,0.5667,0.2825,0.1508,0.3832,0.2851,0.3316,0.7979,0.1522,0.05,0.9019,0.0774,0.0206,0.7627,0.1566,0.0808,0.9909,0.9637,0.931,0.9825,0.9697,0.935,0.9941,0.9662,0.9817,0.9941,0.9821,0.9653,0.982,0.9771,0.959,1.0103,0.9992,0.9901,48.083,15.74,0.683,18.901,292.924,29.268,334.253
47,2026-05-15T04:51:21.438231+00:00,browsing,GND,12.838,27.311,27.311,0.5115,0.4885,31.658,38.846,0.551,0.449,0.7425,0.5553,0,0.7979,0.1522,0.05,0.454,0.224,0.02044,0.08504,0,0.9019,0.0774,0.0206,0.253,0.1796,0.0103,0.05503,0,0.7627,0.1566,0.0808,0.09,0.1029,-0.01096,-0.10214,0.798,39.644,0.6193,0.2379,0.1428,0.5667,0.2825,0.1508,0.3832,0.2851,0.3316,0.8085,0.1458,0.0457,0.9113,0.0708,0.0179,0.8089,0.1299,0.0612,0.9909,0.9637,0.931,0.9825,0.9697,0.935,0.9941,0.9662,0.9817,0.9925,0.9812,0.9635,0.981,0.9759,0.9571,1.0125,0.999,0.989,34.725,7.188,0.231,4.919,300.112,29.499,339.172
48,2026-05-15T04:51:27.445144+00:00,browsing,ISL,28.089,33.712,28.089,0.5131,0.4869,45.829,45.326,0.4972,0.5028,0.7295,0.5582,1,0.6193,0.2379,0.1428,1.506,0.6488,0.08061,0.13564,0,0.5667,0.2825,0.1508,0.519,0.5328,0.00186,0.00493,2,0.3832,0.2851,0.3316,1.548,0.5667,0.05476,0.08181,3.572,49.402,0.6317,0.2325,0.1357,0.5801,0.2761,0.1438,0.3886,0.2798,0.3316,0.8085,0.1458,0.0457,0.9113,0.0708,0.0179,0.8089,0.1299,0.0612,0.9896,0.9612,0.9255,0.9824,0.9665,0.9308,0.9933,0.9624,0.9801,0.9925,0.9812,0.9635,0.981,0.9759,0.9571,1.0125,0.999,0.989,45.892,0.503,0.492,3.509,300.615,29.991,342.682
49,2026-05-15T04:51:33.467540+00:00,browsing,GND,19.024,21.645,21.645,0.5133,0.4867,35.762,33.337,0.4824,0.5176,0.716,0.5611,0,0.8085,0.1458,0.0457,0.291,0.2184,0.00412,0.01774,0,0.9113,0.0708,0.0179,0.252,0.1745,0.01023,0.05463,0,0.8089,0.1299,0.0612,0.169,0.1029,-0.00307,-0.02763,0.713,34.049,0.6317,0.2325,0.1357,0.5801,0.2761,0.1438,0.3886,0.2798,0.3316,0.8207,0.138,0.0412,0.9187,0.0646,0.0167,0.8433,0.1096,0.0471,0.9896,0.9612,0.9255,0.9824,0.9665,0.9308,0.9933,0.9624,0.9801,0.9921,0.9803,0.9618,0.9799,0.9746,0.9553,1.013,0.9987,0.9879,33.902,0.0,0.148,0.148,300.615,30.139,342.829
50,2026-05-15T04:51:39.477738+00:00,browsing,ISL,13.492,26.495,13.492,0.5132,0.4868,29.303,38.262,0.5663,0.4337,0.702,0.5638,0,0.6317,0.2325,0.1357,0.792,0.5429,0.00915,0.02349,1,0.5801,0.2761,0.1438,1.105,0.5872,0.06046,0.11549,1,0.3886,0.2798,0.3316,2.052,0.6667,0.10517,0.12778,3.948,33.251,0.646,0.2253,0.1287,0.5899,0.2723,0.1377,0.3941,0.2756,0.3303,0.8207,0.138,0.0412,0.9187,0.0646,0.0167,0.8433,0.1096,0.0471,0.9891,0.9573,0.9202,0.9806,0.9643,0.9267,0.9925,0.96,0.9776,0.9921,0.9803,0.9618,0.9799,0.9746,0.9553,1.013,0.9987,0.9879,32.381,0.0,0.869,0.869,300.615,31.008,343.699
51,2026-05-15T04:51:45.503655+00:00,browsing,ISL,19.099,29.017,19.099,0.5151,0.4849,34.053,40.859,0.5454,0.4546,0.6875,0.5665,0,0.646,0.2253,0.1287,1.102,0.5416,0.04017,0.09904,0,0.5899,0.2723,0.1377,0.52,0.5199,0.00201,0.0053,0,0.3941,0.2756,0.3303,1.167,0.5,0.01667,0.02933,2.789,36.841,0.658,0.2194,0.1226,0.603,0.2658,0.1312,0.4002,0.2706,0.3292,0.8207,0.138,0.0412,0.9187,0.0646,0.0167,0.8433,0.1096,0.0471,0.9872,0.9535,0.9151,0.9805,0.9612,0.9226,0.9919,0.9563,0.9751,0.9921,0.9803,0.9618,0.9799,0.9746,0.9553,1.013,0.9987,0.9879,37.116,0.0,0.0,0.0,300.615,31.008,343.699
52,2026-05-15T04:51:51.533602+00:00,browsing,GND,21.087,29.742,29.742,0.5161,0.4839,35.249,41.656,0.5417,0.4583,0.6725,0.5691,0,0.8207,0.138,0.0412,0.35,0.2118,0.01005,0.04266,0,0.9187,0.0646,0.0167,0.263,0.1681,0.0113,0.06008,0,0.8433,0.1096,0.0471,0.214,0.1029,0.0014,0.01229,0.827,42.484,0.658,0.2194,0.1226,0.603,0.2658,0.1312,0.4002,0.2706,0.3292,0.8315,0.1311,0.0374,0.9244,0.0589,0.0167,0.8703,0.0932,0.0366,0.9872,0.9535,0.9151,0.9805,0.9612,0.9226,0.9919,0.9563,0.9751,0.9913,0.9794,0.9602,0.9787,0.9734,0.9535,1.0128,0.9985,0.9869,38.288,6.408,0.264,4.196,307.023,31.272,347.894
53,2026-05-15T04:51:57.563819+00:00,browsing,GND,31.575,30.922,30.922,0.517,0.483,45.006,42.906,0.4881,0.5119,0.6572,0.5716,0,0.8315,0.1311,0.0374,0.156,0.2101,-0.00935,-0.04144,0,0.9244,0.0589,0.0167,0.118,0.1664,-0.00323,-0.01788,0,0.8703,0.0932,0.0366,0.025,0.1029,-0.01745,-0.16866,0.3,43.206,0.658,0.2194,0.1226,0.603,0.2658,0.1312,0.4002,0.2706,0.3292,0.8442,0.1225,0.0333,0.9307,0.0526,0.0167,0.901,0.0729,0.0261,0.9872,0.9535,0.9151,0.9805,0.9612,0.9226,0.9919,0.9563,0.9751,0.9921,0.9784,0.9585,0.9791,0.9721,0.9517,1.0164,0.9982,0.9858,43.469,0.0,0.0,0.0,307.023,31.272,347.894
54,2026-05-15T04:52:03.585490+00:00,browsing,GND,21.099,21.495,21.495,0.5169,0.4831,33.857,33.548,0.4977,0.5023,0.6415,0.5739,0,0.8442,0.1225,0.0333,0.116,0.2087,-0.01337,-0.05984,0,0.9307,0.0526,0.0167,0.206,0.1649,0.00562,0.03035,1,0.901,0.0729,0.0261,0.145,0.1821,-0.00546,-0.02731,0.468,34.016,0.658,0.2194,0.1226,0.603,0.2658,0.1312,0.4002,0.2706,0.3292,0.8566,0.1139,0.0296,0.9358,0.0476,0.0167,0.9213,0.0595,0.0193,0.9872,0.9535,0.9151,0.9805,0.9612,0.9226,0.9919,0.9563,0.9751,0.9934,0.9775,0.9569,0.9785,0.9708,0.9499,1.018,0.9988,0.9847,34.111,0.0,0.0,0.0,307.023,31.272,347.894
55,2026-05-15T04:52:09.615684+00:00,browsing,GND,9.927,22.563,22.563,0.5168,0.4832,22.064,34.683,0.6112,0.3888,0.6254,0.5762,0,0.8566,0.1139,0.0296,0.246,0.2075,-0.00044,-0.00191,0,0.9358,0.0476,0.0167,0.098,0.1637,-0.00522,-0.02902,0,0.9213,0.0595,0.0193,0.059,0.1029,-0.01408,-0.13444,0.403,35.085,0.658,0.2194,0.1226,0.603,0.2658,0.1312,0.4002,0.2706,0.3292,0.8666,0.1069,0.0265,0.941,0.0423,0.0167,0.937,0.0464,0.0167,0.9872,0.9535,0.9151,0.9805,0.9612,0.9226,0.9919,0.9563,0.9751,0.9934,0.9766,0.9552,0.9791,0.9696,0.9481,1.0209,0.9986,0.9836,24.992,12.619,0.0,10.093,319.641,31.272,357.987
56,2026-05-15T04:52:15.640450+00:00,browsing,ISL,19.92,25.642,19.92,0.5201,0.4799,31.485,37.826,0.5457,0.4543,0.6091,0.5784,0,0.658,0.2194,0.1226,1.056,0.5016,0.03561,0.08813,1,0.603,0.2658,0.1312,1.414,0.5481,0.09141,0.16883,2,0.4002,0.2706,0.3292,2.105,0.5667,0.11053,0.15757,4.576,36.06,0.6697,0.2135,0.1168,0.6139,0.2605,0.1256,0.4064,0.2658,0.3278,0.8666,0.1069,0.0265,0.941,0.0423,0.0167,0.937,0.0464,0.0167,0.9855,0.95,0.9104,0.9792,0.9581,0.9189,0.9912,0.9525,0.9722,0.9934,0.9766,0.9552,0.9791,0.9696,0.9481,1.0209,0.9986,0.9836,34.367,0.0,1.693,1.693,319.641,32.965,359.68
57,2026-05-15T04:52:21.657811+00:00,browsing,ISL,29.988,28.751,29.988,0.521,0.479,41.025,40.997,0.4998,0.5002,0.5926,0.5805,0,0.6697,0.2135,0.1168,1.586,0.4883,0.0886,0.20566,2,0.6139,0.2605,0.1256,1.352,0.5865,0.08522,0.12123,2,0.4064,0.2658,0.3278,1.474,0.5667,0.04742,0.07056,4.412,45.437,0.6782,0.2096,0.1123,0.6242,0.2552,0.1206,0.4119,0.2605,0.3277,0.8666,0.1069,0.0265,0.941,0.0423,0.0167,0.937,0.0464,0.0167,0.9818,0.9466,0.9058,0.978,0.9555,0.9166,0.9904,0.9488,0.9708,0.9934,0.9766,0.9552,0.9791,0.9696,0.9481,1.0209,0.9986,0.9836,41.56,0.028,1.577,3.878,319.669,34.541,363.558
58,2026-05-15T04:52:27.681088+00:00,browsing,GND,21.911,24.974,24.974,0.5209,0.4791,32.46,37.28,0.5346,0.4654,0.5758,0.5824,0,0.8666,0.1069,0.0265,0.513,0.2058,0.02632,0.10808,0,0.941,0.0423,0.0167,0.285,0.1612,0.01345,0.07108,0,0.937,0.0464,0.0167,0.078,0.1029,-0.01225,-0.11616,0.875,38.155,0.6782,0.2096,0.1123,0.6242,0.2552,0.1206,0.4119,0.2605,0.3277,0.8736,0.1022,0.0242,0.9448,0.0385,0.0167,0.9471,0.0362,0.0167,0.9818,0.9466,0.9058,0.978,0.9555,0.9166,0.9904,0.9488,0.9708,0.9913,0.9757,0.9536,0.9777,0.9683,0.9464,1.0233,0.9983,0.9826,35.249,4.82,0.313,2.907,324.489,34.854,366.464
59,2026-05-15T04:52:33.715532+00:00,browsing,GND,13.687,26.689,26.689,0.5214,0.4786,23.787,39.052,0.6215,0.3785,0.559,0.5843,0,0.8736,0.1022,0.0242,0.436,0.2058,0.01857,0.07737,0,0.9448,0.0385,0.0167,0.161,0.1608,0.00107,0.00586,0,0.9471,0.0362,0.0167,0.137,0.1029,-0.00629,-0.058,0.734,39.785,0.6782,0.2096,0.1123,0.6242,0.2552,0.1206,0.4119,0.2605,0.3277,0.8808,0.0972,0.022,0.9488,0.0346,0.0167,0.9544,0.029,0.0167,0.9818,0.9466,0.9058,0.978,0.9555,0.9166,0.9904,0.9488,0.9708,0.9899,0.9747,0.952,0.9776,0.967,0.9446,1.0245,0.9981,0.9815,26.528,15.265,0.172,13.257,339.753,35.026,379.721
60,2026-05-15T04:52:39.742566+00:00,youtube,GND,30.982,29.113,29.113,0.4968,0.5032,40.439,41.453,0.5062,0.4938,0.542,0.5861,0,0.8808,0.0972,0.022,0.334,0.1603,0.00838,0.03564,0,0.9488,0.0346,0.0167,0.233,0.125,0.00835,0.04465,0,0.6363,0.2272,0.1365,0.12,0.1,-0.008,-0.05802,0.687,42.141,0.6782,0.2096,0.1123,0.6242,0.2552,0.1206,0.3723,0.2844,0.3433,0.8884,0.0918,0.0198,0.952,0.0313,0.0167,0.6738,0.2086,0.1176,0.9818,0.9466,0.9058,0.978,0.9555,0.9166,1.0024,0.9822,0.9931,0.9892,0.9739,0.9507,0.9767,0.9658,0.9431,1.0072,1.001,0.9961,42.036,1.015,0.105,0.105,340.768,35.131,379.826
61,2026-05-15T04:52:45.765485+00:00,youtube,GND,20.264,25.205,25.205,0.4957,0.5043,29.354,37.597,0.5616,0.4384,0.525,0.5878,0,0.8884,0.0918,0.0198,0.182,0.1609,-0.00681,-0.02995,0,0.952,0.0313,0.0167,0.349,0.1251,0.01988,0.103,1,0.6738,0.2086,0.1176,0.116,0.15,-0.00836,-0.03988,0.647,38.244,0.6782,0.2096,0.1123,0.6242,0.2552,0.1206,0.3723,0.2844,0.3433,0.8968,0.0856,0.0176,0.9546,0.0287,0.0167,0.7058,0.1932,0.101,0.9818,0.9466,0.9058,0.978,0.9555,0.9166,1.0024,0.9822,0.9931,0.9898,0.9731,0.9493,0.9748,0.9646,0.9415,1.0079,1.0018,0.9952,31.579,8.243,0.065,6.665,349.011,35.196,386.491
62,2026-05-15T04:52:51.790693+00:00,youtube,GND,18.131,29.112,29.112,0.4957,0.5043,26.883,41.552,0.6072,0.3928,0.508,0.5893,0,0.8968,0.0856,0.0176,0.386,0.1618,0.01356,0.05701,2,0.9546,0.0287,0.0167,0.3,0.2967,0.01501,0.03402,0,0.7058,0.1932,0.101,0.117,0.1,-0.00828,-0.06031,0.803,42.355,0.6782,0.2096,0.1123,0.6242,0.2552,0.1206,0.3723,0.2844,0.3433,0.9024,0.081,0.0167,0.9575,0.0259,0.0167,0.739,0.1751,0.0859,0.9818,0.9466,0.9058,0.978,0.9555,0.9166,1.0024,0.9822,0.9931,0.9887,0.9722,0.948,0.9743,0.9634,0.9409,1.0092,1.0015,0.9944,29.078,14.669,0.22,13.277,363.68,35.416,399.768
63,2026-05-15T04:52:57.820543+00:00,youtube,ISL,29.448,26.434,29.448,0.4969,0.5031,37.887,38.92,0.5067,0.4933,0.491,0.5908,0,0.6782,0.2096,0.1123,0.242,0.3213,-0.04584,-0.12608,0,0.6242,0.2552,0.1206,0.773,0.3005,0.0273,0.06952,1,0.3723,0.2844,0.3433,2.237,0.5704,0.12369,0.13863,3.252,41.139,0.6938,0.2009,0.1053,0.6331,0.2512,0.1157,0.3776,0.2777,0.3447,0.9024,0.081,0.0167,0.9575,0.0259,0.0167,0.739,0.1751,0.0859,0.9845,0.945,0.9033,0.9766,0.954,0.9144,1.0025,0.9796,0.9923,0.9887,0.9722,0.948,0.9743,0.9634,0.9409,1.0092,1.0015,0.9944,39.502,0.0,1.084,1.637,363.68,36.5,401.405
64,2026-05-15T04:53:03.842149+00:00,youtube,GND,20.176,21.533,21.533,0.4967,0.5033,28.325,34.061,0.546,0.454,0.4742,0.5921,0,0.9024,0.081,0.0167,0.595,0.1644,0.03452,0.13884,0,0.9575,0.0259,0.0167,0.174,0.1269,0.00235,0.01276,0,0.739,0.1751,0.0859,0.108,0.1,-0.00921,-0.06739,0.877,34.938,0.6938,0.2009,0.1053,0.6331,0.2512,0.1157,0.3776,0.2777,0.3447,0.9057,0.0776,0.0167,0.9601,0.0232,0.0167,0.7701,0.1574,0.0724,0.9845,0.945,0.9033,0.9766,0.954,0.9144,1.0025,0.9796,0.9923,0.9861,0.9714,0.9467,0.9741,0.9622,0.9393,1.0106,1.0012,0.9935,30.468,5.736,0.294,4.47,369.416,36.794,405.874
65,2026-05-15T04:53:09.870010+00:00,youtube,ISL,14.508,26.272,14.508,0.4974,0.5026,22.389,38.84,0.6343,0.3657,0.4574,0.5934,0,0.6938,0.2009,0.1053,0.395,0.296,-0.03052,-0.0823,0,0.6331,0.2512,0.1157,0.873,0.2805,0.03734,0.09374,0,0.3776,0.2777,0.3447,0.61,0.3889,-0.03897,-0.07303,1.878,24.267,0.7077,0.1933,0.0991,0.6412,0.2477,0.1111,0.3845,0.2703,0.3452,0.9057,0.0776,0.0167,0.9601,0.0232,0.0167,0.7701,0.1574,0.0724,0.9862,0.9434,0.9008,0.9748,0.9526,0.9121,1.004,0.9769,0.9915,0.9861,0.9714,0.9467,0.9741,0.9622,0.9393,1.0106,1.0012,0.9935,24.512,0.0,0.0,0.0,369.416,36.794,405.874
66,2026-05-15T04:53:15.888024+00:00,youtube,ISL,36.416,30.018,36.416,0.5002,0.4998,44.048,42.622,0.4918,0.5082,0.4409,0.5945,0,0.7077,0.1933,0.0991,0.229,0.2858,-0.0471,-0.13041,0,0.6412,0.2477,0.1111,0.865,0.2727,0.03654,0.09168,2,0.3845,0.2703,0.3452,0.897,0.4148,-0.0103,-0.01739,1.991,46.039,0.7225,0.1849,0.0926,0.6492,0.2441,0.1066,0.3893,0.2632,0.3475,0.9057,0.0776,0.0167,0.9601,0.0232,0.0167,0.7701,0.1574,0.0724,0.989,0.942,0.8984,0.9731,0.9513,0.9099,1.004,0.9742,0.9918,0.9861,0.9714,0.9467,0.9741,0.9622,0.9393,1.0106,1.0012,0.9935,43.205,1.426,0.0,2.834,370.842,36.794,408.708
67,2026-05-15T04:53:21.910064+00:00,youtube,ISL,35.707,21.954,35.707,0.4999,0.5001,43.108,34.59,0.4452,0.5548,0.4246,0.5956,0,0.7225,0.1849,0.0926,0.717,0.2776,0.00168,0.00435,1,0.6492,0.2441,0.1066,0.909,0.3615,0.04094,0.07849,0,0.3893,0.2632,0.3475,1.108,0.3889,0.01076,0.01925,2.734,45.842,0.7333,0.179,0.0877,0.6595,0.2388,0.1017,0.3942,0.2568,0.349,0.9057,0.0776,0.0167,0.9601,0.0232,0.0167,0.7701,0.1574,0.0724,0.9889,0.9406,0.8961,0.9729,0.9498,0.9077,1.0037,0.9714,0.991,0.9861,0.9714,0.9467,0.9741,0.9622,0.9393,1.0106,1.0012,0.9935,35.174,8.518,0.641,10.668,379.36,37.435,419.376
68,2026-05-15T04:53:27.938292+00:00,youtube,ISL,36.007,39.575,36.007,0.4986,0.5014,43.196,52.242,0.5474,0.4526,0.4085,0.5965,1,0.7333,0.179,0.0877,0.734,0.4144,0.00344,0.00604,1,0.6595,0.2388,0.1017,1.005,0.3552,0.05046,0.09571,0,0.3942,0.2568,0.349,0.449,0.3889,-0.05505,-0.105,2.188,45.384,0.7441,0.1734,0.0825,0.6699,0.2331,0.0969,0.4019,0.2494,0.3487,0.9057,0.0776,0.0167,0.9601,0.0232,0.0167,0.7701,0.1574,0.0724,0.9896,0.9405,0.8937,0.9728,0.9479,0.9055,1.0059,0.9687,0.9902,0.9861,0.9714,0.9467,0.9741,0.9622,0.9393,1.0106,1.0012,0.9935,45.279,0.0,0.105,0.105,379.36,37.54,419.481
69,2026-05-15T04:53:33.973150+00:00,youtube,GND,28.924,26.016,26.016,0.4991,0.5009,35.915,38.708,0.5187,0.4813,0.3928,0.5973,0,0.9057,0.0776,0.0167,0.236,0.1754,-0.00139,-0.00601,0,0.9601,0.0232,0.0167,0.08,0.1343,-0.00702,-0.03909,0,0.7701,0.1574,0.0724,0.236,0.1,0.00356,0.02483,0.551,39.26,0.7441,0.1734,0.0825,0.6699,0.2331,0.0969,0.4019,0.2494,0.3487,0.9109,0.0725,0.0167,0.9628,0.0205,0.0167,0.7931,0.1445,0.0624,0.9896,0.9405,0.8937,0.9728,0.9479,0.9055,1.0059,0.9687,0.9902,0.9862,0.9706,0.9454,0.9749,0.961,0.9378,1.0101,1.0009,0.9926,37.993,2.793,0.0,1.267,382.154,37.54,420.748
70,2026-05-15T04:53:39.991011+00:00,youtube,ISL,17.554,25.603,17.554,0.499,0.501,24.362,38.318,0.6113,0.3887,0.3775,0.598,0,0.7441,0.1734,0.0825,0.871,0.2667,0.01709,0.0434,0,0.6699,0.2331,0.0969,1.066,0.2593,0.05656,0.13816,0,0.4019,0.2494,0.3487,0.807,0.3889,-0.01925,-0.03551,2.744,27.106,0.7534,0.1684,0.0783,0.6762,0.2305,0.0933,0.408,0.2427,0.3493,0.9109,0.0725,0.0167,0.9628,0.0205,0.0167,0.7931,0.1445,0.0624,0.9888,0.9393,0.8914,0.9702,0.9467,0.9034,1.0066,0.9661,0.9894,0.9862,0.9706,0.9454,0.9749,0.961,0.9378,1.0101,1.0009,0.9926,26.439,0.0,0.668,0.668,382.154,38.208,421.415
71,2026-05-15T04:53:46.020383+00:00,youtube,ISL,12.314,22.203,12.314,0.5011,0.4989,18.953,34.938,0.6483,0.3517,0.3625,0.5986,0,0.7534,0.1684,0.0783,0.212,0.2679,-0.04882,-0.13593,0,0.6762,0.2305,0.0933,0.686,0.2608,0.0186,0.04754,2,0.408,0.2427,0.3493,1.62,0.4148,0.06203,0.09837,2.518,21.471,0.7667,0.1605,0.0729,0.6847,0.2262,0.0891,0.4141,0.2368,0.3491,0.9109,0.0725,0.0167,0.9628,0.0205,0.0167,0.7931,0.1445,0.0624,0.9917,0.9381,0.8891,0.9692,0.9455,0.9012,1.0066,0.9634,0.9875,0.9862,0.9706,0.9454,0.9749,0.961,0.9378,1.0101,1.0009,0.9926,21.031,0.0,0.439,0.439,382.154,38.647,421.855
72,2026-05-15T04:53:52.044856+00:00,youtube,ISL,17.844,25.182,17.844,0.5046,0.4954,24.326,37.933,0.6093,0.3907,0.348,0.5991,2,0.7667,0.1605,0.0729,1.288,0.4673,0.05884,0.07543,1,0.6847,0.2262,0.0891,0.461,0.3375,-0.00392,-0.00781,2,0.4141,0.2368,0.3491,5.016,0.4148,0.40155,0.50906,6.765,31.091,0.777,0.1544,0.0686,0.6931,0.2222,0.0847,0.4239,0.233,0.3431,0.9109,0.0725,0.0167,0.9628,0.0205,0.0167,0.7931,0.1445,0.0624,0.9924,0.937,0.8877,0.9691,0.9457,0.8991,1.0067,0.9607,0.9795,0.9862,0.9706,0.9454,0.9749,0.961,0.9378,1.0101,1.0009,0.9926,26.411,0.0,4.68,4.68,382.154,43.327,426.535
73,2026-05-15T04:53:58.080020+00:00,youtube,GND,20.129,21.425,21.425,0.5066,0.4934,26.468,34.189,0.5636,0.4364,0.334,0.5995,0,0.9109,0.0725,0.0167,0.201,0.1882,-0.00492,-0.02146,0,0.9628,0.0205,0.0167,0.232,0.1439,0.00822,0.04385,0,0.7931,0.1445,0.0624,0.266,0.1,0.00661,0.04564,0.699,34.888,0.777,0.1544,0.0686,0.6931,0.2222,0.0847,0.4239,0.233,0.3431,0.9159,0.0674,0.0167,0.9648,0.0185,0.0167,0.8131,0.133,0.0539,0.9924,0.937,0.8877,0.9691,0.9457,0.8991,1.0067,0.9607,0.9795,0.9866,0.9697,0.9441,0.974,0.9598,0.9363,1.0092,1.0006,0.9918,28.563,7.721,0.111,6.325,389.875,43.438,432.86
74,2026-05-15T04:54:04.110666+00:00,youtube,GND,27.179,23.319,23.319,0.5074,0.4926,33.385,36.091,0.5195,0.4805,0.3205,0.5998,0,0.9159,0.0674,0.0167,0.261,0.1918,0.00107,0.00461,0,0.9648,0.0185,0.0167,0.181,0.1468,0.00314,0.01696,0,0.8131,0.133,0.0539,0.101,0.1,-0.00992,-0.07273,0.543,36.634,0.777,0.1544,0.0686,0.6931,0.2222,0.0847,0.4239,0.233,0.3431,0.9204,0.063,0.0167,0.9667,0.0167,0.0167,0.8373,0.1179,0.0448,0.9924,0.937,0.8877,0.9691,0.9457,0.8991,1.0067,0.9607,0.9795,0.9865,0.9688,0.9428,0.9737,0.9585,0.9348,1.0107,1.0003,0.9909,35.494,2.707,0.0,1.141,392.581,43.438,434.0
75,2026-05-15T04:54:10.115805+00:00,browsing,GND,30.839,29.21,29.21,0.5242,0.4758,37.017,42.07,0.5319,0.4681,0.3075,0.5999,0,0.9204,0.063,0.0167,0.33,0.2413,0.00801,0.03395,0,0.9667,0.0167,0.0167,0.564,0.1854,0.04143,0.20298,0,0.9544,0.029,0.0167,0.091,0.1029,-0.01093,-0.10332,0.985,43.055,0.777,0.1544,0.0686,0.6931,0.2222,0.0847,0.4119,0.2605,0.3277,0.9242,0.0591,0.0167,0.9667,0.0167,0.0167,0.9607,0.0226,0.0167,0.9924,0.937,0.8877,0.9691,0.9457,0.8991,0.9904,0.9488,0.9708,0.9858,0.9678,0.9413,0.97,0.9572,0.9331,1.0267,0.9978,0.9804,39.548,5.053,0.415,3.507,397.634,43.854,437.507
76,2026-05-15T04:54:16.152313+00:00,browsing,ISL,18.701,21.875,18.701,0.5241,0.4759,24.763,34.737,0.5838,0.4162,0.2952,0.6,0,0.777,0.1544,0.0686,0.613,0.3841,-0.00873,-0.023,0,0.6931,0.2222,0.0847,0.4,0.3691,-0.01004,-0.02663,0,0.4119,0.2605,0.3277,0.796,0.5,-0.02037,-0.03702,1.809,26.572,0.7874,0.1483,0.0643,0.7039,0.2161,0.08,0.4196,0.2548,0.3255,0.9242,0.0591,0.0167,0.9667,0.0167,0.0167,0.9607,0.0226,0.0167,0.9928,0.9352,0.884,0.9696,0.944,0.8959,0.9911,0.9451,0.9683,0.9858,0.9678,0.9413,0.97,0.9572,0.9331,1.0267,0.9978,0.9804,27.321,0.0,0.0,0.0,397.634,43.854,437.507
77,2026-05-15T04:54:22.174833+00:00,browsing,ISL,19.441,29.814,19.441,0.5254,0.4746,25.398,42.673,0.6269,0.3731,0.2835,0.5999,2,0.7874,0.1483,0.0643,2.313,0.6032,0.16126,0.19308,0,0.7039,0.2161,0.08,0.306,0.3803,-0.01937,-0.0521,1,0.4196,0.2548,0.3255,2.479,0.6667,0.14791,0.17233,5.098,30.496,0.7969,0.1428,0.0603,0.7152,0.2094,0.0754,0.4255,0.2503,0.3241,0.9242,0.0591,0.0167,0.9667,0.0167,0.0167,0.9607,0.0226,0.0167,0.9928,0.9333,0.8805,0.9707,0.9423,0.8927,0.9903,0.9419,0.9658,0.9858,0.9678,0.9413,0.97,0.9572,0.9331,1.0267,0.9978,0.9804,27.987,0.0,2.509,2.509,397.634,46.363,440.016
78,2026-05-15T04:54:28.209050+00:00,browsing,GND,29.052,26.139,26.139,0.5276,0.4724,34.912,38.994,0.5276,0.4724,0.2724,0.5998,0,0.9242,0.0591,0.0167,0.37,0.2532,0.01199,0.05038,0,0.9667,0.0167,0.0167,0.325,0.1952,0.01749,0.09059,0,0.9607,0.0226,0.0167,0.098,0.1029,-0.01022,-0.09646,0.793,39.787,0.7969,0.1428,0.0603,0.7152,0.2094,0.0754,0.4255,0.2503,0.3241,0.9277,0.0556,0.0167,0.9667,0.0167,0.0167,0.9656,0.0177,0.0167,0.9928,0.9333,0.8805,0.9707,0.9423,0.8927,0.9903,0.9419,0.9658,0.9849,0.9668,0.9397,0.9683,0.9559,0.9314,1.0287,0.9976,0.9794,37.536,4.082,0.22,2.25,401.717,46.583,442.267
79,2026-05-15T04:54:34.231947+00:00,browsing,GND,19.799,25.376,25.376,0.5276,0.4724,25.572,38.221,0.5991,0.4009,0.2621,0.5995,0,0.9277,0.0556,0.0167,0.098,0.2574,-0.01519,-0.06781,0,0.9667,0.0167,0.0167,0.09,0.1986,-0.00603,-0.03325,0,0.9656,0.0177,0.0167,0.059,0.1029,-0.01406,-0.13567,0.247,38.469,0.7969,0.1428,0.0603,0.7152,0.2094,0.0754,0.4255,0.2503,0.3241,0.9323,0.0511,0.0167,0.9667,0.0167,0.0167,0.9667,0.0167,0.0167,0.9928,0.9333,0.8805,0.9707,0.9423,0.8927,0.9903,0.9419,0.9658,0.9863,0.9658,0.9382,0.969,0.9545,0.9297,1.0316,0.9974,0.9783,28.235,12.65,0.0,10.233,414.366,46.583,452.5
80,2026-05-15T04:54:40.262551+00:00,browsing,ISL,25.002,29.514,25.002,0.5292,0.4708,30.695,42.346,0.5798,0.4202,0.2524,0.5991,0,0.7969,0.1428,0.0603,0.726,0.4429,0.00261,0.00677,0,0.7152,0.2094,0.0754,0.614,0.4194,0.01137,0.02936,1,0.4255,0.2503,0.3241,2.106,0.6667,0.11056,0.13122,3.445,34.141,0.8061,0.1374,0.0566,0.7242,0.2043,0.0715,0.4313,0.2462,0.3225,0.9323,0.0511,0.0167,0.9667,0.0167,0.0167,0.9667,0.0167,0.0167,0.9926,0.9315,0.8767,0.9701,0.9405,0.8894,0.9896,0.9394,0.9633,0.9863,0.9658,0.9382,0.969,0.9545,0.9297,1.0316,0.9974,0.9783,33.402,0.0,0.739,0.739,414.366,47.322,453.239
81,2026-05-15T04:54:46.284912+00:00,browsing,ISL,32.987,36.308,32.987,0.5302,0.4698,38.609,49.124,0.5599,0.4401,0.2435,0.5986,0,0.8061,0.1374,0.0566,0.51,0.4585,-0.01903,-0.05091,1,0.7242,0.2043,0.0715,0.88,0.4448,0.03801,0.07229,2,0.4313,0.2462,0.3225,2.367,0.5667,0.13672,0.18932,3.757,42.366,0.8161,0.1312,0.0527,0.7321,0.2,0.0678,0.438,0.2417,0.3203,0.9323,0.0511,0.0167,0.9667,0.0167,0.0167,0.9667,0.0167,0.0167,0.9937,0.9296,0.873,0.969,0.9391,0.8861,0.9888,0.9357,0.9599,0.9863,0.9658,0.9382,0.969,0.9545,0.9297,1.0316,0.9974,0.9783,41.36,0.0,1.006,1.006,414.366,48.328,454.245
82,2026-05-15T04:54:52.313520+00:00,browsing,GND,42.496,29.163,29.163,0.5307,0.4693,48.055,41.96,0.4661,0.5339,0.2354,0.598,0,0.9323,0.0511,0.0167,0.143,0.2699,-0.0107,-0.04732,0,0.9667,0.0167,0.0167,0.142,0.2095,-0.00079,-0.0043,0,0.9667,0.0167,0.0167,0.136,0.1029,-0.00639,-0.05945,0.421,42.381,0.8161,0.1312,0.0527,0.7321,0.2,0.0678,0.438,0.2417,0.3203,0.9363,0.0471,0.0167,0.9667,0.0167,0.0167,0.9667,0.0167,0.0167,0.9937,0.9296,0.873,0.969,0.9391,0.8861,0.9888,0.9357,0.9599,0.9872,0.9648,0.9366,0.969,0.9532,0.928,1.0328,0.9971,0.9772,42.537,0.0,0.0,0.0,414.366,48.328,454.245
83,2026-05-15T04:54:58.334518+00:00,browsing,ISL,38.327,33.601,38.327,0.53,0.47,43.83,46.375,0.5141,0.4859,0.2281,0.5973,1,0.8161,0.1312,0.0527,0.844,0.4992,0.0144,0.02478,1,0.7321,0.2,0.0678,0.726,0.4567,0.02261,0.04359,2,0.438,0.2417,0.3203,1.743,0.5667,0.07428,0.10706,3.313,47.143,0.8234,0.1272,0.0494,0.7393,0.1963,0.0644,0.444,0.2368,0.3192,0.9363,0.0471,0.0167,0.9667,0.0167,0.0167,0.9667,0.0167,0.0167,0.9928,0.9291,0.8691,0.9678,0.9382,0.8828,0.988,0.932,0.9578,0.9872,0.9648,0.9366,0.969,0.9532,0.928,1.0328,0.9971,0.9772,46.676,0.0,0.467,0.467,414.366,48.795,454.712
84,2026-05-15T04:55:04.351065+00:00,browsing,ISL,29.255,25.754,29.255,0.5299,0.4701,34.709,38.501,0.5259,0.4741,0.2216,0.5965,1,0.8234,0.1272,0.0494,1.484,0.5058,0.07842,0.12775,1,0.7393,0.1963,0.0644,1.736,0.4636,0.12363,0.21719,2,0.444,0.2368,0.3192,2.286,0.5667,0.1286,0.17812,5.507,40.216,0.8311,0.1224,0.0465,0.7483,0.1904,0.0613,0.4507,0.2323,0.317,0.9363,0.0471,0.0167,0.9667,0.0167,0.0167,0.9667,0.0167,0.0167,0.9919,0.9267,0.8652,0.9665,0.9343,0.8793,0.9872,0.9284,0.9546,0.9872,0.9648,0.9366,0.969,0.9532,0.928,1.0328,0.9971,0.9772,37.602,0.0,2.613,2.613,414.366,51.408,457.325
85,2026-05-15T04:55:10.387078+00:00,browsing,ISL,24.817,31.246,24.817,0.5299,0.4701,30.229,43.963,0.5926,0.4074,0.2159,0.5956,0,0.8311,0.1224,0.0465,0.595,0.5136,-0.01045,-0.02761,0,0.7483,0.1904,0.0613,0.678,0.4863,0.01777,0.04529,0,0.4507,0.2323,0.317,0.856,0.5,-0.01442,-0.02598,2.129,32.358,0.8398,0.117,0.0433,0.7563,0.1856,0.0581,0.4584,0.2271,0.3146,0.9363,0.0471,0.0167,0.9667,0.0167,0.0167,0.9667,0.0167,0.0167,0.9925,0.9246,0.8612,0.9656,0.9323,0.8759,0.9877,0.9247,0.9521,0.9872,0.9648,0.9366,0.969,0.9532,0.928,1.0328,0.9971,0.9772,33.168,0.0,0.0,0.0,414.366,51.408,457.325
86,2026-05-15T04:55:16.413280+00:00,browsing,ISL,20.261,21.952,20.261,0.5311,0.4689,25.638,34.635,0.5746,0.4254,0.2111,0.5945,0,0.8398,0.117,0.0433,0.798,0.5238,0.00985,0.02532,0,0.7563,0.1856,0.0581,1.09,0.4976,0.05903,0.14277,1,0.4584,0.2271,0.3146,2.451,0.6667,0.14514,0.16601,4.34,29.978,0.8473,0.1123,0.0405,0.7621,0.1824,0.0555,0.4645,0.2227,0.3128,0.9363,0.0471,0.0167,0.9667,0.0167,0.0167,0.9667,0.0167,0.0167,0.992,0.9224,0.8572,0.9629,0.9303,0.8724,0.9869,0.9216,0.9497,0.9872,0.9648,0.9366,0.969,0.9532,0.928,1.0328,0.9971,0.9772,28.618,0.0,1.36,1.36,414.366,52.768,458.685
87,2026-05-15T04:55:22.444223+00:00,browsing,ISL,10.89,26.297,10.89,0.5322,0.4678,16.238,38.944,0.7057,0.2943,0.2071,0.5934,0,0.8473,0.1123,0.0405,0.777,0.532,0.00767,0.01976,0,0.7621,0.1824,0.0555,0.489,0.5076,-0.00114,-0.00296,2,0.4645,0.2227,0.3128,1.353,0.5667,0.03535,0.05189,2.619,18.857,0.8546,0.1076,0.0378,0.771,0.1768,0.0523,0.4701,0.2178,0.3122,0.9363,0.0471,0.0167,0.9667,0.0167,0.0167,0.9667,0.0167,0.0167,0.9916,0.9201,0.8531,0.963,0.9282,0.8688,0.9862,0.918,0.9486,0.9872,0.9648,0.9366,0.969,0.9532,0.928,1.0328,0.9971,0.9772,19.255,0.0,0.0,0.0,414.366,52.768,458.685
88,2026-05-15T04:55:28.473846+00:00,browsing,ISL,33.219,33.454,33.219,0.5375,0.4625,38.545,46.062,0.5444,0.4556,0.204,0.5921,0,0.8546,0.1076,0.0378,1.618,0.538,0.09176,0.21343,0,0.771,0.1768,0.0523,1.069,0.5162,0.05687,0.13756,0,0.4701,0.2178,0.3122,1.27,0.5,0.02699,0.04676,3.956,42.502,0.8589,0.1051,0.036,0.7767,0.1734,0.0498,0.4763,0.2133,0.3105,0.9363,0.0471,0.0167,0.9667,0.0167,0.0167,0.9667,0.0167,0.0167,0.9877,0.9178,0.8489,0.9604,0.926,0.8652,0.9853,0.9144,0.9462,0.9872,0.9648,0.9366,0.969,0.9532,0.928,1.0328,0.9971,0.9772,41.593,0.0,0.909,0.909,414.366,53.677,459.594
89,2026-05-15T04:55:34.504673+00:00,browsing,ISL,17.141,21.602,17.141,0.5378,0.4622,22.452,34.166,0.6035,0.3965,0.2018,0.5908,0,0.8589,0.1051,0.036,0.646,0.5416,-0.00543,-0.01418,0,0.7767,0.1734,0.0498,0.545,0.5232,0.00455,0.01172,0,0.4763,0.2133,0.3105,1.19,0.5,0.019,0.03313,2.381,24.833,0.8663,0.1002,0.0335,0.7849,0.1681,0.047,0.4828,0.2087,0.3085,0.9363,0.0471,0.0167,0.9667,0.0167,0.0167,0.9667,0.0167,0.0167,0.988,0.9154,0.8447,0.9602,0.9238,0.8615,0.9846,0.9108,0.9438,0.9872,0.9648,0.9366,0.969,0.9532,0.928,1.0328,0.9971,0.9772,25.521,0.0,0.0,0.0,414.366,53.677,459.594
90,2026-05-15T04:55:40.528478+00:00,gaming,ISL,31.004,29.531,31.004,0.4894,0.5106,36.135,41.856,0.5367,0.4633,0.2004,0.5893,0,0.8663,0.1002,0.0335,0.678,0.3524,-0.00221,-0.00575,0,0.7849,0.1681,0.047,0.28,0.3433,-0.02202,-0.05885,0,0.5903,0.2331,0.1766,0.205,0.1111,-0.0795,-0.35625,1.163,37.298,0.8723,0.0963,0.0314,0.7933,0.1625,0.0442,0.6376,0.2104,0.152,0.9363,0.0471,0.0167,0.9667,0.0167,0.0167,0.9667,0.0167,0.0167,0.9881,0.9148,0.8435,0.9614,0.923,0.8601,1.0472,1.004,0.9868,0.9872,0.9648,0.9366,0.969,0.9532,0.928,1.0596,1.0078,0.9905,37.716,0.0,0.0,0.0,414.366,53.677,459.594
91,2026-05-15T04:55:46.550839+00:00,gaming,GND,11.471,21.409,21.409,0.4889,0.5111,16.6,33.687,0.6699,0.3301,0.2,0.5878,0,0.9363,0.0471,0.0167,0.172,0.19,-0.00778,-0.03419,0,0.9667,0.0167,0.0167,0.218,0.1535,0.00678,0.03611,0,0.9667,0.0167,0.0167,0.065,0.0229,-0.01354,-0.2912,0.455,34.141,0.8723,0.0963,0.0314,0.7933,0.1625,0.0442,0.6376,0.2104,0.152,0.9398,0.0436,0.0167,0.9667,0.0167,0.0167,0.9667,0.0167,0.0167,0.9881,0.9148,0.8435,0.9614,0.923,0.8601,1.0472,1.004,0.9868,0.9879,0.9641,0.9355,0.9683,0.9521,0.9267,1.0663,1.0086,0.9895,18.182,17.087,0.0,15.959,431.454,53.677,475.553
92,2026-05-15T04:55:52.579031+00:00,gaming,ISL,36.951,26.292,36.951,0.4914,0.5086,42.082,38.52,0.4779,0.5221,0.2004,0.5861,0,0.8723,0.0963,0.0314,0.325,0.3475,-0.03753,-0.10264,0,0.7933,0.1625,0.0442,0.748,0.3481,0.02481,0.06233,1,0.6376,0.2104,0.152,2.374,0.237,0.13744,0.20863,3.447,45.53,0.8795,0.0914,0.0291,0.799,0.1589,0.0421,0.6818,0.1871,0.1312,0.9398,0.0436,0.0167,0.9667,0.0167,0.0167,0.9667,0.0167,0.0167,0.9903,0.9142,0.8422,0.9602,0.922,0.8587,1.0541,1.0003,0.9844,0.9879,0.9641,0.9355,0.9683,0.9521,0.9267,1.0663,1.0086,0.9895,39.018,3.563,1.867,6.511,435.016,55.544,482.065
93,2026-05-15T04:55:58.601558+00:00,gaming,ISL,34.696,38.527,34.696,0.4906,0.5094,39.836,50.702,0.56,0.44,0.2018,0.5843,0,0.8795,0.0914,0.0291,0.43,0.3415,-0.02695,-0.07276,0,0.799,0.1589,0.0421,0.357,0.3476,-0.01427,-0.03772,0,0.6818,0.1871,0.1312,0.253,0.1111,-0.07473,-0.33644,1.041,40.876,0.886,0.0869,0.027,0.8066,0.1538,0.0397,0.723,0.166,0.111,0.9398,0.0436,0.0167,0.9667,0.0167,0.0167,0.9667,0.0167,0.0167,0.9918,0.9135,0.8409,0.9609,0.9211,0.8572,1.062,1.0008,0.982,0.9879,0.9641,0.9355,0.9683,0.9521,0.9267,1.0663,1.0086,0.9895,41.408,0.0,0.0,0.0,435.016,55.544,482.065
94,2026-05-15T04:56:04.624677+00:00,gaming,ISL,29.979,28.932,29.979,0.4912,0.5088,35.134,41.052,0.5388,0.4612,0.204,0.5824,0,0.886,0.0869,0.027,0.481,0.3333,-0.02188,-0.05871,0,0.8066,0.1538,0.0397,0.914,0.3452,0.04136,0.10174,1,0.723,0.166,0.111,1.558,0.237,0.05581,0.08992,2.953,38.087,0.8921,0.0828,0.0251,0.8113,0.1508,0.0379,0.7605,0.1457,0.0938,0.9398,0.0436,0.0167,0.9667,0.0167,0.0167,0.9667,0.0167,0.0167,0.993,0.9127,0.8395,0.959,0.9201,0.8557,1.069,0.9991,0.9797,0.9879,0.9641,0.9355,0.9683,0.9521,0.9267,1.0663,1.0086,0.9895,36.694,0.0,1.393,1.393,435.016,56.937,483.457
95,2026-05-15T04:56:10.662042+00:00,gaming,GND,20.554,25.553,25.553,0.4915,0.5085,25.729,37.615,0.5938,0.4062,0.2071,0.5805,0,0.9398,0.0436,0.0167,0.136,0.2012,-0.01145,-0.05079,0,0.9667,0.0167,0.0167,0.214,0.1667,0.00637,0.03396,1,0.9667,0.0167,0.0167,0.19,0.0571,-0.00096,-0.00682,0.54,38.154,0.8921,0.0828,0.0251,0.8113,0.1508,0.0379,0.7605,0.1457,0.0938,0.9432,0.0402,0.0167,0.9667,0.0167,0.0167,0.9667,0.0167,0.0167,0.993,0.9127,0.8395,0.959,0.9201,0.8557,1.069,0.9991,0.9797,0.989,0.9634,0.9344,0.9677,0.951,0.9253,1.0735,1.0087,0.9884,27.274,11.886,0.039,10.881,446.902,56.976,494.338
96,2026-05-15T04:56:16.685993+00:00,gaming,GND,17.207,29.391,29.391,0.4929,0.5071,22.409,41.392,0.6488,0.3512,0.2111,0.5784,0,0.9432,0.0402,0.0167,0.136,0.2034,-0.01135,-0.05041,0,0.9667,0.0167,0.0167,0.285,0.1697,0.01352,0.07059,0,0.9667,0.0167,0.0167,0.039,0.0229,-0.01607,-0.36281,0.461,41.853,0.8921,0.0828,0.0251,0.8113,0.1508,0.0379,0.7605,0.1457,0.0938,0.9463,0.037,0.0167,0.9667,0.0167,0.0167,0.9667,0.0167,0.0167,0.993,0.9127,0.8395,0.959,0.9201,0.8557,1.069,0.9991,0.9797,0.99,0.9627,0.9333,0.9663,0.9499,0.924,1.0822,1.0095,0.9874,23.934,18.984,0.0,17.919,465.886,56.976,512.257
97,2026-05-15T04:56:22.708908+00:00,gaming,ISL,30.686,28.77,30.686,0.4957,0.5043,35.921,40.709,0.5312,0.4688,0.2159,0.5762,0,0.8921,0.0828,0.0251,0.324,0.2978,-0.03758,-0.10333,0,0.8113,0.1508,0.0379,0.563,0.3269,0.00627,0.0161,0,0.7605,0.1457,0.0938,0.1,0.1111,-0.09003,-0.43064,0.987,36.908,0.8984,0.0783,0.0232,0.8176,0.1466,0.0359,0.7993,0.1244,0.0763,0.9463,0.037,0.0167,0.9667,0.0167,0.0167,0.9667,0.0167,0.0167,0.9952,0.9119,0.8381,0.9587,0.919,0.8542,1.0796,0.9996,0.9773,0.99,0.9627,0.9333,0.9663,0.9499,0.924,1.0822,1.0095,0.9874,37.425,0.0,0.0,0.0,465.886,56.976,512.257
98,2026-05-15T04:56:28.730906+00:00,gaming,GND,18.943,21.815,21.815,0.4958,0.5042,24.217,33.69,0.5818,0.4182,0.2216,0.5739,0,0.9463,0.037,0.0167,0.15,0.2071,-0.00998,-0.04422,0,0.9667,0.0167,0.0167,0.192,0.1752,0.00422,0.02259,0,0.9667,0.0167,0.0167,0.027,0.0229,-0.01727,-0.4004,0.37,34.06,0.8984,0.0783,0.0232,0.8176,0.1466,0.0359,0.7993,0.1244,0.0763,0.9492,0.0341,0.0167,0.9667,0.0167,0.0167,0.9667,0.0167,0.0167,0.9952,0.9119,0.8381,0.9587,0.919,0.8542,1.0796,0.9996,0.9773,0.9909,0.962,0.9322,0.9658,0.9489,0.9226,1.0919,1.0103,0.9863,25.696,9.473,0.0,8.363,475.359,56.976,520.621
99,2026-05-15T04:56:34.756098+00:00,gaming,GND,19.245,29.729,29.729,0.4971,0.5029,24.565,41.537,0.6284,0.3716,0.2281,0.5716,0,0.9492,0.0341,0.0167,0.217,0.2085,-0.00335,-0.01463,0,0.9667,0.0167,0.0167,0.131,0.1777,-0.00185,-0.01007,0,0.9667,0.0167,0.0167,0.063,0.0229,-0.01374,-0.30676,0.411,41.947,0.8984,0.0783,0.0232,0.8176,0.1466,0.0359,0.7993,0.1244,0.0763,0.9517,0.0317,0.0167,0.9667,0.0167,0.0167,0.9667,0.0167,0.0167,0.9952,0.9119,0.8381,0.9587,0.919,0.8542,1.0796,0.9996,0.9773,0.9912,0.9613,0.931,0.966,0.9478,0.9212,1.099,1.0111,0.9853,26.02,16.972,0.0,15.927,492.33,56.976,536.548
100,2026-05-15T04:56:40.784415+00:00,gaming,GND,29.198,26.212,26.212,0.4994,0.5006,34.571,37.951,0.5233,0.4767,0.2354,0.5691,0,0.9517,0.0317,0.0167,0.29,0.2096,0.004,0.01719,0,0.9667,0.0167,0.0167,0.169,0.18,0.00192,0.01033,0,0.9667,0.0167,0.0167,0.045,0.0229,-0.01547,-0.35633,0.505,38.456,0.8984,0.0783,0.0232,0.8176,0.1466,0.0359,0.7993,0.1244,0.0763,0.9538,0.0296,0.0167,0.9667,0.0167,0.0167,0.9667,0.0167,0.0167,0.9952,0.9119,0.8381,0.9587,0.919,0.8542,1.0796,0.9996,0.9773,0.9909,0.9606,0.9299,0.9658,0.9467,0.9198,1.1075,1.0119,0.9842,36.0,3.38,0.002,2.455,495.711,56.977,539.004
101,2026-05-15T04:56:46.806078+00:00,gaming,ISL,15.607,25.345,15.607,0.4994,0.5006,21.038,37.014,0.6376,0.3624,0.2435,0.5665,0,0.8984,0.0783,0.0232,1.387,0.2367,0.06873,0.16467,2,0.8176,0.1466,0.0359,0.831,0.3592,0.03306,0.0455,1,0.7993,0.1244,0.0763,0.86,0.237,-0.01397,-0.02387,3.078,24.116,0.9016,0.0763,0.0221,0.8237,0.1423,0.034,0.8289,0.108,0.0632,0.9538,0.0296,0.0167,0.9667,0.0167,0.0167,0.9667,0.0167,0.0167,0.9921,0.9108,0.8365,0.9584,0.9178,0.8533,1.0868,1.0001,0.975,0.9909,0.9606,0.9299,0.9658,0.9467,0.9198,1.1075,1.0119,0.9842,22.442,0.0,1.674,1.674,495.711,58.651,540.677
102,2026-05-15T04:56:52.815563+00:00,gaming,GND,18.962,25.035,25.035,0.5022,0.4978,24.46,36.632,0.5996,0.4004,0.2524,0.5638,0,0.9538,0.0296,0.0167,0.361,0.2111,0.01111,0.04698,0,0.9667,0.0167,0.0167,0.125,0.184,-0.00247,-0.01347,0,0.9667,0.0167,0.0167,0.07,0.0229,-0.01304,-0.29353,0.556,37.187,0.9016,0.0763,0.0221,0.8237,0.1423,0.034,0.8289,0.108,0.0632,0.9556,0.0278,0.0167,0.9667,0.0167,0.0167,0.9667,0.0167,0.0167,0.9921,0.9108,0.8365,0.9584,0.9178,0.8533,1.0868,1.0001,0.975,0.9899,0.9599,0.9287,0.9661,0.9456,0.9184,1.1143,1.0126,0.9832,25.84,12.172,0.052,11.348,507.883,58.703,552.025
103,2026-05-15T04:56:58.841887+00:00,gaming,GND,29.885,29.007,29.007,0.5039,0.4961,35.457,40.53,0.5334,0.4666,0.2621,0.5611,0,0.9556,0.0278,0.0167,0.22,0.2114,-0.003,-0.01308,0,0.9667,0.0167,0.0167,0.184,0.1857,0.00345,0.01846,0,0.9667,0.0167,0.0167,0.078,0.0229,-0.01224,-0.27452,0.482,41.012,0.9016,0.0763,0.0221,0.8237,0.1423,0.034,0.8289,0.108,0.0632,0.9576,0.0258,0.0167,0.9667,0.0167,0.0167,0.9667,0.0167,0.0167,0.9921,0.9108,0.8365,0.9584,0.9178,0.8533,1.0868,1.0001,0.975,0.9902,0.9593,0.9276,0.9657,0.9446,0.9171,1.1205,1.0134,0.9821,36.813,5.074,0.0,4.199,512.956,58.703,556.224
104,2026-05-15T04:57:04.862101+00:00,gaming,ISL,22.073,26.448,22.073,0.5042,0.4958,27.726,37.895,0.5775,0.4225,0.2724,0.5582,0,0.9016,0.0763,0.0221,0.19,0.1936,-0.05096,-0.14285,1,0.8237,0.1423,0.034,0.395,0.36,-0.01046,-0.02037,0,0.8289,0.108,0.0632,0.277,0.1111,-0.0723,-0.33535,0.863,28.589,0.908,0.0717,0.0203,0.829,0.1389,0.0321,0.8558,0.0925,0.0516,0.9576,0.0258,0.0167,0.9667,0.0167,0.0167,0.9667,0.0167,0.0167,0.9952,0.9098,0.8349,0.9584,0.9182,0.8516,1.0947,1.0006,0.9727,0.9902,0.9593,0.9276,0.9657,0.9446,0.9171,1.1205,1.0134,0.9821,29.061,0.0,0.0,0.0,512.956,58.703,556.224
105,2026-05-15T04:57:10.894555+00:00,youtube,GND,13.995,27.825,27.825,0.5073,0.4927,19.864,39.294,0.6642,0.3358,0.2835,0.5553,0,0.9576,0.0258,0.0167,0.272,0.2797,0.00222,0.00957,1,0.9667,0.0167,0.0167,0.669,0.2774,0.05194,0.15801,1,0.8373,0.1179,0.0448,0.287,0.15,0.0087,0.03976,1.229,40.522,0.908,0.0717,0.0203,0.829,0.1389,0.0321,0.4239,0.233,0.3431,0.9594,0.024,0.0167,0.9667,0.0167,0.0167,0.8577,0.1047,0.0375,0.9952,0.9098,0.8349,0.9584,0.9182,0.8516,1.0067,0.9607,0.9795,0.99,0.9584,0.9261,0.9652,0.9416,0.9154,1.0114,0.9995,0.9901,22.041,19.43,0.617,18.481,532.386,59.32,574.705
106,2026-05-15T04:57:16.919133+00:00,youtube,ISL,21.282,29.921,21.282,0.511,0.489,27.254,41.311,0.6025,0.3975,0.2952,0.5523,0,0.908,0.0717,0.0203,0.914,0.2858,0.02142,0.05439,0,0.829,0.1389,0.0321,0.217,0.3251,-0.02828,-0.07611,0,0.4239,0.233,0.3431,0.602,0.3889,-0.03983,-0.07503,1.733,28.987,0.9124,0.0686,0.019,0.8372,0.1329,0.0299,0.4312,0.2262,0.3426,0.9594,0.024,0.0167,0.9667,0.0167,0.0167,0.8577,0.1047,0.0375,0.9941,0.9074,0.8315,0.9599,0.916,0.8485,1.0083,0.958,0.9787,0.99,0.9584,0.9261,0.9652,0.9416,0.9154,1.0114,0.9995,0.9901,29.408,0.0,0.0,0.0,532.386,59.32,574.705
107,2026-05-15T04:57:22.951650+00:00,youtube,GND,31.842,40.904,40.904,0.5127,0.4873,37.926,52.213,0.5792,0.4208,0.3075,0.5491,0,0.9594,0.024,0.0167,0.198,0.2782,-0.0052,-0.02278,0,0.9667,0.0167,0.0167,0.259,0.2439,0.01089,0.05711,0,0.8577,0.1047,0.0375,0.255,0.1,0.0055,0.03817,0.712,52.925,0.9124,0.0686,0.019,0.8372,0.1329,0.0299,0.4312,0.2262,0.3426,0.9612,0.0222,0.0167,0.9667,0.0167,0.0167,0.8726,0.0953,0.0321,0.9941,0.9074,0.8315,0.9599,0.916,0.8485,1.0083,0.958,0.9787,0.9905,0.9576,0.9247,0.9641,0.9405,0.9138,1.0107,0.9992,0.9892,40.059,14.287,0.1,12.865,546.673,59.421,587.57
108,2026-05-15T04:57:28.979734+00:00,youtube,ISL,44.042,36.382,44.042,0.5136,0.4864,50.248,47.609,0.4865,0.5135,0.3205,0.5459,0,0.9124,0.0686,0.019,0.192,0.2716,-0.05076,-0.14256,0,0.8372,0.1329,0.0299,0.241,0.3005,-0.02588,-0.06955,0,0.4312,0.2262,0.3426,1.763,0.3889,0.07634,0.12946,2.197,52.445,0.9186,0.0641,0.0173,0.8449,0.1272,0.0279,0.4341,0.2212,0.3447,0.9612,0.0222,0.0167,0.9667,0.0167,0.0167,0.8726,0.0953,0.0321,0.9972,0.9051,0.8281,0.9614,0.9138,0.8454,1.0058,0.9553,0.9779,0.9905,0.9576,0.9247,0.9641,0.9405,0.9138,1.0107,0.9992,0.9892,48.221,2.639,0.08,4.224,549.311,59.501,591.794
109,2026-05-15T04:57:35.005974+00:00,youtube,ISL,7.81,22.835,7.81,0.5132,0.4868,14.148,33.98,0.706,0.294,0.334,0.5426,0,0.9186,0.0641,0.0173,0.385,0.2679,-0.03151,-0.08624,0,0.8449,0.1272,0.0279,0.251,0.2898,-0.02485,-0.06678,1,0.4341,0.2212,0.3447,1.711,0.5704,0.07111,0.07996,2.348,16.496,0.9231,0.0602,0.0167,0.8524,0.1217,0.026,0.4393,0.2158,0.3449,0.9612,0.0222,0.0167,0.9667,0.0167,0.0167,0.8726,0.0953,0.0321,0.999,0.9029,0.8247,0.9628,0.9117,0.8424,1.0059,0.9538,0.9771,0.9905,0.9576,0.9247,0.9641,0.9405,0.9138,1.0107,0.9992,0.9892,16.252,0.0,0.244,0.244,549.311,59.745,592.038
110,2026-05-15T04:57:41.040670+00:00,youtube,GND,20.212,29.153,29.153,0.5203,0.4797,26.695,40.215,0.601,0.399,0.348,0.5392,0,0.9612,0.0222,0.0167,0.348,0.2739,0.00978,0.04149,0,0.9667,0.0167,0.0167,0.277,0.245,0.01274,0.06643,0,0.8726,0.0953,0.0321,0.106,0.1,-0.00939,-0.06883,0.731,40.946,0.9231,0.0602,0.0167,0.8524,0.1217,0.026,0.4393,0.2158,0.3449,0.9626,0.0207,0.0167,0.9667,0.0167,0.0167,0.8898,0.0837,0.0264,0.999,0.9029,0.8247,0.9628,0.9117,0.8424,1.0059,0.9538,0.9771,0.9897,0.9568,0.9232,0.9628,0.9393,0.9122,1.0121,0.9989,0.9884,28.789,13.52,0.12,12.157,562.831,59.865,604.195
111,2026-05-15T04:57:47.062735+00:00,youtube,GND,20.718,25.455,25.455,0.522,0.478,27.357,36.433,0.5711,0.4289,0.3625,0.5358,0,0.9626,0.0207,0.0167,0.196,0.272,-0.00539,-0.02361,0,0.9667,0.0167,0.0167,0.131,0.2449,-0.00195,-0.01055,0,0.8898,0.0837,0.0264,0.139,0.1,-0.00608,-0.0441,0.466,36.899,0.9231,0.0602,0.0167,0.8524,0.1217,0.026,0.4393,0.2158,0.3449,0.9642,0.0192,0.0167,0.9667,0.0167,0.0167,0.9042,0.0739,0.0219,0.999,0.9029,0.8247,0.9628,0.9117,0.8424,1.0059,0.9538,0.9771,0.9901,0.956,0.9218,0.963,0.9382,0.9105,1.013,0.9986,0.9875,29.446,9.076,0.0,7.453,571.907,59.865,611.648
112,2026-05-15T04:57:53.086828+00:00,youtube,ISL,16.067,28.98,16.067,0.5232,0.4768,22.875,39.873,0.6354,0.3646,0.3775,0.5322,0,0.9231,0.0602,0.0167,0.341,0.2716,-0.03586,-0.09896,0,0.8524,0.1217,0.026,0.241,0.2665,-0.02594,-0.06991,2,0.4393,0.2158,0.3449,0.661,0.4148,-0.03386,-0.05751,1.243,24.118,0.9269,0.0565,0.0167,0.8595,0.1163,0.0242,0.4436,0.2094,0.347,0.9642,0.0192,0.0167,0.9667,0.0167,0.0167,0.9042,0.0739,0.0219,1.001,0.9008,0.8214,0.9642,0.9096,0.8394,1.0059,0.9511,0.9783,0.9901,0.956,0.9218,0.963,0.9382,0.9105,1.013,0.9986,0.9875,24.962,0.0,0.0,0.0,571.907,59.865,611.648
113,2026-05-15T04:57:59.117115+00:00,youtube,GND,30.803,30.208,30.208,0.526,0.474,37.793,41.016,0.5204,0.4796,0.3928,0.5286,0,0.9642,0.0192,0.0167,0.168,0.2673,-0.00824,-0.03638,0,0.9667,0.0167,0.0167,0.132,0.2439,-0.00182,-0.00987,0,0.9042,0.0739,0.0219,0.386,0.1,0.01858,0.12347,0.685,41.701,0.9269,0.0565,0.0167,0.8595,0.1163,0.0242,0.4436,0.2094,0.347,0.9657,0.0176,0.0167,0.9667,0.0167,0.0167,0.9124,0.0686,0.019,1.001,0.9008,0.8214,0.9642,0.9096,0.8394,1.0059,0.9511,0.9783,0.9909,0.9552,0.9203,0.9632,0.937,0.9089,1.0107,0.9983,0.9867,39.883,3.222,0.075,1.818,575.129,59.941,613.466
114,2026-05-15T04:58:05.146485+00:00,youtube,ISL,22.322,25.645,22.322,0.5262,0.4738,29.51,36.367,0.552,0.448,0.4085,0.5249,0,0.9269,0.0565,0.0167,0.91,0.2858,0.02101,0.05369,0,0.8595,0.1163,0.0242,0.701,0.2598,0.02008,0.05091,0,0.4436,0.2094,0.347,0.906,0.3889,-0.00936,-0.01709,2.517,32.028,0.9294,0.0539,0.0167,0.8645,0.1127,0.0228,0.4494,0.2035,0.3471,0.9657,0.0176,0.0167,0.9667,0.0167,0.0167,0.9124,0.0686,0.019,1.0,0.8989,0.8181,0.9632,0.9077,0.8364,1.0063,0.9485,0.9775,0.9909,0.9552,0.9203,0.9632,0.937,0.9089,1.0107,0.9983,0.9867,31.605,0.0,0.422,0.422,575.129,60.363,613.889
115,2026-05-15T04:58:11.176441+00:00,youtube,GND,28.865,25.877,25.877,0.527,0.473,36.266,36.513,0.5017,0.4983,0.4246,0.5211,1,0.9657,0.0176,0.0167,0.266,0.276,0.0016,0.00467,0,0.9667,0.0167,0.0167,0.15,0.2421,0.0,2e-05,0,0.9124,0.0686,0.019,0.156,0.1,-0.00443,-0.03185,0.572,37.084,0.9294,0.0539,0.0167,0.8645,0.1127,0.0228,0.4494,0.2035,0.3471,0.9667,0.0167,0.0167,0.9667,0.0167,0.0167,0.9228,0.0606,0.0167,1.0,0.8989,0.8181,0.9632,0.9077,0.8364,1.0063,0.9485,0.9775,0.9908,0.9551,0.9188,0.9632,0.9359,0.9073,1.0113,0.998,0.9858,37.121,0.247,0.0,0.0,575.376,60.363,613.889
116,2026-05-15T04:58:17.206573+00:00,youtube,ISL,16.3,25.797,16.3,0.5268,0.4732,23.932,36.346,0.603,0.397,0.4409,0.5173,0,0.9294,0.0539,0.0167,0.329,0.3079,-0.0371,-0.10269,0,0.8645,0.1127,0.0228,0.591,0.2608,0.00912,0.02344,2,0.4494,0.2035,0.3471,0.693,0.4148,-0.03068,-0.05199,1.613,25.545,0.9328,0.0506,0.0167,0.8697,0.1089,0.0214,0.4537,0.1973,0.349,0.9667,0.0167,0.0167,0.9667,0.0167,0.0167,0.9228,0.0606,0.0167,1.0022,0.8971,0.8149,0.9627,0.9059,0.8335,1.0063,0.9459,0.9785,0.9908,0.9551,0.9188,0.9632,0.9359,0.9073,1.0113,0.998,0.9858,26.05,0.0,0.0,0.0,575.376,60.363,613.889
117,2026-05-15T04:58:23.235676+00:00,youtube,GND,20.29,25.243,25.243,0.5291,0.4709,28.171,35.706,0.559,0.441,0.4574,0.5134,0,0.9667,0.0167,0.0167,0.366,0.2553,0.01161,0.04904,0,0.9667,0.0167,0.0167,0.177,0.2393,0.00267,0.01429,0,0.9228,0.0606,0.0167,0.136,0.1,-0.00643,-0.04666,0.678,36.384,0.9328,0.0506,0.0167,0.8697,0.1089,0.0214,0.4537,0.1973,0.349,0.9667,0.0167,0.0167,0.9667,0.0167,0.0167,0.9303,0.053,0.0167,1.0022,0.8971,0.8149,0.9627,0.9059,0.8335,1.0063,0.9459,0.9785,0.9898,0.9544,0.9174,0.963,0.9347,0.9056,1.0123,0.9977,0.985,30.306,7.535,0.071,6.078,582.911,60.434,619.966
118,2026-05-15T04:58:29.265390+00:00,youtube,ISL,30.928,28.906,30.928,0.5302,0.4698,39.078,39.281,0.5013,0.4987,0.4742,0.5094,1,0.9328,0.0506,0.0167,2.459,0.4608,0.17586,0.25798,2,0.8697,0.1089,0.0214,1.34,0.5357,0.08402,0.10909,1,0.4537,0.1973,0.349,2.051,0.5704,0.10507,0.11483,5.85,44.927,0.936,0.0474,0.0167,0.8748,0.1051,0.0201,0.459,0.192,0.349,0.9667,0.0167,0.0167,0.9667,0.0167,0.0167,0.9303,0.053,0.0167,1.0025,0.8926,0.8118,0.9626,0.9042,0.8314,1.0064,0.9437,0.9777,0.9898,0.9544,0.9174,0.963,0.9347,0.9056,1.0123,0.9977,0.985,39.888,0.0,3.693,5.039,582.911,64.128,625.005
119,2026-05-15T04:58:35.295294+00:00,youtube,ISL,35.808,21.24,35.808,0.5301,0.4699,44.247,31.529,0.4161,0.5839,0.491,0.5053,0,0.936,0.0474,0.0167,0.569,0.351,-0.01308,-0.03505,0,0.8748,0.1051,0.0201,0.66,0.2764,0.01604,0.04081,0,0.459,0.192,0.349,0.879,0.3889,-0.01209,-0.02215,2.109,46.356,0.9386,0.0448,0.0167,0.8793,0.1017,0.019,0.4648,0.1864,0.3488,0.9667,0.0167,0.0167,0.9667,0.0167,0.0167,0.9303,0.053,0.0167,1.0032,0.891,0.8088,0.9618,0.9026,0.8286,1.0068,0.941,0.9769,0.9898,0.9544,0.9174,0.963,0.9347,0.9056,1.0123,0.9977,0.985,32.135,12.718,0.0,14.221,595.629,64.128,639.227
120,2026-05-15T04:58:41.321966+00:00,mixed,ISL,33.861,40.821,33.861,0.5,0.5,42.711,51.049,0.5445,0.4555,0.508,0.5011,0,0.9386,0.0448,0.0167,0.399,0.4048,-0.03006,-0.08262,0,0.8793,0.1017,0.019,0.357,0.322,-0.01431,-0.03789,1,0.3333,0.3333,0.3333,2.78,0.6519,0.17799,0.19693,3.536,46.247,0.9414,0.042,0.0167,0.8849,0.0975,0.0176,0.3357,0.3295,0.3348,0.9667,0.0167,0.0167,0.9667,0.0167,0.0167,0.3333,0.3333,0.3333,1.0049,0.8892,0.805,0.9625,0.9007,0.8253,0.9984,0.9964,0.9977,0.9898,0.9544,0.9174,0.963,0.9347,0.9056,1.0,1.0,1.0,45.609,0.0,0.638,0.638,595.629,64.766,639.865
121,2026-05-15T04:58:47.351403+00:00,mixed,ISL,36.115,29.974,36.115,0.5004,0.4996,45.311,40.115,0.4696,0.5304,0.525,0.4969,0,0.9414,0.042,0.0167,0.386,0.4204,-0.03138,-0.08658,0,0.8849,0.0975,0.0176,0.399,0.332,-0.01012,-0.02667,0,0.3357,0.3295,0.3348,1.596,0.5333,0.05956,0.0853,2.381,47.691,0.944,0.0393,0.0167,0.8899,0.0935,0.0167,0.3381,0.3255,0.3364,0.9667,0.0167,0.0167,0.9667,0.0167,0.0167,0.3333,0.3333,0.3333,1.0067,0.8874,0.8013,0.9631,0.8989,0.822,0.9967,0.9926,0.9954,0.9898,0.9544,0.9174,0.963,0.9347,0.9056,1.0,1.0,1.0,40.702,5.196,0.0,6.989,600.824,64.766,646.854
122,2026-05-15T04:58:53.382088+00:00,mixed,ISL,11.85,21.746,11.85,0.4999,0.5001,21.42,31.8,0.5975,0.4025,0.542,0.4927,0,0.944,0.0393,0.0167,0.404,0.4357,-0.02962,-0.08164,0,0.8899,0.0935,0.0167,0.467,0.3433,-0.00333,-0.00869,0,0.3381,0.3255,0.3364,1.954,0.5333,0.09535,0.13296,2.824,24.244,0.9465,0.0369,0.0167,0.8936,0.0897,0.0167,0.3398,0.3219,0.3383,0.9667,0.0167,0.0167,0.9667,0.0167,0.0167,0.3333,0.3333,0.3333,1.0084,0.8857,0.7977,0.9632,0.8971,0.8188,0.9942,0.9888,0.9931,0.9898,0.9544,0.9174,0.963,0.9347,0.9056,1.0,1.0,1.0,24.386,0.0,0.0,0.0,600.824,64.766,646.854
123,2026-05-15T04:58:59.413892+00:00,mixed,GND,22.305,25.982,25.982,0.5029,0.4971,32.279,35.949,0.5269,0.4731,0.559,0.4883,0,0.9667,0.0167,0.0167,0.411,0.2553,0.01606,0.06715,0,0.9667,0.0167,0.0167,0.377,0.2439,0.0227,0.11524,1,0.3333,0.3333,0.3333,0.341,0.1714,0.01415,0.06386,1.129,37.078,0.9465,0.0369,0.0167,0.8936,0.0897,0.0167,0.3398,0.3219,0.3383,0.9667,0.0167,0.0167,0.9667,0.0167,0.0167,0.3912,0.3141,0.2947,1.0084,0.8857,0.7977,0.9632,0.8971,0.8188,0.9942,0.9888,0.9931,0.9885,0.9536,0.9158,0.9608,0.9336,0.9039,1.0013,0.9988,0.999,35.282,3.67,0.544,1.796,604.494,65.309,648.65
124,2026-05-15T04:59:05.442578+00:00,mixed,ISL,29.315,26.157,29.315,0.5034,0.4966,39.727,36.038,0.4757,0.5243,0.5758,0.484,0,0.9465,0.0369,0.0167,0.681,0.4635,-0.00188,-0.005,0,0.8936,0.0897,0.0167,1.28,0.3687,0.07798,0.18407,2,0.3398,0.3219,0.3383,1.285,0.5333,0.02853,0.04159,3.246,42.974,0.9484,0.0349,0.0167,0.8954,0.088,0.0167,0.3415,0.3174,0.341,0.9667,0.0167,0.0167,0.9667,0.0167,0.0167,0.3912,0.3141,0.2947,1.0085,0.8841,0.7943,0.9599,0.8955,0.8157,0.9926,0.985,0.9923,0.9885,0.9536,0.9158,0.9608,0.9336,0.9039,1.0013,0.9988,0.999,36.622,3.69,0.206,6.352,608.184,65.515,655.001
125,2026-05-15T04:59:11.471629+00:00,mixed,GND,15.558,25.233,25.233,0.5031,0.4969,26.444,35.027,0.5698,0.4302,0.5926,0.4795,0,0.9667,0.0167,0.0167,0.482,0.247,0.02318,0.09537,0,0.9667,0.0167,0.0167,0.107,0.2381,-0.00428,-0.02329,0,0.3912,0.3141,0.2947,0.155,0.0971,-0.00454,-0.03818,0.744,35.771,0.9484,0.0349,0.0167,0.8954,0.088,0.0167,0.3415,0.3174,0.341,0.9667,0.0167,0.0167,0.9667,0.0167,0.0167,0.4483,0.2949,0.2568,1.0085,0.8841,0.7943,0.9599,0.8955,0.8157,0.9926,0.985,0.9923,0.9867,0.9528,0.9143,0.9612,0.9325,0.9022,1.0021,0.9984,0.9979,29.522,8.583,0.16,6.249,616.767,65.676,661.251
126,2026-05-15T04:59:17.487615+00:00,mixed,ISL,20.113,25.259,20.113,0.5049,0.4951,31.513,34.967,0.526,0.474,0.6091,0.475,0,0.9484,0.0349,0.0167,1.167,0.4857,0.04666,0.11624,0,0.8954,0.088,0.0167,0.568,0.3963,0.00682,0.01751,2,0.3415,0.3174,0.341,1.217,0.5333,0.02174,0.03183,2.952,34.465,0.9498,0.0336,0.0167,0.8986,0.0848,0.0167,0.3432,0.3128,0.344,0.9667,0.0167,0.0167,0.9667,0.0167,0.0167,0.4483,0.2949,0.2568,1.0063,0.8826,0.791,0.9595,0.8939,0.8127,0.991,0.9813,0.9917,0.9867,0.9528,0.9143,0.9612,0.9325,0.9022,1.0021,0.9984,0.9979,34.626,0.0,0.0,0.0,616.767,65.676,661.251
127,2026-05-15T04:59:23.523943+00:00,mixed,GND,30.669,28.897,28.897,0.5057,0.4943,42.625,38.52,0.4747,0.5253,0.6254,0.4704,0,0.9667,0.0167,0.0167,0.254,0.2387,0.00037,0.00159,0,0.9667,0.0167,0.0167,0.089,0.2318,-0.00608,-0.03331,0,0.4483,0.2949,0.2568,0.126,0.0971,-0.00736,-0.06272,0.469,38.989,0.9498,0.0336,0.0167,0.8986,0.0848,0.0167,0.3432,0.3128,0.344,0.9667,0.0167,0.0167,0.9667,0.0167,0.0167,0.5091,0.2715,0.2194,1.0063,0.8826,0.791,0.9595,0.8939,0.8127,0.991,0.9813,0.9917,0.9867,0.952,0.9128,0.9619,0.9313,0.9005,1.0034,0.9981,0.9969,39.101,0.0,0.0,0.0,616.767,65.676,661.251
128,2026-05-15T04:59:29.554339+00:00,mixed,GND,10.113,21.177,21.177,0.5054,0.4946,22.671,30.715,0.5753,0.4247,0.6415,0.4658,0,0.9667,0.0167,0.0167,0.137,0.2345,-0.01132,-0.05015,0,0.9667,0.0167,0.0167,0.215,0.2284,0.00647,0.03423,2,0.5091,0.2715,0.2194,0.255,0.2449,0.00553,0.01786,0.607,31.322,0.9498,0.0336,0.0167,0.8986,0.0848,0.0167,0.3432,0.3128,0.344,0.9667,0.0167,0.0167,0.9667,0.0167,0.0167,0.569,0.2457,0.1853,1.0063,0.8826,0.791,0.9595,0.8939,0.8127,0.991,0.9813,0.9917,0.9877,0.9512,0.9113,0.9613,0.9302,0.8989,1.0047,0.9978,0.9966,25.848,8.044,0.027,5.475,624.811,65.702,666.725
129,2026-05-15T04:59:35.567220+00:00,mixed,GND,25.496,29.195,29.195,0.5084,0.4916,38.705,38.649,0.4996,0.5004,0.6572,0.4612,0,0.9667,0.0167,0.0167,0.364,0.2304,0.01138,0.04795,0,0.9667,0.0167,0.0167,0.088,0.2249,-0.00616,-0.03376,2,0.569,0.2457,0.1853,0.51,0.2449,0.03104,0.09611,0.963,39.612,0.9498,0.0336,0.0167,0.8986,0.0848,0.0167,0.3432,0.3128,0.344,0.9667,0.0167,0.0167,0.9667,0.0167,0.0167,0.628,0.2194,0.1526,1.0063,0.8826,0.791,0.9595,0.8939,0.8127,0.991,0.9813,0.9917,0.9868,0.9505,0.9098,0.9619,0.9291,0.8972,1.006,0.9974,0.9947,39.228,0.0,0.383,0.383,624.811,66.086,667.109
130,2026-05-15T04:59:41.587904+00:00,mixed,GND,28.942,25.951,25.951,0.5086,0.4914,42.857,35.322,0.4518,0.5482,0.6725,0.4564,0,0.9667,0.0167,0.0167,0.149,0.2263,-0.0101,-0.04461,0,0.9667,0.0167,0.0167,0.193,0.2214,0.00434,0.02312,0,0.628,0.2194,0.1526,0.069,0.0971,-0.01309,-0.11505,0.412,35.734,0.9498,0.0336,0.0167,0.8986,0.0848,0.0167,0.3432,0.3128,0.344,0.9667,0.0167,0.0167,0.9667,0.0167,0.0167,0.6876,0.1898,0.1225,1.0063,0.8826,0.791,0.9595,0.8939,0.8127,0.991,0.9813,0.9917,0.9877,0.9497,0.9084,0.9615,0.9279,0.8955,1.0084,0.9971,0.9937,35.9,0.0,0.0,0.0,624.811,66.086,667.109
131,2026-05-15T04:59:47.615710+00:00,mixed,GND,16.207,25.768,25.768,0.5081,0.4919,30.886,35.057,0.5316,0.4684,0.6875,0.4517,0,0.9667,0.0167,0.0167,0.379,0.2223,0.01293,0.05432,0,0.9667,0.0167,0.0167,0.23,0.2178,0.008,0.04215,0,0.6876,0.1898,0.1225,0.067,0.0971,-0.01329,-0.11725,0.676,35.733,0.9498,0.0336,0.0167,0.8986,0.0848,0.0167,0.3432,0.3128,0.344,0.9667,0.0167,0.0167,0.9667,0.0167,0.0167,0.7419,0.1614,0.0967,1.0063,0.8826,0.791,0.9595,0.8939,0.8127,0.991,0.9813,0.9917,0.9866,0.9489,0.9069,0.9607,0.9268,0.8939,1.0109,0.9968,0.9927,34.123,4.171,0.099,1.61,628.982,66.185,668.719
132,2026-05-15T04:59:53.652317+00:00,mixed,GND,20.502,25.728,25.728,0.5094,0.4906,36.007,34.934,0.4924,0.5076,0.702,0.4469,0,0.9667,0.0167,0.0167,0.221,0.2185,-0.00291,-0.01265,1,0.9667,0.0167,0.0167,0.18,0.2454,0.003,0.00968,0,0.7419,0.1614,0.0967,0.092,0.0971,-0.01077,-0.09417,0.493,35.428,0.9498,0.0336,0.0167,0.8986,0.0848,0.0167,0.3432,0.3128,0.344,0.9667,0.0167,0.0167,0.9667,0.0167,0.0167,0.7878,0.1364,0.0758,1.0063,0.8826,0.791,0.9595,0.8939,0.8127,0.991,0.9813,0.9917,0.9869,0.9482,0.9055,0.9602,0.9266,0.8923,1.0128,0.9964,0.9917,35.511,0.0,0.0,0.0,628.982,66.185,668.719
133,2026-05-15T04:59:59.681346+00:00,mixed,GND,30.797,29.016,29.016,0.5097,0.4903,47.193,38.141,0.447,0.553,0.716,0.442,0,0.9667,0.0167,0.0167,0.213,0.2147,-0.00374,-0.01627,0,0.9667,0.0167,0.0167,0.167,0.2104,0.00168,0.009,0,0.7878,0.1364,0.0758,0.228,0.0971,0.00281,0.02318,0.608,38.748,0.9498,0.0336,0.0167,0.8986,0.0848,0.0167,0.3432,0.3128,0.344,0.9667,0.0167,0.0167,0.9667,0.0167,0.0167,0.82,0.1187,0.0612,1.0063,0.8826,0.791,0.9595,0.8939,0.8127,0.991,0.9813,0.9917,0.9872,0.9474,0.904,0.96,0.9255,0.8906,1.0124,0.9961,0.9906,38.716,0.0,0.032,0.032,628.982,66.217,668.751
134,2026-05-15T05:00:05.711040+00:00,mixed,GND,34.056,21.014,21.014,0.5093,0.4907,51.411,30.058,0.3689,0.6311,0.7295,0.4371,0,0.9667,0.0167,0.0167,0.375,0.2111,0.01248,0.05244,0,0.9667,0.0167,0.0167,0.106,0.2066,-0.00442,-0.02405,0,0.82,0.1187,0.0612,0.174,0.0971,-0.00258,-0.02178,0.655,30.713,0.9498,0.0336,0.0167,0.8986,0.0848,0.0167,0.3432,0.3128,0.344,0.9667,0.0167,0.0167,0.9667,0.0167,0.0167,0.8506,0.1011,0.0484,1.0063,0.8826,0.791,0.9595,0.8939,0.8127,0.991,0.9813,0.9917,0.9862,0.9467,0.9026,0.9605,0.9244,0.889,1.0128,0.9958,0.9896,30.632,0.0,0.08,0.08,628.982,66.298,668.832
135,2026-05-15T05:00:11.743030+00:00,mixed,ISL,27.718,36.329,27.718,0.5073,0.4927,46.106,45.293,0.4956,0.5044,0.7425,0.4322,0,0.9498,0.0336,0.0167,0.551,0.4755,-0.01493,-0.04027,0,0.8986,0.0848,0.0167,0.496,0.4914,-0.00038,-0.00097,2,0.3432,0.3128,0.344,1.714,0.5333,0.07142,0.10079,2.761,48.867,0.9517,0.0317,0.0167,0.9018,0.0816,0.0167,0.3454,0.3088,0.3458,0.9667,0.0167,0.0167,0.9667,0.0167,0.0167,0.8506,0.1011,0.0484,1.0072,0.8813,0.7882,0.9595,0.8926,0.8101,0.9894,0.9775,0.9898,0.9862,0.9467,0.9026,0.9605,0.9244,0.889,1.0128,0.9958,0.9896,45.866,0.813,0.0,3.0,629.795,66.298,671.832
136,2026-05-15T05:00:17.771778+00:00,mixed,GND,36.906,29.887,29.887,0.5077,0.4923,56.4,38.772,0.4074,0.5926,0.7548,0.4273,0,0.9667,0.0167,0.0167,0.41,0.2043,0.016,0.06667,0,0.9667,0.0167,0.0167,0.248,0.1991,0.00983,0.05149,0,0.8506,0.1011,0.0484,0.155,0.0971,-0.00452,-0.03848,0.813,39.585,0.9517,0.0317,0.0167,0.9018,0.0816,0.0167,0.3454,0.3088,0.3458,0.9667,0.0167,0.0167,0.9667,0.0167,0.0167,0.8773,0.085,0.0377,1.0072,0.8813,0.7882,0.9595,0.8926,0.8101,0.9894,0.9775,0.9898,0.9849,0.9459,0.9012,0.9595,0.9233,0.8874,1.0136,0.9955,0.9886,39.345,0.0,0.24,0.24,629.795,66.538,672.073
137,2026-05-15T05:00:23.803467+00:00,mixed,GND,23.26,31.17,31.17,0.5068,0.4932,43.934,39.977,0.4764,0.5236,0.7665,0.4223,0,0.9667,0.0167,0.0167,0.217,0.2012,-0.00332,-0.0144,0,0.9667,0.0167,0.0167,0.173,0.1953,0.00231,0.01233,0,0.8773,0.085,0.0377,0.072,0.0971,-0.0128,-0.11325,0.462,40.439,0.9517,0.0317,0.0167,0.9018,0.0816,0.0167,0.3454,0.3088,0.3458,0.9667,0.0167,0.0167,0.9667,0.0167,0.0167,0.9028,0.0688,0.0283,1.0072,0.8813,0.7882,0.9595,0.8926,0.8101,0.9894,0.9775,0.9898,0.9852,0.9452,0.8998,0.9592,0.9222,0.8858,1.016,0.9951,0.9876,40.549,0.0,0.0,0.0,629.795,66.538,672.073
138,2026-05-15T05:00:29.809692+00:00,mixed,GND,23.461,25.296,25.296,0.5071,0.4929,45.388,34.026,0.4285,0.5715,0.7776,0.4172,0,0.9667,0.0167,0.0167,0.159,0.1983,-0.00911,-0.04009,0,0.9667,0.0167,0.0167,0.202,0.1916,0.00523,0.02769,0,0.9028,0.0688,0.0283,0.122,0.0971,-0.00775,-0.06717,0.484,34.509,0.9517,0.0317,0.0167,0.9018,0.0816,0.0167,0.3454,0.3088,0.3458,0.9667,0.0167,0.0167,0.9667,0.0167,0.0167,0.922,0.0565,0.0216,1.0072,0.8813,0.7882,0.9595,0.8926,0.8101,0.9894,0.9775,0.9898,0.986,0.9444,0.8984,0.9587,0.9211,0.8842,1.0174,0.9948,0.9866,34.597,0.0,0.0,0.0,629.795,66.538,672.073
139,2026-05-15T05:00:35.839776+00:00,mixed,GND,10.146,22.747,22.747,0.5066,0.4934,33.393,31.4,0.4846,0.5154,0.7879,0.4122,0,0.9667,0.0167,0.0167,0.21,0.1956,-0.00403,-0.01753,0,0.9667,0.0167,0.0167,0.059,0.1879,-0.00909,-0.05009,0,0.922,0.0565,0.0216,0.138,0.0971,-0.00623,-0.0537,0.406,31.807,0.9517,0.0317,0.0167,0.9018,0.0816,0.0167,0.3454,0.3088,0.3458,0.9667,0.0167,0.0167,0.9667,0.0167,0.0167,0.937,0.0464,0.0167,1.0072,0.8813,0.7882,0.9595,0.8926,0.8101,0.9894,0.9775,0.9898,0.9863,0.9437,0.897,0.9597,0.92,0.8826,1.0185,0.9945,0.9856,31.971,0.0,0.0,0.0,629.795,66.538,672.073
140,2026-05-15T05:00:41.870777+00:00,mixed,GND,18.322,25.539,25.539,0.5079,0.4921,42.947,34.117,0.4427,0.5573,0.7976,0.4071,0,0.9667,0.0167,0.0167,0.129,0.1931,-0.01208,-0.0536,1,0.9667,0.0167,0.0167,0.322,0.2338,0.0172,0.05383,0,0.937,0.0464,0.0167,0.112,0.0971,-0.00879,-0.07673,0.563,34.68,0.9517,0.0317,0.0167,0.9018,0.0816,0.0167,0.3454,0.3088,0.3458,0.9667,0.0167,0.0167,0.9667,0.0167,0.0167,0.9459,0.0374,0.0167,1.0072,0.8813,0.7882,0.9595,0.8926,0.8101,0.9894,0.9775,0.9898,0.9874,0.9429,0.8956,0.9593,0.919,0.8811,1.0201,0.9941,0.9845,34.687,0.0,0.0,0.0,629.795,66.538,672.073
141,2026-05-15T05:00:47.894959+00:00,mixed,GND,20.405,21.738,21.738,0.5079,0.4921,46.457,30.241,0.3943,0.6057,0.8065,0.402,0,0.9667,0.0167,0.0167,0.309,0.1909,0.00586,0.02501,1,0.9667,0.0167,0.0167,0.526,0.2327,0.03765,0.11405,0,0.9459,0.0374,0.0167,0.195,0.0971,-0.00054,-0.00454,1.03,31.271,0.9517,0.0317,0.0167,0.9018,0.0816,0.0167,0.3454,0.3088,0.3458,0.9667,0.0167,0.0167,0.9667,0.0167,0.0167,0.9523,0.031,0.0167,1.0072,0.8813,0.7882,0.9595,0.8926,0.8101,0.9894,0.9775,0.9898,0.987,0.9422,0.8942,0.9588,0.9168,0.8795,1.0202,0.9938,0.9835,30.81,0.0,0.461,0.461,629.795,66.999,672.533
142,2026-05-15T05:00:53.916798+00:00,mixed,ISL,41.448,26.489,41.448,0.5069,0.4931,68.954,34.918,0.3362,0.6638,0.8146,0.3968,0,0.9517,0.0317,0.0167,1.506,0.3739,0.0806,0.19255,0,0.9018,0.0816,0.0167,0.448,0.4751,-0.00519,-0.01354,1,0.3454,0.3088,0.3458,3.053,0.6519,0.20526,0.21933,5.007,73.961,0.9527,0.0307,0.0167,0.905,0.0783,0.0167,0.3478,0.3048,0.3474,0.9667,0.0167,0.0167,0.9667,0.0167,0.0167,0.9523,0.031,0.0167,1.0036,0.8796,0.7856,0.9598,0.8911,0.8077,0.9878,0.9735,0.9875,0.987,0.9422,0.8942,0.9588,0.9168,0.8795,1.0202,0.9938,0.9835,35.487,34.036,1.957,38.474,663.831,68.956,711.008
143,2026-05-15T05:00:59.946381+00:00,mixed,GND,38.854,33.578,33.578,0.5051,0.4949,67.819,41.935,0.3821,0.6179,0.8219,0.3917,0,0.9667,0.0167,0.0167,0.147,0.1872,-0.0103,-0.04556,0,0.9667,0.0167,0.0167,0.044,0.174,-0.0106,-0.05868,1,0.9523,0.031,0.0167,0.578,0.1714,0.0378,0.1611,0.769,42.704,0.9527,0.0307,0.0167,0.905,0.0783,0.0167,0.3478,0.3048,0.3474,0.9667,0.0167,0.0167,0.9667,0.0167,0.0167,0.959,0.0243,0.0167,1.0036,0.8796,0.7856,0.9598,0.8911,0.8077,0.9878,0.9735,0.9875,0.9879,0.9414,0.8929,0.96,0.9158,0.878,1.0215,0.9908,0.9825,42.503,0.0,0.201,0.201,663.831,69.157,711.209
144,2026-05-15T05:01:05.971831+00:00,mixed,ISL,12.693,29.493,12.693,0.5042,0.4958,43.091,37.778,0.4672,0.5328,0.8284,0.3865,0,0.9527,0.0307,0.0167,1.183,0.346,0.04833,0.11961,0,0.905,0.0783,0.0167,0.528,0.4551,0.00284,0.00734,0,0.3478,0.3048,0.3474,1.184,0.5333,0.0184,0.02689,2.896,45.987,0.9539,0.0294,0.0167,0.908,0.0753,0.0167,0.3511,0.3005,0.3484,0.9667,0.0167,0.0167,0.9667,0.0167,0.0167,0.959,0.0243,0.0167,1.0014,0.8777,0.783,0.9597,0.8896,0.8053,0.9872,0.9698,0.9852,0.9879,0.9414,0.8929,0.96,0.9158,0.878,1.0215,0.9908,0.9825,38.345,5.313,0.0,7.641,669.144,69.157,718.85
145,2026-05-15T05:01:11.997871+00:00,mixed,GND,33.09,34.15,34.15,0.5051,0.4949,64.859,42.364,0.3951,0.6049,0.8341,0.3813,0,0.9667,0.0167,0.0167,0.048,0.1846,-0.02018,-0.09146,0,0.9667,0.0167,0.0167,0.255,0.1676,0.01052,0.05495,0,0.959,0.0243,0.0167,0.209,0.0971,0.00095,0.00795,0.513,42.877,0.9539,0.0294,0.0167,0.908,0.0753,0.0167,0.3511,0.3005,0.3484,0.9667,0.0167,0.0167,0.9667,0.0167,0.0167,0.9631,0.0202,0.0167,1.0014,0.8777,0.783,0.9597,0.8896,0.8053,0.9872,0.9698,0.9852,0.9898,0.9407,0.8915,0.9589,0.9147,0.8764,1.0213,0.9905,0.9815,42.931,0.0,0.0,0.0,669.144,69.157,718.85
146,2026-05-15T05:01:18.028809+00:00,mixed,GND,18.524,25.551,25.551,0.5044,0.4956,51.562,33.696,0.3952,0.6048,0.8389,0.3761,0,0.9667,0.0167,0.0167,0.179,0.1838,-0.00713,-0.03138,0,0.9667,0.0167,0.0167,0.117,0.1646,-0.00332,-0.01801,0,0.9631,0.0202,0.0167,0.098,0.0971,-0.01021,-0.08993,0.393,34.09,0.9539,0.0294,0.0167,0.908,0.0753,0.0167,0.3511,0.3005,0.3484,0.9667,0.0167,0.0167,0.9667,0.0167,0.0167,0.9667,0.0167,0.0167,1.0014,0.8777,0.783,0.9597,0.8896,0.8053,0.9872,0.9698,0.9852,0.9904,0.94,0.8902,0.9593,0.9136,0.8749,1.0232,0.9902,0.9805,34.263,0.0,0.0,0.0,669.144,69.157,718.85
147,2026-05-15T05:01:24.049622+00:00,mixed,ISL,18.088,21.409,18.088,0.5038,0.4962,52.246,29.485,0.3608,0.6392,0.8429,0.3709,0,0.9539,0.0294,0.0167,0.803,0.3157,0.0103,0.02669,0,0.908,0.0753,0.0167,0.359,0.4171,-0.01412,-0.0373,2,0.3511,0.3005,0.3484,1.366,0.5333,0.03656,0.05257,2.527,54.774,0.9554,0.0279,0.0167,0.9113,0.072,0.0167,0.3529,0.2962,0.3509,0.9667,0.0167,0.0167,0.9667,0.0167,0.0167,0.9667,0.0167,0.0167,1.0009,0.8756,0.7804,0.9604,0.8879,0.803,0.9856,0.9661,0.9842,0.9904,0.94,0.8902,0.9593,0.9136,0.8749,1.0232,0.9902,0.9805,30.051,22.761,0.0,24.722,691.905,69.157,743.573
148,2026-05-15T05:01:30.072626+00:00,mixed,ISL,16.384,28.863,16.384,0.5025,0.4975,51.471,36.872,0.4174,0.5826,0.846,0.3657,0,0.9554,0.0279,0.0167,0.984,0.3097,0.02839,0.07183,0,0.9113,0.072,0.0167,0.516,0.4033,0.00162,0.00419,2,0.3529,0.2962,0.3509,1.556,0.5333,0.05563,0.07881,3.056,54.528,0.9567,0.0266,0.0167,0.9142,0.0691,0.0167,0.3549,0.2921,0.353,0.9667,0.0167,0.0167,0.9667,0.0167,0.0167,0.9667,0.0167,0.0167,0.9995,0.8734,0.7778,0.9603,0.8862,0.8006,0.984,0.9624,0.9827,0.9904,0.94,0.8902,0.9593,0.9136,0.8749,1.0232,0.9902,0.9805,37.438,14.599,0.185,17.09,706.504,69.342,760.663
149,2026-05-15T05:01:36.103076+00:00,mixed,ISL,30.842,28.856,30.842,0.5024,0.4976,66.627,36.799,0.3558,0.6442,0.8482,0.3605,1,0.9567,0.0266,0.0167,1.43,0.5425,0.073,0.11267,0,0.9142,0.0691,0.0167,0.472,0.3893,-0.00282,-0.00734,2,0.3549,0.2921,0.353,1.298,0.5333,0.0298,0.04296,3.2,69.826,0.9583,0.0251,0.0167,0.9171,0.0662,0.0167,0.3566,0.2877,0.3556,0.9667,0.0167,0.0167,0.9667,0.0167,0.0167,0.9667,0.0167,0.0167,1.0,0.8713,0.7752,0.9605,0.8844,0.7983,0.9824,0.9587,0.9818,0.9904,0.94,0.8902,0.9593,0.9136,0.8749,1.0232,0.9902,0.9805,37.364,29.828,0.349,32.462,736.332,69.691,793.124
150,2026-05-15T05:01:42.127815+00:00,youtube,ISL,26.362,21.701,26.362,0.5285,0.4715,61.011,29.563,0.3264,0.6736,0.8496,0.3552,0,0.9583,0.0251,0.0167,0.487,0.2667,-0.02129,-0.05759,0,0.9171,0.0662,0.0167,0.922,0.3385,0.04225,0.10376,0,0.4648,0.1864,0.3488,0.68,0.3889,-0.03198,-0.05979,2.09,63.1,0.9598,0.0235,0.0167,0.919,0.0643,0.0167,0.4716,0.1806,0.3478,0.9667,0.0167,0.0167,0.9667,0.0167,0.0167,0.9303,0.053,0.0167,1.0012,0.8694,0.7731,0.9585,0.8829,0.7963,1.0081,0.9384,0.9761,0.9904,0.94,0.8902,0.9593,0.9136,0.8749,1.0123,0.9977,0.985,30.146,31.448,0.0,32.954,767.78,69.691,826.079
151,2026-05-15T05:01:48.158073+00:00,youtube,GND,22.555,29.778,29.778,0.5279,0.4721,57.337,37.575,0.3959,0.6041,0.85,0.35,0,0.9667,0.0167,0.0167,0.202,0.1609,-0.00485,-0.02124,0,0.9667,0.0167,0.0167,0.175,0.1343,0.00247,0.01317,0,0.9303,0.053,0.0167,0.495,0.1,0.02954,0.18947,0.872,38.447,0.9598,0.0235,0.0167,0.919,0.0643,0.0167,0.4716,0.1806,0.3478,0.9667,0.0167,0.0167,0.9667,0.0167,0.0167,0.9334,0.0499,0.0167,1.0012,0.8694,0.7731,0.9585,0.8829,0.7963,1.0081,0.9384,0.9761,0.9909,0.9393,0.889,0.959,0.9126,0.8735,1.0088,0.9974,0.9841,38.159,0.0,0.288,0.288,767.78,69.979,826.367
152,2026-05-15T05:01:54.188273+00:00,youtube,GND,28.613,25.695,25.695,0.5273,0.4727,63.262,33.429,0.3457,0.6543,0.8496,0.3448,0,0.9667,0.0167,0.0167,0.105,0.1618,-0.01452,-0.06512,0,0.9667,0.0167,0.0167,0.179,0.1324,0.00287,0.01528,0,0.9334,0.0499,0.0167,0.134,0.1,-0.00659,-0.04774,0.417,33.847,0.9598,0.0235,0.0167,0.919,0.0643,0.0167,0.4716,0.1806,0.3478,0.9667,0.0167,0.0167,0.9667,0.0167,0.0167,0.9397,0.0436,0.0167,1.0012,0.8694,0.7731,0.9585,0.8829,0.7963,1.0081,0.9384,0.9761,0.9922,0.9386,0.8877,0.9587,0.9115,0.8721,1.0098,0.9971,0.9833,34.013,0.0,0.0,0.0,767.78,69.979,826.367
153,2026-05-15T05:02:00.219246+00:00,youtube,GND,12.585,22.123,22.123,0.5258,0.4742,46.837,29.795,0.3888,0.6112,0.8482,0.3395,0,0.9667,0.0167,0.0167,0.113,0.1629,-0.01372,-0.0615,0,0.9667,0.0167,0.0167,0.231,0.1307,0.00807,0.04236,0,0.9397,0.0436,0.0167,0.172,0.1,-0.00281,-0.02004,0.515,30.311,0.9598,0.0235,0.0167,0.919,0.0643,0.0167,0.4716,0.1806,0.3478,0.9667,0.0167,0.0167,0.9667,0.0167,0.0167,0.9449,0.0385,0.0167,1.0012,0.8694,0.7731,0.9585,0.8829,0.7963,1.0081,0.9384,0.9761,0.9935,0.9379,0.8865,0.9579,0.9105,0.8707,1.0102,0.9968,0.9824,30.378,0.0,0.0,0.0,767.78,69.979,826.367
154,2026-05-15T05:02:06.248283+00:00,youtube,GND,15.546,25.131,25.131,0.5252,0.4748,49.159,32.742,0.3998,0.6002,0.846,0.3343,0,0.9667,0.0167,0.0167,0.101,0.1644,-0.01493,-0.06721,0,0.9667,0.0167,0.0167,0.154,0.1292,0.00042,0.00223,0,0.9449,0.0385,0.0167,0.114,0.1,-0.0086,-0.06285,0.369,33.11,0.9598,0.0235,0.0167,0.919,0.0643,0.0167,0.4716,0.1806,0.3478,0.9667,0.0167,0.0167,0.9667,0.0167,0.0167,0.95,0.0334,0.0167,1.0012,0.8694,0.7731,0.9585,0.8829,0.7963,1.0081,0.9384,0.9761,0.9949,0.9372,0.8853,0.9579,0.9095,0.8692,1.0115,0.9965,0.9816,33.325,0.0,0.0,0.0,767.78,69.979,826.367
155,2026-05-15T05:02:12.266190+00:00,youtube,ISL,19.222,25.194,19.222,0.5247,0.4753,51.982,32.744,0.3865,0.6135,0.8429,0.3291,0,0.9598,0.0235,0.0167,0.237,0.296,-0.04631,-0.13015,0,0.919,0.0643,0.0167,0.946,0.2805,0.04462,0.10906,1,0.4716,0.1806,0.3478,1.734,0.5704,0.0734,0.08102,2.917,54.899,0.9615,0.0218,0.0167,0.9209,0.0624,0.0167,0.4767,0.1758,0.3475,0.9667,0.0167,0.0167,0.9667,0.0167,0.0167,0.95,0.0334,0.0167,1.0039,0.8673,0.7708,0.9564,0.881,0.7943,1.0081,0.9369,0.9753,0.9949,0.9372,0.8853,0.9579,0.9095,0.8692,1.0115,0.9965,0.9816,33.328,19.237,0.794,21.571,787.018,70.774,847.939
156,2026-05-15T05:02:18.276516+00:00,youtube,ISL,42.054,28.792,42.054,0.5239,0.4761,73.781,36.284,0.3297,0.6703,0.8389,0.3239,0,0.9615,0.0218,0.0167,0.492,0.3079,-0.02078,-0.05638,0,0.9209,0.0624,0.0167,0.687,0.2727,0.01867,0.04704,0,0.4767,0.1758,0.3475,2.467,0.3889,0.14675,0.23522,3.646,77.427,0.9629,0.0204,0.0167,0.9232,0.0602,0.0167,0.4773,0.1722,0.3505,0.9667,0.0167,0.0167,0.9667,0.0167,0.0167,0.95,0.0334,0.0167,1.0051,0.8651,0.7685,0.9555,0.8792,0.7922,1.0039,0.9342,0.9745,0.9949,0.9372,0.8853,0.9579,0.9095,0.8692,1.0115,0.9965,0.9816,36.868,37.497,1.518,40.56,824.515,72.292,888.499
157,2026-05-15T05:02:24.290984+00:00,youtube,ISL,38.69,33.159,38.69,0.5222,0.4778,69.246,40.593,0.3696,0.6304,0.8341,0.3187,0,0.9629,0.0204,0.0167,1.272,0.3213,0.05715,0.14011,0,0.9232,0.0602,0.0167,0.417,0.2665,-0.00827,-0.02159,2,0.4773,0.1722,0.3505,1.207,0.4148,0.02074,0.03352,2.896,72.142,0.9637,0.0196,0.0167,0.9258,0.0575,0.0167,0.4825,0.1671,0.3504,0.9667,0.0167,0.0167,0.9667,0.0167,0.0167,0.95,0.0334,0.0167,1.0025,0.8628,0.7662,0.956,0.8773,0.7902,1.004,0.9316,0.9739,0.9949,0.9372,0.8853,0.9579,0.9095,0.8692,1.0115,0.9965,0.9816,41.176,28.653,0.759,30.966,853.168,73.05,919.464
158,2026-05-15T05:02:30.306754+00:00,youtube,GND,13.686,26.509,26.509,0.5211,0.4789,42.972,33.886,0.4409,0.5591,0.8284,0.3135,0,0.9667,0.0167,0.0167,0.386,0.1727,0.01363,0.05757,0,0.9667,0.0167,0.0167,0.139,0.1255,-0.00114,-0.00614,0,0.95,0.0334,0.0167,0.099,0.1,-0.01005,-0.07397,0.624,34.51,0.9637,0.0196,0.0167,0.9258,0.0575,0.0167,0.4825,0.1671,0.3504,0.9667,0.0167,0.0167,0.9667,0.0167,0.0167,0.9545,0.0288,0.0167,1.0025,0.8628,0.7662,0.956,0.8773,0.7902,1.004,0.9316,0.9739,0.9937,0.9365,0.884,0.958,0.9084,0.8678,1.013,0.9962,0.9807,34.47,0.0,0.04,0.04,853.168,73.091,919.505
159,2026-05-15T05:02:36.314655+00:00,youtube,ISL,21.133,28.781,21.133,0.5213,0.4787,49.086,36.102,0.4238,0.5762,0.8219,0.3083,0,0.9637,0.0196,0.0167,0.383,0.351,-0.03174,-0.08737,0,0.9258,0.0575,0.0167,0.809,0.2598,0.03089,0.0766,0,0.4825,0.1671,0.3504,0.443,0.3889,-0.05567,-0.10627,1.635,50.721,0.9651,0.0183,0.0167,0.9278,0.0556,0.0167,0.4902,0.1614,0.3484,0.9667,0.0167,0.0167,0.9667,0.0167,0.0167,0.9545,0.0288,0.0167,1.0043,0.8606,0.7638,0.9545,0.8753,0.7881,1.0062,0.929,0.9731,0.9937,0.9365,0.884,0.958,0.9084,0.8678,1.013,0.9962,0.9807,36.686,12.984,0.0,14.034,866.151,73.091,933.539
160,2026-05-15T05:02:42.309842+00:00,youtube,GND,43.342,40.444,40.444,0.5209,0.4791,69.934,47.711,0.4056,0.5944,0.8146,0.3032,0,0.9667,0.0167,0.0167,0.034,0.1783,-0.02162,-0.09894,0,0.9667,0.0167,0.0167,0.045,0.125,-0.01049,-0.058,0,0.9545,0.0288,0.0167,0.168,0.1,-0.00316,-0.02268,0.247,47.958,0.9651,0.0183,0.0167,0.9278,0.0556,0.0167,0.4902,0.1614,0.3484,0.9667,0.0167,0.0167,0.9667,0.0167,0.0167,0.958,0.0253,0.0167,1.0043,0.8606,0.7638,0.9545,0.8753,0.7881,1.0062,0.929,0.9731,0.9958,0.9358,0.8828,0.9592,0.9074,0.8664,1.0135,0.9959,0.9799,48.295,0.0,0.0,0.0,866.151,73.091,933.539
161,2026-05-15T05:02:48.310495+00:00,youtube,GND,16.334,25.794,25.794,0.5203,0.4797,41.564,33.007,0.4426,0.5574,0.8065,0.298,0,0.9667,0.0167,0.0167,0.104,0.1814,-0.01459,-0.06575,0,0.9667,0.0167,0.0167,0.047,0.1251,-0.01033,-0.05716,0,0.958,0.0253,0.0167,0.069,0.1,-0.01313,-0.09797,0.22,33.227,0.9651,0.0183,0.0167,0.9278,0.0556,0.0167,0.4902,0.1614,0.3484,0.9667,0.0167,0.0167,0.9667,0.0167,0.0167,0.9618,0.0216,0.0167,1.0043,0.8606,0.7638,0.9545,0.8753,0.7881,1.0062,0.929,0.9731,0.9972,0.935,0.8816,0.9604,0.9063,0.865,1.0156,0.9956,0.979,33.592,0.0,0.0,0.0,866.151,73.091,933.539
162,2026-05-15T05:02:54.316456+00:00,youtube,GND,16.252,25.553,25.553,0.5202,0.4798,40.143,32.713,0.449,0.551,0.7976,0.2929,0,0.9667,0.0167,0.0167,0.274,0.1847,0.00243,0.01054,0,0.9667,0.0167,0.0167,0.166,0.1255,0.00161,0.00859,0,0.9618,0.0216,0.0167,0.024,0.1,-0.01764,-0.13443,0.464,33.177,0.9651,0.0183,0.0167,0.9278,0.0556,0.0167,0.4902,0.1614,0.3484,0.9667,0.0167,0.0167,0.9667,0.0167,0.0167,0.9652,0.0181,0.0167,1.0043,0.8606,0.7638,0.9545,0.8753,0.7881,1.0062,0.929,0.9731,0.997,0.9343,0.8803,0.9602,0.9053,0.8636,1.0184,0.9953,0.9782,33.298,0.0,0.0,0.0,866.151,73.091,933.539
163,2026-05-15T05:03:00.332533+00:00,youtube,GND,15.146,24.944,24.944,0.5203,0.4797,37.736,32.052,0.4593,0.5407,0.7879,0.2878,0,0.9667,0.0167,0.0167,0.113,0.1882,-0.01371,-0.06176,0,0.9667,0.0167,0.0167,0.495,0.1261,0.03454,0.16986,0,0.9652,0.0181,0.0167,0.11,0.1,-0.00897,-0.0662,0.719,32.77,0.9651,0.0183,0.0167,0.9278,0.0556,0.0167,0.4902,0.1614,0.3484,0.9667,0.0167,0.0167,0.9667,0.0167,0.0167,0.9667,0.0167,0.0167,1.0043,0.8606,0.7638,0.9545,0.8753,0.7881,1.0062,0.929,0.9731,0.9982,0.9336,0.8791,0.957,0.9043,0.8622,1.0198,0.995,0.9773,32.638,0.0,0.132,0.132,866.151,73.223,933.671
164,2026-05-15T05:03:06.337057+00:00,youtube,GND,18.093,25.362,25.362,0.5205,0.4795,39.434,32.42,0.4512,0.5488,0.7776,0.2828,0,0.9667,0.0167,0.0167,0.259,0.1918,0.00087,0.00377,0,0.9667,0.0167,0.0167,0.187,0.1269,0.00367,0.01949,0,0.9667,0.0167,0.0167,0.319,0.1,0.01187,0.08122,0.764,33.184,0.9651,0.0183,0.0167,0.9278,0.0556,0.0167,0.4902,0.1614,0.3484,0.9667,0.0167,0.0167,0.9667,0.0167,0.0167,0.9667,0.0167,0.0167,1.0043,0.8606,0.7638,0.9545,0.8753,0.7881,1.0062,0.929,0.9731,0.9982,0.9329,0.8778,0.9567,0.9032,0.8608,1.0182,0.9947,0.9765,33.006,0.0,0.177,0.177,866.151,73.401,933.849
165,2026-05-15T05:03:12.339656+00:00,youtube,GND,33.796,21.511,21.511,0.5204,0.4796,53.949,28.518,0.3458,0.6542,0.7665,0.2777,0,0.9667,0.0167,0.0167,0.107,0.1956,-0.01426,-0.06439,0,0.9667,0.0167,0.0167,0.245,0.1279,0.00955,0.04983,0,0.9667,0.0167,0.0167,0.265,0.1,0.0065,0.04523,0.618,29.136,0.9651,0.0183,0.0167,0.9278,0.0556,0.0167,0.4902,0.1614,0.3484,0.9667,0.0167,0.0167,0.9667,0.0167,0.0167,0.9667,0.0167,0.0167,1.0043,0.8606,0.7638,0.9545,0.8753,0.7881,1.0062,0.929,0.9731,0.9995,0.9322,0.8766,0.9557,0.9022,0.8594,1.0173,0.9944,0.9757,29.106,0.0,0.031,0.031,866.151,73.431,933.879
166,2026-05-15T05:03:18.361764+00:00,youtube,GND,32.081,36.119,36.119,0.5183,0.4817,51.111,43.078,0.4574,0.5426,0.7548,0.2727,0,0.9667,0.0167,0.0167,0.192,0.1995,-0.00584,-0.0259,0,0.9667,0.0167,0.0167,0.188,0.1292,0.00377,0.01995,0,0.9667,0.0167,0.0167,0.071,0.1,-0.01292,-0.09675,0.45,43.528,0.9651,0.0183,0.0167,0.9278,0.0556,0.0167,0.4902,0.1614,0.3484,0.9667,0.0167,0.0167,0.9667,0.0167,0.0167,0.9667,0.0167,0.0167,1.0043,0.8606,0.7638,0.9545,0.8753,0.7881,1.0062,0.929,0.9731,1.0,0.9314,0.8753,0.9553,0.9011,0.858,1.0194,0.9941,0.9748,43.666,0.0,0.0,0.0,866.151,73.431,933.879
167,2026-05-15T05:03:24.374553+00:00,youtube,ISL,31.071,29.295,31.071,0.5181,0.4819,49.045,36.206,0.4247,0.5753,0.7425,0.2678,0,0.9651,0.0183,0.0167,0.635,0.4558,-0.00654,-0.0174,0,0.9278,0.0556,0.0167,0.256,0.3063,-0.0244,-0.06503,0,0.4902,0.1614,0.3484,0.75,0.3889,-0.02498,-0.04635,1.641,50.686,0.9661,0.0172,0.0167,0.9306,0.0527,0.0167,0.4965,0.1562,0.3472,0.9667,0.0167,0.0167,0.9667,0.0167,0.0167,0.9667,0.0167,0.0167,1.0047,0.8586,0.761,0.9558,0.8732,0.7856,1.0072,0.9264,0.9723,1.0,0.9314,0.8753,0.9553,0.9011,0.858,1.0194,0.9941,0.9748,36.795,12.839,0.0,13.891,878.991,73.431,947.771
168,2026-05-15T05:03:30.384851+00:00,youtube,ISL,12.063,21.667,12.063,0.5173,0.4827,29.051,28.532,0.4955,0.5045,0.7295,0.2629,0,0.9661,0.0172,0.0167,0.698,0.4618,-0.00023,-0.0006,0,0.9306,0.0527,0.0167,0.55,0.3186,0.00499,0.0128,2,0.4965,0.1562,0.3472,0.972,0.4148,-0.00281,-0.00463,2.22,31.27,0.9667,0.0167,0.0167,0.9328,0.0505,0.0167,0.5012,0.1513,0.3475,0.9667,0.0167,0.0167,0.9667,0.0167,0.0167,0.9667,0.0167,0.0167,1.0047,0.8567,0.7581,0.9556,0.8711,0.7832,1.0072,0.9238,0.9724,1.0,0.9314,0.8753,0.9553,0.9011,0.858,1.0194,0.9941,0.9748,29.121,0.519,0.0,2.149,879.509,73.431,949.92
169,2026-05-15T05:03:36.437557+00:00,youtube,ISL,16.016,25.427,16.016,0.5183,0.4817,32.082,32.245,0.5013,0.4987,0.716,0.258,0,0.9667,0.0167,0.0167,0.44,0.4654,-0.02599,-0.07111,0,0.9328,0.0505,0.0167,0.601,0.3317,0.01013,0.0258,1,0.5012,0.1513,0.3475,2.936,0.5704,0.19364,0.19778,3.978,36.06,0.9667,0.0167,0.0167,0.9349,0.0485,0.0167,0.5066,0.1463,0.3471,0.9667,0.0167,0.0167,0.9667,0.0167,0.0167,0.9667,0.0167,0.0167,1.0061,0.8549,0.7552,0.9551,0.869,0.7807,1.0073,0.9202,0.9716,1.0,0.9314,0.8753,0.9553,0.9011,0.858,1.0194,0.9941,0.9748,32.835,0.0,1.58,3.224,879.509,75.011,953.144
170,2026-05-15T05:03:42.450428+00:00,youtube,ISL,15.162,25.303,15.162,0.5191,0.4809,30.371,32.076,0.5137,0.4863,0.702,0.2531,0,0.9667,0.0167,0.0167,0.508,0.4667,-0.0192,-0.0521,0,0.9349,0.0485,0.0167,0.289,0.3453,-0.02112,-0.05607,0,0.5066,0.1463,0.3471,0.688,0.3889,-0.03118,-0.05827,1.485,31.856,0.9667,0.0167,0.0167,0.9373,0.046,0.0167,0.5131,0.1414,0.3455,0.9667,0.0167,0.0167,0.9667,0.0167,0.0167,0.9667,0.0167,0.0167,1.0072,0.8531,0.7523,0.9562,0.867,0.7782,1.0085,0.9177,0.9708,1.0,0.9314,0.8753,0.9553,0.9011,0.858,1.0194,0.9941,0.9748,32.667,0.0,0.0,0.0,879.509,75.011,953.144
171,2026-05-15T05:03:48.463459+00:00,youtube,ISL,17.871,25.472,17.871,0.5201,0.4799,32.285,32.202,0.4994,0.5006,0.6875,0.2483,0,0.9667,0.0167,0.0167,0.786,0.4654,0.00861,0.0225,0,0.9373,0.046,0.0167,0.259,0.3593,-0.02413,-0.06443,2,0.5131,0.1414,0.3455,1.997,0.4148,0.09973,0.15092,3.042,35.327,0.9667,0.0167,0.0167,0.9397,0.0437,0.0167,0.5198,0.1373,0.3428,0.9667,0.0167,0.0167,0.9667,0.0167,0.0167,0.9667,0.0167,0.0167,1.0068,0.8514,0.7493,0.9575,0.8651,0.7756,1.0085,0.9151,0.968,1.0,0.9314,0.8753,0.9553,0.9011,0.858,1.0194,0.9941,0.9748,32.794,0.083,0.615,2.533,879.592,75.626,955.677
172,2026-05-15T05:03:54.473531+00:00,youtube,GND,19.417,21.943,21.943,0.5207,0.4793,33.094,28.63,0.4638,0.5362,0.6725,0.2436,0,0.9667,0.0167,0.0167,0.415,0.2242,0.0165,0.06961,0,0.9667,0.0167,0.0167,0.048,0.1413,-0.01023,-0.05635,0,0.9667,0.0167,0.0167,0.15,0.1,-0.005,-0.03639,0.613,29.242,0.9667,0.0167,0.0167,0.9397,0.0437,0.0167,0.5198,0.1373,0.3428,0.9667,0.0167,0.0167,0.9667,0.0167,0.0167,0.9667,0.0167,0.0167,1.0068,0.8514,0.7493,0.9575,0.8651,0.7756,1.0085,0.9151,0.968,0.9987,0.9307,0.874,0.9565,0.9001,0.8565,1.0201,0.9938,0.974,29.222,0.0,0.02,0.02,879.592,75.646,955.697
173,2026-05-15T05:04:00.486414+00:00,youtube,ISL,29.764,26.629,29.764,0.5204,0.4796,42.759,33.274,0.4376,0.5624,0.6572,0.2388,0,0.9667,0.0167,0.0167,0.912,0.4558,0.02117,0.05438,0,0.9397,0.0437,0.0167,0.616,0.3868,0.01163,0.0296,0,0.5198,0.1373,0.3428,2.154,0.3889,0.11544,0.18967,3.682,46.441,0.9667,0.0167,0.0167,0.9414,0.0419,0.0167,0.5211,0.1341,0.3448,0.9667,0.0167,0.0167,0.9667,0.0167,0.0167,0.9667,0.0167,0.0167,1.0057,0.8499,0.7462,0.957,0.8632,0.773,1.0051,0.9125,0.9672,0.9987,0.9307,0.874,0.9565,0.9001,0.8565,1.0201,0.9938,0.974,33.868,9.484,1.241,12.573,889.076,76.887,968.27
174,2026-05-15T05:04:06.500529+00:00,youtube,GND,16.443,21.455,21.455,0.5197,0.4803,28.807,28.059,0.4934,0.5066,0.6415,0.2342,0,0.9667,0.0167,0.0167,0.171,0.2325,-0.00785,-0.03493,0,0.9667,0.0167,0.0167,0.218,0.1468,0.00681,0.03578,0,0.9667,0.0167,0.0167,0.12,0.1,-0.00805,-0.05924,0.509,28.568,0.9667,0.0167,0.0167,0.9414,0.0419,0.0167,0.5211,0.1341,0.3448,0.9667,0.0167,0.0167,0.9667,0.0167,0.0167,0.9667,0.0167,0.0167,1.0057,0.8499,0.7462,0.957,0.8632,0.773,1.0051,0.9125,0.9672,0.9994,0.9299,0.8727,0.9557,0.899,0.8551,1.0213,0.9935,0.9731,28.653,0.0,0.0,0.0,889.076,76.887,968.27
175,2026-05-15T05:04:12.518937+00:00,youtube,ISL,32.886,33.577,32.886,0.5201,0.4799,44.666,40.141,0.4733,0.5267,0.6254,0.2296,0,0.9667,0.0167,0.0167,2.058,0.4374,0.13576,0.30493,0,0.9414,0.0419,0.0167,0.461,0.4123,-0.00391,-0.01017,2,0.5211,0.1341,0.3448,1.07,0.4148,0.007,0.01135,3.588,48.254,0.9667,0.0167,0.0167,0.9433,0.04,0.0167,0.5258,0.1298,0.3445,0.9667,0.0167,0.0167,0.9667,0.0167,0.0167,0.9667,0.0167,0.0167,1.0004,0.8485,0.7432,0.9572,0.8614,0.7703,1.0051,0.91,0.9669,0.9994,0.9299,0.8727,0.9557,0.899,0.8551,1.0213,0.9935,0.9731,40.736,4.525,1.146,7.518,893.601,78.033,975.788
176,2026-05-15T05:04:18.527223+00:00,youtube,ISL,28.776,25.789,28.776,0.5199,0.4801,40.016,32.315,0.4468,0.5532,0.6091,0.225,0,0.9667,0.0167,0.0167,0.397,0.4254,-0.03027,-0.08298,0,0.9433,0.04,0.0167,0.427,0.4235,-0.00729,-0.01902,2,0.5258,0.1298,0.3445,4.096,0.4148,0.30962,0.4066,4.921,44.936,0.9667,0.0167,0.0167,0.9452,0.0382,0.0167,0.5352,0.1267,0.3381,0.9667,0.0167,0.0167,0.9667,0.0167,0.0167,0.9667,0.0167,0.0167,1.0022,0.8472,0.7401,0.9576,0.8597,0.7676,1.0052,0.9074,0.9602,0.9994,0.9299,0.8727,0.9557,0.899,0.8551,1.0213,0.9935,0.9731,32.911,7.701,2.481,12.025,901.302,80.514,987.814
177,2026-05-15T05:04:24.543644+00:00,youtube,GND,35.863,29.614,29.614,0.5192,0.4808,46.603,36.101,0.4365,0.5635,0.5926,0.2205,1,0.9667,0.0167,0.0167,0.55,0.2864,0.03001,0.08187,0,0.9667,0.0167,0.0167,0.229,0.1561,0.00792,0.04147,0,0.9667,0.0167,0.0167,0.136,0.1,-0.00639,-0.04684,0.915,37.017,0.9667,0.0167,0.0167,0.9452,0.0382,0.0167,0.5352,0.1267,0.3381,0.9667,0.0167,0.0167,0.9667,0.0167,0.0167,0.9667,0.0167,0.0167,1.0022,0.8472,0.7401,0.9576,0.8597,0.7676,1.0052,0.9074,0.9602,0.9993,0.9283,0.8714,0.9549,0.8979,0.8536,1.0223,0.9932,0.9723,36.698,0.0,0.318,0.318,901.302,80.833,988.132
178,2026-05-15T05:04:30.557346+00:00,youtube,GND,18.036,21.665,21.665,0.5184,0.4816,28.315,28.115,0.4982,0.5018,0.5758,0.216,0,0.9667,0.0167,0.0167,0.098,0.2482,-0.01518,-0.06876,0,0.9667,0.0167,0.0167,0.284,0.1595,0.01335,0.06887,0,0.9667,0.0167,0.0167,0.086,0.1,-0.01142,-0.08542,0.468,28.583,0.9667,0.0167,0.0167,0.9452,0.0382,0.0167,0.5352,0.1267,0.3381,0.9667,0.0167,0.0167,0.9667,0.0167,0.0167,0.9667,0.0167,0.0167,1.0022,0.8472,0.7401,0.9576,0.8597,0.7676,1.0052,0.9074,0.9602,1.0007,0.9276,0.87,0.9536,0.8969,0.8522,1.0241,0.9929,0.9715,28.713,0.0,0.0,0.0,901.302,80.833,988.132
179,2026-05-15T05:04:36.561180+00:00,youtube,GND,15.53,28.832,28.832,0.5187,0.4813,25.381,35.246,0.5814,0.4186,0.559,0.2117,0,0.9667,0.0167,0.0167,0.297,0.2518,0.00475,0.02056,0,0.9667,0.0167,0.0167,0.217,0.1629,0.00668,0.03503,0,0.9667,0.0167,0.0167,0.073,0.1,-0.01267,-0.0954,0.588,35.834,0.9667,0.0167,0.0167,0.9452,0.0382,0.0167,0.5352,0.1267,0.3381,0.9667,0.0167,0.0167,0.9667,0.0167,0.0167,0.9667,0.0167,0.0167,1.0022,0.8472,0.7401,0.9576,0.8597,0.7676,1.0052,0.9074,0.9602,1.0003,0.9268,0.8687,0.9529,0.8958,0.8507,1.0261,0.9926,0.9706,27.795,9.865,0.0,8.038,911.167,80.833,996.17
180,2026-05-15T05:04:42.579191+00:00,youtube,ISL,24.251,29.428,24.251,0.5209,0.4791,33.707,35.806,0.5151,0.4849,0.542,0.2073,0,0.9667,0.0167,0.0167,1.011,0.3667,0.03107,0.07846,0,0.9452,0.0382,0.0167,0.535,0.4544,0.0035,0.009,2,0.5352,0.1267,0.3381,0.663,0.4148,-0.03371,-0.05623,2.209,35.916,0.9667,0.0167,0.0167,0.9468,0.0366,0.0167,0.539,0.1223,0.3387,0.9667,0.0167,0.0167,0.9667,0.0167,0.0167,0.9667,0.0167,0.0167,1.0006,0.8461,0.737,0.9574,0.8582,0.7648,1.0052,0.9049,0.9614,1.0003,0.9268,0.8687,0.9529,0.8958,0.8507,1.0261,0.9926,0.9706,36.109,0.0,0.0,0.0,911.167,80.833,996.17
181,2026-05-15T05:04:48.590906+00:00,youtube,GND,21.548,36.427,36.427,0.5213,0.4787,30.639,42.771,0.5826,0.4174,0.525,0.2031,0,0.9667,0.0167,0.0167,0.158,0.2586,-0.00923,-0.04126,0,0.9667,0.0167,0.0167,0.337,0.1701,0.0187,0.09497,0,0.9667,0.0167,0.0167,0.336,0.1,0.01355,0.09274,0.83,43.601,0.9667,0.0167,0.0167,0.9468,0.0366,0.0167,0.539,0.1223,0.3387,0.9667,0.0167,0.0167,0.9667,0.0167,0.0167,0.9667,0.0167,0.0167,1.0006,0.8461,0.737,0.9574,0.8582,0.7648,1.0052,0.9049,0.9614,1.0012,0.926,0.8674,0.9511,0.8947,0.8492,1.0243,0.9923,0.9698,33.027,12.131,0.23,10.574,923.298,81.062,1006.744
182,2026-05-15T05:04:54.608917+00:00,youtube,GND,43.312,36.343,36.343,0.5229,0.4771,52.065,42.653,0.4503,0.5497,0.508,0.1989,0,0.9667,0.0167,0.0167,0.329,0.2617,0.00791,0.03404,0,0.9667,0.0167,0.0167,0.149,0.1738,-7e-05,-0.00038,0,0.9667,0.0167,0.0167,0.063,0.1,-0.01372,-0.10375,0.541,43.195,0.9667,0.0167,0.0167,0.9468,0.0366,0.0167,0.539,0.1223,0.3387,0.9667,0.0167,0.0167,0.9667,0.0167,0.0167,0.9667,0.0167,0.0167,1.0006,0.8461,0.737,0.9574,0.8582,0.7648,1.0052,0.9049,0.9614,1.0005,0.9252,0.866,0.9511,0.8936,0.8478,1.0265,0.992,0.9689,43.255,0.0,0.0,0.0,923.298,81.062,1006.744
183,2026-05-15T05:05:00.620027+00:00,youtube,GND,37.085,25.256,25.256,0.5224,0.4776,45.525,31.533,0.4092,0.5908,0.491,0.1947,0,0.9667,0.0167,0.0167,0.224,0.2646,-0.00263,-0.01156,0,0.9667,0.0167,0.0167,0.125,0.1775,-0.00245,-0.01316,0,0.9667,0.0167,0.0167,0.07,0.1,-0.01301,-0.09835,0.419,31.952,0.9667,0.0167,0.0167,0.9468,0.0366,0.0167,0.539,0.1223,0.3387,0.9667,0.0167,0.0167,0.9667,0.0167,0.0167,0.9667,0.0167,0.0167,1.0006,0.8461,0.737,0.9574,0.8582,0.7648,1.0052,0.9049,0.9614,1.0007,0.9244,0.8647,0.9514,0.8926,0.8463,1.0285,0.9917,0.9681,32.135,0.0,0.0,0.0,923.298,81.062,1006.744
184,2026-05-15T05:05:06.637462+00:00,youtube,ISL,43.807,39.024,43.807,0.521,0.479,51.956,45.269,0.4656,0.5344,0.4742,0.1906,0,0.9667,0.0167,0.0167,1.014,0.3079,0.03141,0.07917,0,0.9468,0.0366,0.0167,0.881,0.4563,0.03807,0.0937,1,0.539,0.1223,0.3387,3.185,0.5704,0.21846,0.21637,5.079,57.035,0.9667,0.0167,0.0167,0.9479,0.0354,0.0167,0.5443,0.118,0.3377,0.9667,0.0167,0.0167,0.9667,0.0167,0.0167,0.9667,0.0167,0.0167,0.9991,0.8452,0.734,0.9556,0.8569,0.762,1.0053,0.901,0.9606,1.0007,0.9244,0.8647,0.9514,0.8926,0.8463,1.0285,0.9917,0.9681,45.872,6.687,2.742,11.163,929.985,83.805,1017.907
185,2026-05-15T05:05:12.653084+00:00,youtube,ISL,19.452,24.925,19.452,0.5206,0.4794,27.333,31.139,0.5325,0.4675,0.4574,0.1866,0,0.9667,0.0167,0.0167,0.226,0.296,-0.04742,-0.13323,0,0.9479,0.0354,0.0167,0.467,0.452,-0.00329,-0.00852,0,0.5443,0.118,0.3377,1.232,0.3889,0.02315,0.04101,1.924,29.257,0.9667,0.0167,0.0167,0.9495,0.0339,0.0167,0.5484,0.1144,0.3372,0.9667,0.0167,0.0167,0.9667,0.0167,0.0167,0.9667,0.0167,0.0167,1.002,0.8442,0.7311,0.9558,0.8556,0.7592,1.0045,0.8984,0.9598,1.0007,0.9244,0.8647,0.9514,0.8926,0.8463,1.0285,0.9917,0.9681,29.651,0.0,0.0,0.0,929.985,83.805,1017.907
186,2026-05-15T05:05:18.656064+00:00,youtube,ISL,31.306,29.548,31.306,0.5215,0.4785,38.938,35.732,0.4785,0.5215,0.4409,0.1827,0,0.9667,0.0167,0.0167,0.307,0.2858,-0.03927,-0.1093,0,0.9495,0.0339,0.0167,0.393,0.4459,-0.01066,-0.02791,0,0.5484,0.1144,0.3372,0.78,0.3889,-0.02197,-0.04056,1.481,40.419,0.9667,0.0167,0.0167,0.951,0.0323,0.0167,0.5543,0.1104,0.3353,0.9667,0.0167,0.0167,0.9667,0.0167,0.0167,0.9667,0.0167,0.0167,1.0043,0.8433,0.7282,0.9563,0.8544,0.7565,1.0053,0.8959,0.959,1.0007,0.9244,0.8647,0.9514,0.8926,0.8463,1.0285,0.9917,0.9681,36.336,3.207,0.0,4.083,933.192,83.805,1021.99
187,2026-05-15T05:05:24.663550+00:00,youtube,ISL,35.704,21.612,35.704,0.5212,0.4788,43.105,27.767,0.3918,0.6082,0.4246,0.1789,0,0.9667,0.0167,0.0167,0.367,0.2776,-0.03327,-0.09197,0,0.951,0.0323,0.0167,0.787,0.4381,0.02875,0.0715,0,0.5543,0.1104,0.3353,0.86,0.3889,-0.01403,-0.02573,2.014,45.12,0.9667,0.0167,0.0167,0.9521,0.0312,0.0167,0.5598,0.1066,0.3336,0.9667,0.0167,0.0167,0.9667,0.0167,0.0167,0.9667,0.0167,0.0167,1.0062,0.8423,0.7253,0.9549,0.8532,0.7537,1.0058,0.8934,0.9582,1.0007,0.9244,0.8647,0.9514,0.8926,0.8463,1.0285,0.9917,0.9681,28.372,15.339,0.0,16.748,948.53,83.805,1038.738
188,2026-05-15T05:05:30.676914+00:00,youtube,GND,36.319,39.688,39.688,0.5193,0.4807,43.507,45.815,0.5129,0.4871,0.4085,0.1751,0,0.9667,0.0167,0.0167,0.212,0.2756,-0.00383,-0.01692,0,0.9667,0.0167,0.0167,0.295,0.1962,0.01453,0.07447,0,0.9667,0.0167,0.0167,0.083,0.1,-0.01167,-0.08789,0.59,46.405,0.9667,0.0167,0.0167,0.9521,0.0312,0.0167,0.5598,0.1066,0.3336,0.9667,0.0167,0.0167,0.9667,0.0167,0.0167,0.9667,0.0167,0.0167,1.0062,0.8423,0.7253,0.9549,0.8532,0.7537,1.0058,0.8934,0.9582,1.0011,0.9236,0.8633,0.9499,0.8915,0.8448,1.0304,0.9914,0.9673,45.768,2.308,0.0,0.637,950.838,83.805,1039.375
189,2026-05-15T05:05:36.688988+00:00,youtube,GND,11.866,25.663,25.663,0.5195,0.4805,18.857,31.762,0.6275,0.3725,0.3928,0.1714,0,0.9667,0.0167,0.0167,0.215,0.2771,-0.00354,-0.01564,0,0.9667,0.0167,0.0167,0.191,0.1999,0.00406,0.02137,0,0.9667,0.0167,0.0167,0.241,0.1,0.00412,0.02928,0.646,32.408,0.9667,0.0167,0.0167,0.9521,0.0312,0.0167,0.5598,0.1066,0.3336,0.9667,0.0167,0.0167,0.9667,0.0167,0.0167,0.9667,0.0167,0.0167,1.0062,0.8423,0.7253,0.9549,0.8532,0.7537,1.0058,0.8934,0.9582,1.0014,0.9228,0.8619,0.9495,0.8904,0.8433,1.0298,0.9911,0.9664,21.1,12.905,0.04,11.308,963.743,83.844,1050.684
190,2026-05-15T05:05:42.700980+00:00,youtube,GND,30.997,30.055,30.055,0.5233,0.4767,37.805,36.126,0.4886,0.5114,0.3775,0.1678,0,0.9667,0.0167,0.0167,0.401,0.2782,0.01515,0.06417,0,0.9667,0.0167,0.0167,0.367,0.2035,0.02167,0.10883,1,0.9667,0.0167,0.0167,0.337,0.15,0.01372,0.06147,1.105,37.232,0.9667,0.0167,0.0167,0.9521,0.0312,0.0167,0.5598,0.1066,0.3336,0.9667,0.0167,0.0167,0.9667,0.0167,0.0167,0.9667,0.0167,0.0167,1.0062,0.8423,0.7253,0.9549,0.8532,0.7537,1.0058,0.8934,0.9582,1.0001,0.922,0.8606,0.9474,0.8893,0.8418,1.0306,0.9899,0.9656,36.734,0.0,0.498,0.498,963.743,84.343,1051.182
191,2026-05-15T05:05:48.711900+00:00,youtube,GND,14.972,24.787,24.787,0.5231,0.4769,21.611,30.833,0.5879,0.4121,0.3625,0.1642,0,0.9667,0.0167,0.0167,0.163,0.2791,-0.00875,-0.03907,0,0.9667,0.0167,0.0167,0.157,0.2071,0.0007,0.00372,0,0.9667,0.0167,0.0167,0.04,0.1,-0.01599,-0.12292,0.36,31.193,0.9667,0.0167,0.0167,0.9521,0.0312,0.0167,0.5598,0.1066,0.3336,0.9667,0.0167,0.0167,0.9667,0.0167,0.0167,0.9667,0.0167,0.0167,1.0062,0.8423,0.7253,0.9549,0.8532,0.7537,1.0058,0.8934,0.9582,1.0009,0.9211,0.8592,0.9474,0.8881,0.8403,1.0332,0.9896,0.9648,23.823,9.222,0.0,7.37,972.965,84.343,1058.552
192,2026-05-15T05:05:54.721677+00:00,youtube,GND,16.156,25.341,25.341,0.5254,0.4746,22.639,31.362,0.5808,0.4192,0.348,0.1608,0,0.9667,0.0167,0.0167,0.37,0.2797,0.01197,0.05104,0,0.9667,0.0167,0.0167,0.369,0.2105,0.02193,0.10981,0,0.9667,0.0167,0.0167,0.05,0.1,-0.01503,-0.11537,0.789,32.15,0.9667,0.0167,0.0167,0.9521,0.0312,0.0167,0.5598,0.1066,0.3336,0.9667,0.0167,0.0167,0.9667,0.0167,0.0167,0.9667,0.0167,0.0167,1.0062,0.8423,0.7253,0.9549,0.8532,0.7537,1.0058,0.8934,0.9582,0.9999,0.9203,0.8578,0.9453,0.887,0.8388,1.0356,0.9893,0.9639,24.838,8.723,0.18,7.313,981.688,84.523,1065.865
193,2026-05-15T05:06:00.735999+00:00,youtube,ISL,36.612,25.199,36.612,0.5274,0.4726,42.95,31.196,0.4207,0.5793,0.334,0.1574,0,0.9667,0.0167,0.0167,0.526,0.2776,-0.01738,-0.04703,0,0.9521,0.0312,0.0167,1.825,0.3662,0.1325,0.29253,0,0.5598,0.1066,0.3336,0.551,0.3889,-0.04491,-0.08497,2.902,45.853,0.9667,0.0167,0.0167,0.9524,0.0309,0.0167,0.5667,0.1026,0.3307,0.9667,0.0167,0.0167,0.9667,0.0167,0.0167,0.9667,0.0167,0.0167,1.0071,0.8413,0.7228,0.9498,0.8522,0.7511,1.0076,0.8909,0.9575,0.9999,0.9203,0.8578,0.9453,0.887,0.8388,1.0356,0.9893,0.9639,31.804,11.755,0.713,14.048,993.443,85.236,1079.913
194,2026-05-15T05:06:06.738425+00:00,youtube,ISL,33.672,38.654,33.672,0.5261,0.4739,39.878,44.626,0.5281,0.4719,0.3205,0.1541,0,0.9667,0.0167,0.0167,0.64,0.2858,-0.00598,-0.01593,2,0.9524,0.0309,0.0167,1.503,0.5317,0.1003,0.11684,0,0.5667,0.1026,0.3307,0.742,0.3889,-0.02585,-0.04806,2.885,42.763,0.9667,0.0167,0.0167,0.9536,0.0297,0.0167,0.5727,0.0989,0.3284,0.9667,0.0167,0.0167,0.9667,0.0167,0.0167,0.9667,0.0167,0.0167,1.0075,0.8402,0.7203,0.9493,0.8511,0.7489,1.0086,0.8884,0.9567,0.9999,0.9203,0.8578,0.9453,0.887,0.8388,1.0356,0.9893,0.9639,42.06,0.0,0.703,0.703,993.443,85.939,1080.616
195,2026-05-15T05:06:12.753854+00:00,instagram,GND,31.405,29.537,29.537,0.5,0.5,37.631,35.513,0.4855,0.5145,0.3075,0.1509,0,0.9667,0.0167,0.0167,0.156,0.3482,-0.00945,-0.04224,0,0.9667,0.0167,0.0167,0.116,0.2738,-0.00343,-0.01831,2,0.3333,0.3333,0.3333,0.216,0.3265,0.00161,0.00492,0.487,36.0,0.9667,0.0167,0.0167,0.9536,0.0297,0.0167,0.3333,0.3333,0.3333,0.9667,0.0167,0.0167,0.9667,0.0167,0.0167,0.3562,0.3269,0.3169,1.0075,0.8402,0.7203,0.9493,0.8511,0.7489,1.0,1.0,1.0,1.0008,0.9193,0.856,0.9457,0.8858,0.8369,1.0,0.9992,0.9999,36.194,0.0,0.0,0.0,993.443,85.939,1080.616
196,2026-05-15T05:06:18.759620+00:00,instagram,GND,27.459,21.667,21.667,0.4998,0.5002,33.568,27.621,0.4514,0.5486,0.2952,0.1477,0,0.9667,0.0167,0.0167,0.175,0.3477,-0.00749,-0.03338,0,0.9667,0.0167,0.0167,0.248,0.2768,0.00979,0.05049,2,0.3562,0.3269,0.3169,0.798,0.3265,0.05983,0.16775,1.221,28.843,0.9667,0.0167,0.0167,0.9536,0.0297,0.0167,0.3333,0.3333,0.3333,0.9667,0.0167,0.0167,0.9667,0.0167,0.0167,0.3822,0.322,0.2958,1.0075,0.8402,0.7203,0.9493,0.8511,0.7489,1.0,1.0,1.0,1.0015,0.9183,0.8542,0.9447,0.8845,0.8351,1.0,0.9984,0.9968,28.303,0.0,0.54,0.54,993.443,86.479,1081.156
197,2026-05-15T05:06:24.773236+00:00,instagram,ISL,11.559,30.081,11.559,0.499,0.501,17.561,36.014,0.6722,0.3278,0.2835,0.1447,0,0.9667,0.0167,0.0167,1.009,0.4356,0.03085,0.07832,0,0.9536,0.0297,0.0167,0.505,0.4234,0.00053,0.00135,2,0.3333,0.3333,0.3333,2.865,0.6667,0.18653,0.24574,4.379,21.94,0.9667,0.0167,0.0167,0.9549,0.0284,0.0167,0.3268,0.3268,0.3464,0.9667,0.0167,0.0167,0.9667,0.0167,0.0167,0.3822,0.322,0.2958,1.006,0.8376,0.7154,0.9492,0.8493,0.7444,0.9802,0.9802,0.9956,1.0015,0.9183,0.8542,0.9447,0.8845,0.8351,1.0,0.9984,0.9968,21.795,0.0,0.145,0.145,993.443,86.624,1081.301
198,2026-05-15T05:06:30.784078+00:00,instagram,ISL,43.655,39.527,43.655,0.5038,0.4962,49.558,45.44,0.4783,0.5217,0.2724,0.1418,0,0.9667,0.0167,0.0167,0.466,0.4501,-0.0234,-0.06386,0,0.9549,0.0284,0.0167,0.484,0.4116,-0.00159,-0.00408,2,0.3268,0.3268,0.3464,3.813,0.6667,0.28127,0.34894,4.763,54.321,0.9667,0.0167,0.0167,0.9562,0.0271,0.0167,0.3209,0.3209,0.3583,0.9667,0.0167,0.0167,0.9667,0.0167,0.0167,0.3822,0.322,0.2958,1.0073,0.8349,0.7107,0.9493,0.8474,0.74,0.9604,0.9605,0.9897,1.0015,0.9183,0.8542,0.9447,0.8845,0.8351,1.0,0.9984,0.9968,46.121,4.119,0.521,8.2,997.561,87.145,1089.501
199,2026-05-15T05:06:36.795192+00:00,instagram,GND,15.754,25.077,25.077,0.5035,0.4965,21.568,30.969,0.5895,0.4105,0.2621,0.1389,0,0.9667,0.0167,0.0167,0.274,0.3442,0.00243,0.01058,0,0.9667,0.0167,0.0167,0.127,0.2848,-0.0023,-0.01226,0,0.3822,0.322,0.2958,0.186,0.1857,-0.00139,-0.0075,0.587,31.556,0.9667,0.0167,0.0167,0.9562,0.0271,0.0167,0.3209,0.3209,0.3583,0.9667,0.0167,0.0167,0.9667,0.0167,0.0167,0.4078,0.3146,0.2776,1.0073,0.8349,0.7107,0.9493,0.8474,0.74,0.9604,0.9605,0.9897,1.0013,0.9172,0.8525,0.9449,0.8832,0.8333,1.0001,0.9976,0.9955,25.822,9.401,0.0,5.734,1006.962,87.145,1095.235
200,2026-05-15T05:06:42.807940+00:00,instagram,GND,19.996,25.246,25.246,0.5057,0.4943,25.731,31.119,0.5474,0.4526,0.2524,0.1362,0,0.9667,0.0167,0.0167,0.281,0.3425,0.0031,0.01349,0,0.9667,0.0167,0.0167,0.082,0.2871,-0.00681,-0.03675,0,0.4078,0.3146,0.2776,0.467,0.1857,0.02671,0.13409,0.83,31.949,0.9667,0.0167,0.0167,0.9562,0.0271,0.0167,0.3209,0.3209,0.3583,0.9667,0.0167,0.0167,0.9667,0.0167,0.0167,0.4251,0.3111,0.2638,1.0073,0.8349,0.7107,0.9493,0.8474,0.74,0.9604,0.9605,0.9897,1.001,0.9162,0.8507,0.9457,0.882,0.8315,0.9976,0.9968,0.9943,30.002,5.389,0.149,1.947,1012.351,87.294,1097.182
201,2026-05-15T05:06:48.814349+00:00,instagram,ISL,30.54,29.618,30.54,0.5068,0.4932,36.203,35.473,0.4949,0.5051,0.2435,0.1335,0,0.9667,0.0167,0.0167,0.551,0.4966,-0.01491,-0.04025,0,0.9562,0.0271,0.0167,1.34,0.3838,0.084,0.19433,2,0.3209,0.3209,0.3583,3.953,0.6667,0.29534,0.36169,5.844,42.047,0.9667,0.0167,0.0167,0.9569,0.0265,0.0167,0.315,0.315,0.3701,0.9667,0.0167,0.0167,0.9667,0.0167,0.0167,0.4251,0.3111,0.2638,1.0081,0.8318,0.7063,0.9458,0.8454,0.7359,0.9407,0.9407,0.9836,1.001,0.9162,0.8507,0.9457,0.882,0.8315,0.9976,0.9968,0.9943,36.154,0.73,1.552,5.893,1013.081,88.846,1103.075
202,2026-05-15T05:06:54.827714+00:00,instagram,ISL,20.004,24.889,20.004,0.5067,0.4933,25.602,30.726,0.5455,0.4545,0.2354,0.1309,0,0.9667,0.0167,0.0167,1.458,0.5119,0.07582,0.18231,0,0.9569,0.0265,0.0167,0.748,0.3777,0.02476,0.06124,2,0.315,0.315,0.3701,2.394,0.6667,0.13936,0.1864,4.599,30.201,0.9667,0.0167,0.0167,0.9579,0.0254,0.0167,0.3078,0.3078,0.3843,0.9667,0.0167,0.0167,0.9667,0.0167,0.0167,0.4251,0.3111,0.2638,1.0048,0.8287,0.702,0.9446,0.8434,0.7319,0.9209,0.921,0.9802,1.001,0.9162,0.8507,0.9457,0.882,0.8315,0.9976,0.9968,0.9943,29.918,0.0,0.283,0.283,1013.081,89.129,1103.358
203,2026-05-15T05:07:00.839749+00:00,instagram,ISL,12.881,29.455,12.881,0.5076,0.4924,18.422,35.276,0.6569,0.3431,0.2281,0.1284,0,0.9667,0.0167,0.0167,0.647,0.5264,-0.00528,-0.01402,0,0.9579,0.0254,0.0167,0.859,0.3733,0.03592,0.0875,2,0.3078,0.3078,0.3843,2.843,0.6667,0.18432,0.23888,4.35,22.772,0.9667,0.0167,0.0167,0.9588,0.0245,0.0167,0.301,0.301,0.398,0.9667,0.0167,0.0167,0.9667,0.0167,0.0167,0.4251,0.3111,0.2638,1.005,0.8254,0.6978,0.9429,0.8414,0.728,0.9011,0.9012,0.9759,1.001,0.9162,0.8507,0.9457,0.882,0.8315,0.9976,0.9968,0.9943,22.765,0.0,0.006,0.006,1013.081,89.135,1103.365
204,2026-05-15T05:07:06.846146+00:00,instagram,GND,33.828,33.953,33.953,0.5118,0.4882,39.319,39.757,0.5028,0.4972,0.2216,0.1261,0,0.9667,0.0167,0.0167,0.221,0.3332,-0.00289,-0.01276,0,0.9667,0.0167,0.0167,0.254,0.2944,0.01039,0.05352,0,0.4251,0.3111,0.2638,0.171,0.1857,-0.00286,-0.01547,0.646,40.404,0.9667,0.0167,0.0167,0.9588,0.0245,0.0167,0.301,0.301,0.398,0.9667,0.0167,0.0167,0.9667,0.0167,0.0167,0.4517,0.3022,0.2461,1.005,0.8254,0.6978,0.9429,0.8414,0.728,0.9011,0.9012,0.9759,1.0013,0.9151,0.849,0.9446,0.8807,0.8296,0.9979,0.9961,0.993,40.438,0.438,0.0,0.0,1013.519,89.135,1103.365
205,2026-05-15T05:07:12.852689+00:00,instagram,GND,12.058,21.402,21.402,0.5118,0.4882,17.507,27.191,0.6083,0.3917,0.2159,0.1238,0,0.9667,0.0167,0.0167,0.437,0.3303,0.01867,0.07849,0,0.9667,0.0167,0.0167,0.298,0.2956,0.0148,0.07526,2,0.4517,0.3022,0.2461,0.236,0.3265,0.00362,0.01095,0.971,28.162,0.9667,0.0167,0.0167,0.9588,0.0245,0.0167,0.301,0.301,0.398,0.9667,0.0167,0.0167,0.9667,0.0167,0.0167,0.4767,0.2926,0.2307,1.005,0.8254,0.6978,0.9429,0.8414,0.728,0.9011,0.9012,0.9759,0.9997,0.9141,0.8473,0.9432,0.8794,0.8278,0.9979,0.9953,0.9928,21.907,9.684,0.291,6.255,1023.203,89.426,1109.619
206,2026-05-15T05:07:18.860694+00:00,instagram,ISL,21.56,25.139,21.56,0.5151,0.4849,26.973,30.914,0.534,0.466,0.2111,0.1216,0,0.9667,0.0167,0.0167,1.188,0.5619,0.04882,0.12091,0,0.9588,0.0245,0.0167,0.467,0.3719,-0.00327,-0.00836,2,0.301,0.301,0.398,2.732,0.6667,0.17315,0.22508,4.387,31.36,0.9667,0.0167,0.0167,0.96,0.0234,0.0167,0.294,0.294,0.412,0.9667,0.0167,0.0167,0.9667,0.0167,0.0167,0.4767,0.2926,0.2307,1.0028,0.8218,0.6938,0.9431,0.8391,0.7243,0.8814,0.8815,0.9719,0.9997,0.9141,0.8473,0.9432,0.8794,0.8278,0.9979,0.9953,0.9928,31.401,0.0,0.0,0.0,1023.203,89.426,1109.619
207,2026-05-15T05:07:24.875465+00:00,instagram,ISL,41.156,26.416,41.156,0.5158,0.4842,46.54,32.176,0.4088,0.5912,0.2071,0.1195,0,0.9667,0.0167,0.0167,0.769,0.5701,0.00688,0.01795,0,0.96,0.0234,0.0167,0.741,0.3753,0.02414,0.05958,2,0.294,0.294,0.412,2.567,0.6667,0.15674,0.20508,4.078,50.618,0.9667,0.0167,0.0167,0.9609,0.0224,0.0167,0.2869,0.2869,0.4263,0.9667,0.0167,0.0167,0.9667,0.0167,0.0167,0.4767,0.2926,0.2307,1.0024,0.8181,0.6898,0.9419,0.8368,0.7206,0.8616,0.8617,0.9682,0.9997,0.9141,0.8473,0.9432,0.8794,0.8278,0.9979,0.9953,0.9928,32.855,14.364,0.0,17.762,1037.566,89.426,1127.382
208,2026-05-15T05:07:30.887818+00:00,instagram,GND,25.41,33.174,33.174,0.5143,0.4857,30.772,38.922,0.5585,0.4415,0.204,0.1176,0,0.9667,0.0167,0.0167,0.396,0.3204,0.01463,0.06197,0,0.9667,0.0167,0.0167,0.223,0.2981,0.00725,0.03755,2,0.4767,0.2926,0.2307,0.467,0.3265,0.02666,0.07783,1.085,40.007,0.9667,0.0167,0.0167,0.9609,0.0224,0.0167,0.2869,0.2869,0.4263,0.9667,0.0167,0.0167,0.9667,0.0167,0.0167,0.5027,0.2832,0.2141,1.0024,0.8181,0.6898,0.9419,0.8368,0.7206,0.8616,0.8617,0.9682,0.9985,0.913,0.8456,0.9424,0.8781,0.826,0.9979,0.9945,0.9913,35.249,8.15,0.407,4.759,1045.716,89.833,1132.14
209,2026-05-15T05:07:36.901096+00:00,instagram,GND,19.766,25.679,25.679,0.5153,0.4847,25.112,31.414,0.5557,0.4443,0.2018,0.1157,0,0.9667,0.0167,0.0167,0.27,0.3167,0.00201,0.00875,0,0.9667,0.0167,0.0167,0.12,0.2985,-0.00296,-0.01578,2,0.5027,0.2832,0.2141,0.178,0.3265,-0.00222,-0.00678,0.568,31.982,0.9667,0.0167,0.0167,0.9609,0.0224,0.0167,0.2869,0.2869,0.4263,0.9667,0.0167,0.0167,0.9667,0.0167,0.0167,0.5274,0.2726,0.2001,1.0024,0.8181,0.6898,0.9419,0.8368,0.7206,0.8616,0.8617,0.9682,0.9984,0.912,0.844,0.9427,0.8768,0.8243,0.9979,0.9937,0.9914,29.607,6.302,0.0,2.375,1052.018,89.833,1134.516
210,2026-05-15T05:07:42.914172+00:00,mixed,ISL,14.478,29.265,14.478,0.5012,0.4988,19.745,34.972,0.6391,0.3609,0.2004,0.1139,0,0.9667,0.0167,0.0167,0.701,0.5048,8e-05,0.0002,0,0.9609,0.0224,0.0167,0.65,0.322,0.015,0.03742,2,0.3566,0.2877,0.3556,2.09,0.5333,0.10903,0.14852,3.441,23.186,0.9667,0.0167,0.0167,0.9618,0.0215,0.0167,0.3592,0.2841,0.3567,0.9667,0.0167,0.0167,0.9667,0.0167,0.0167,0.9667,0.0167,0.0167,1.0024,0.8155,0.6875,0.9412,0.8351,0.7183,0.9808,0.955,0.9791,0.9984,0.912,0.844,0.9427,0.8768,0.8243,1.0232,0.9902,0.9805,22.814,0.0,0.372,0.372,1052.018,90.205,1134.887
211,2026-05-15T05:07:48.930396+00:00,mixed,ISL,32.462,31.736,32.462,0.5013,0.4987,37.725,37.433,0.4981,0.5019,0.2,0.1122,0,0.9667,0.0167,0.0167,0.744,0.5035,0.00442,0.01156,0,0.9618,0.0215,0.0167,0.228,0.332,-0.02719,-0.0717,2,0.3592,0.2841,0.3567,1.213,0.5333,0.02127,0.03074,2.185,39.91,0.9667,0.0167,0.0167,0.963,0.0204,0.0167,0.3608,0.2797,0.3595,0.9667,0.0167,0.0167,0.9667,0.0167,0.0167,0.9667,0.0167,0.0167,1.0022,0.8129,0.6852,0.9427,0.8333,0.716,0.9792,0.9513,0.9785,0.9984,0.912,0.844,0.9427,0.8768,0.8243,1.0232,0.9902,0.9805,38.021,0.293,0.0,1.889,1052.311,90.205,1136.776
212,2026-05-15T05:07:54.948957+00:00,mixed,ISL,12.871,22.416,12.871,0.5006,0.4994,18.137,28.102,0.6077,0.3923,0.2004,0.1107,0,0.9667,0.0167,0.0167,0.591,0.4999,-0.01093,-0.02919,0,0.963,0.0204,0.0167,0.259,0.3433,-0.02408,-0.06335,1,0.3608,0.2797,0.3595,2.677,0.6519,0.16768,0.17823,3.527,21.664,0.9667,0.0167,0.0167,0.9641,0.0193,0.0167,0.363,0.2762,0.3608,0.9667,0.0167,0.0167,0.9667,0.0167,0.0167,0.9667,0.0167,0.0167,1.0028,0.8102,0.6829,0.944,0.8314,0.7138,0.9776,0.948,0.9762,0.9984,0.912,0.844,0.9427,0.8768,0.8243,1.0232,0.9902,0.9805,21.219,0.0,0.446,0.446,1052.311,90.651,1137.222
213,2026-05-15T05:08:00.959929+00:00,mixed,ISL,20.688,25.204,20.688,0.5021,0.4979,25.964,30.881,0.5433,0.4567,0.2018,0.1092,0,0.9667,0.0167,0.0167,1.676,0.4939,0.09756,0.22773,0,0.9641,0.0193,0.0167,0.306,0.3556,-0.01939,-0.05074,1,0.363,0.2762,0.3608,2.122,0.6519,0.11221,0.12243,4.104,30.067,0.9667,0.0167,0.0167,0.9651,0.0182,0.0167,0.3649,0.2733,0.3618,0.9667,0.0167,0.0167,0.9667,0.0167,0.0167,0.9667,0.0167,0.0167,0.9987,0.8075,0.6806,0.945,0.8295,0.7116,0.976,0.9457,0.974,0.9984,0.912,0.844,0.9427,0.8768,0.8243,1.0232,0.9902,0.9805,29.046,0.0,1.022,1.022,1052.311,91.672,1138.244
214,2026-05-15T05:08:06.969240+00:00,mixed,GND,17.373,29.834,29.834,0.5026,0.4974,22.664,35.502,0.6104,0.3896,0.204,0.1079,0,0.9667,0.0167,0.0167,0.104,0.2512,-0.01457,-0.06586,0,0.9667,0.0167,0.0167,0.259,0.261,0.01088,0.0558,0,0.9667,0.0167,0.0167,0.115,0.0971,-0.00852,-0.07458,0.478,35.98,0.9667,0.0167,0.0167,0.9651,0.0182,0.0167,0.3649,0.2733,0.3618,0.9667,0.0167,0.0167,0.9667,0.0167,0.0167,0.9667,0.0167,0.0167,0.9987,0.8075,0.6806,0.945,0.8295,0.7116,0.976,0.9457,0.974,0.9997,0.9111,0.8426,0.9417,0.8757,0.8227,1.0248,0.9898,0.9795,25.744,12.839,0.0,10.236,1065.15,91.672,1148.479
215,2026-05-15T05:08:12.985601+00:00,mixed,GND,16.243,29.05,29.05,0.5051,0.4949,21.556,34.71,0.6169,0.3831,0.2071,0.1066,0,0.9667,0.0167,0.0167,0.268,0.247,0.00175,0.00763,0,0.9667,0.0167,0.0167,0.25,0.2599,0.01002,0.05146,0,0.9667,0.0167,0.0167,0.185,0.0971,-0.0015,-0.01274,0.703,35.412,0.9667,0.0167,0.0167,0.9651,0.0182,0.0167,0.3649,0.2733,0.3618,0.9667,0.0167,0.0167,0.9667,0.0167,0.0167,0.9667,0.0167,0.0167,0.9987,0.8075,0.6806,0.945,0.8295,0.7116,0.976,0.9457,0.974,0.9996,0.9103,0.8413,0.9407,0.8745,0.8212,1.025,0.9895,0.9785,24.634,13.153,0.117,10.779,1078.303,91.789,1159.258
216,2026-05-15T05:08:19.002956+00:00,mixed,ISL,30.175,29.154,30.175,0.5078,0.4922,35.516,34.807,0.495,0.505,0.2111,0.1055,0,0.9667,0.0167,0.0167,0.939,0.4635,0.02392,0.06075,0,0.9651,0.0182,0.0167,0.559,0.3963,0.00595,0.01506,0,0.3649,0.2733,0.3618,1.98,0.5333,0.098,0.13375,3.479,38.994,0.9667,0.0167,0.0167,0.9659,0.0174,0.0167,0.3665,0.2699,0.3636,0.9667,0.0167,0.0167,0.9667,0.0167,0.0167,0.9667,0.0167,0.0167,0.9975,0.8049,0.6783,0.9447,0.8273,0.7094,0.9735,0.9421,0.9717,0.9996,0.9103,0.8413,0.9407,0.8745,0.8212,1.025,0.9895,0.9785,35.392,0.709,0.406,3.602,1079.011,92.195,1162.86
217,2026-05-15T05:08:25.011287+00:00,mixed,GND,36.45,25.134,25.134,0.5077,0.4923,41.825,30.78,0.4239,0.5761,0.2159,0.1044,0,0.9667,0.0167,0.0167,0.264,0.2387,0.0014,0.00612,0,0.9667,0.0167,0.0167,0.064,0.2571,-0.00864,-0.04662,0,0.9667,0.0167,0.0167,0.08,0.0971,-0.01199,-0.10693,0.408,31.188,0.9667,0.0167,0.0167,0.9659,0.0174,0.0167,0.3665,0.2699,0.3636,0.9667,0.0167,0.0167,0.9667,0.0167,0.0167,0.9667,0.0167,0.0167,0.9975,0.8049,0.6783,0.9447,0.8273,0.7094,0.9735,0.9421,0.9717,0.9995,0.9094,0.84,0.9416,0.8733,0.8197,1.0273,0.9892,0.9775,31.364,0.0,0.0,0.0,1079.011,92.195,1162.86
218,2026-05-15T05:08:31.032781+00:00,mixed,ISL,45.097,38.837,45.097,0.5064,0.4936,50.514,44.478,0.4682,0.5318,0.2216,0.1035,1,0.9667,0.0167,0.0167,2.001,0.59,0.13011,0.17861,0,0.9659,0.0174,0.0167,0.522,0.4239,0.00217,0.00551,1,0.3665,0.2699,0.3636,2.165,0.6519,0.11647,0.12604,4.687,55.202,0.9667,0.0167,0.0167,0.9667,0.0167,0.0167,0.3684,0.267,0.3646,0.9667,0.0167,0.0167,0.9667,0.0167,0.0167,0.9667,0.0167,0.0167,0.9971,0.8016,0.676,0.9446,0.8251,0.7073,0.9719,0.9397,0.9695,0.9995,0.9094,0.84,0.9416,0.8733,0.8197,1.0273,0.9892,0.9775,45.061,6.037,1.626,10.141,1085.048,93.821,1173.002
219,2026-05-15T05:08:37.046676+00:00,mixed,ISL,41.005,22.393,41.005,0.506,0.494,46.47,28.028,0.3762,0.6238,0.2281,0.1027,0,0.9667,0.0167,0.0167,0.911,0.4204,0.02115,0.05382,0,0.9667,0.0167,0.0167,0.529,0.437,0.00288,0.00732,0,0.3684,0.267,0.3646,2.159,0.5333,0.1159,0.1557,3.599,50.07,0.9667,0.0167,0.0167,0.9667,0.0167,0.0167,0.3696,0.2638,0.3666,0.9667,0.0167,0.0167,0.9667,0.0167,0.0167,0.9667,0.0167,0.0167,0.9961,0.7991,0.6737,0.9445,0.8229,0.7052,0.9691,0.9361,0.9672,0.9995,0.9094,0.84,0.9416,0.8733,0.8197,1.0273,0.9892,0.9775,28.611,18.442,0.543,21.459,1103.49,94.364,1194.461
220,2026-05-15T05:08:43.057391+00:00,mixed,ISL,45.036,40.861,45.036,0.5039,0.4961,50.557,46.492,0.4791,0.5209,0.2354,0.102,0,0.9667,0.0167,0.0167,1.767,0.4048,0.10666,0.24503,0,0.9667,0.0167,0.0167,1.185,0.4493,0.06851,0.16055,0,0.3696,0.2638,0.3666,1.698,0.5333,0.06976,0.0964,4.649,55.206,0.9667,0.0167,0.0167,0.9667,0.0167,0.0167,0.3716,0.2603,0.3681,0.9667,0.0167,0.0167,0.9667,0.0167,0.0167,0.9667,0.0167,0.0167,0.9917,0.7966,0.6713,0.9415,0.8206,0.7031,0.9672,0.9325,0.965,0.9995,0.9094,0.84,0.9416,0.8733,0.8197,1.0273,0.9892,0.9775,47.073,4.065,1.598,8.133,1107.555,95.962,1202.593
221,2026-05-15T05:08:49.069931+00:00,mixed,ISL,43.149,30.591,43.149,0.5037,0.4963,48.732,36.218,0.4263,0.5737,0.2435,0.1014,0,0.9667,0.0167,0.0167,0.781,0.3891,0.00813,0.02094,0,0.9667,0.0167,0.0167,0.648,0.4606,0.01481,0.03694,1,0.3716,0.2603,0.3681,2.23,0.6519,0.12303,0.1314,3.66,52.392,0.9667,0.0167,0.0167,0.9667,0.0167,0.0167,0.3736,0.2573,0.3691,0.9667,0.0167,0.0167,0.9667,0.0167,0.0167,0.9667,0.0167,0.0167,0.9913,0.7942,0.6689,0.9408,0.8183,0.701,0.9656,0.93,0.9628,0.9995,0.9094,0.84,0.9416,0.8733,0.8197,1.0273,0.9892,0.9775,36.799,12.514,0.613,15.593,1120.07,96.575,1218.187
222,2026-05-15T05:08:55.084971+00:00,mixed,ISL,43.86,36.389,43.86,0.5026,0.4974,49.513,42.013,0.459,0.541,0.2524,0.1009,0,0.9667,0.0167,0.0167,0.309,0.3739,-0.03915,-0.1077,0,0.9667,0.0167,0.0167,1.227,0.4706,0.07274,0.16902,2,0.3736,0.2573,0.3691,1.21,0.5333,0.02102,0.02988,2.746,52.259,0.9667,0.0167,0.0167,0.9667,0.0167,0.0167,0.375,0.2532,0.3718,0.9667,0.0167,0.0167,0.9667,0.0167,0.0167,0.9667,0.0167,0.0167,0.9936,0.7919,0.6665,0.9376,0.8159,0.6989,0.9641,0.9264,0.9622,0.9995,0.9094,0.84,0.9416,0.8733,0.8197,1.0273,0.9892,0.9775,42.593,7.5,0.0,9.667,1127.57,96.575,1227.853
223,2026-05-15T05:09:01.099807+00:00,mixed,GND,21.593,22.713,22.713,0.5021,0.4979,27.324,28.334,0.5091,0.4909,0.2621,0.1005,0,0.9667,0.0167,0.0167,0.344,0.2147,0.00937,0.04011,0,0.9667,0.0167,0.0167,0.074,0.2439,-0.00763,-0.04111,0,0.9667,0.0167,0.0167,0.119,0.0971,-0.00814,-0.07142,0.536,28.87,0.9667,0.0167,0.0167,0.9667,0.0167,0.0167,0.375,0.2532,0.3718,0.9667,0.0167,0.0167,0.9667,0.0167,0.0167,0.9667,0.0167,0.0167,0.9936,0.7919,0.6665,0.9376,0.8159,0.6989,0.9641,0.9264,0.9622,0.9987,0.9085,0.8387,0.9425,0.8721,0.8182,1.0288,0.9889,0.9765,28.913,1.01,0.0,0.0,1128.58,96.575,1227.853
224,2026-05-15T05:09:07.111779+00:00,mixed,GND,26.149,33.714,33.714,0.5023,0.4977,31.966,39.333,0.5517,0.4483,0.2724,0.1002,0,0.9667,0.0167,0.0167,0.079,0.2111,-0.01713,-0.07794,0,0.9667,0.0167,0.0167,0.111,0.2411,-0.00392,-0.02092,0,0.9667,0.0167,0.0167,0.116,0.0971,-0.0084,-0.07393,0.305,39.639,0.9667,0.0167,0.0167,0.9667,0.0167,0.0167,0.375,0.2532,0.3718,0.9667,0.0167,0.0167,0.9667,0.0167,0.0167,0.9667,0.0167,0.0167,0.9936,0.7919,0.6665,0.9376,0.8159,0.6989,0.9641,0.9264,0.9622,1.0003,0.9077,0.8374,0.9429,0.871,0.8167,1.0303,0.9885,0.9755,35.0,7.367,0.0,4.639,1135.947,96.575,1232.492
225,2026-05-15T05:09:13.128590+00:00,youtube,GND,20.383,25.395,25.395,0.5265,0.4735,26.252,31.006,0.5415,0.4585,0.2835,0.1001,0,0.9667,0.0167,0.0167,0.058,0.1847,-0.01918,-0.08783,0,0.9667,0.0167,0.0167,0.093,0.2203,-0.00575,-0.03085,0,0.9667,0.0167,0.0167,0.066,0.1,-0.01342,-0.10259,0.217,31.222,0.9667,0.0167,0.0167,0.9667,0.0167,0.0167,0.5727,0.0989,0.3284,0.9667,0.0167,0.0167,0.9667,0.0167,0.0167,0.9667,0.0167,0.0167,0.9936,0.7919,0.6665,0.9376,0.8159,0.6989,1.0086,0.8884,0.9567,1.0021,0.9069,0.8362,0.9435,0.8698,0.8154,1.0378,0.989,0.9631,28.574,4.754,0.0,2.649,1140.701,96.575,1235.141
226,2026-05-15T05:09:19.135392+00:00,youtube,ISL,31.52,29.564,31.52,0.5274,0.4726,37.492,35.174,0.4841,0.5159,0.2952,0.1,0,0.9667,0.0167,0.0167,0.207,0.2858,-0.04931,-0.1381,0,0.9667,0.0167,0.0167,0.543,0.4577,0.00425,0.01071,0,0.5727,0.0989,0.3284,0.507,0.3889,-0.04933,-0.09401,1.256,38.748,0.9667,0.0167,0.0167,0.9667,0.0167,0.0167,0.5798,0.095,0.3252,0.9667,0.0167,0.0167,0.9667,0.0167,0.0167,0.9667,0.0167,0.0167,0.9965,0.7903,0.6645,0.9374,0.814,0.6972,1.0106,0.8859,0.9559,1.0021,0.9069,0.8362,0.9435,0.8698,0.8154,1.0378,0.989,0.9631,35.768,2.317,0.0,2.98,1143.018,96.575,1238.12
227,2026-05-15T05:09:25.156109+00:00,youtube,ISL,11.648,21.852,11.648,0.5272,0.4728,17.732,27.462,0.6076,0.3924,0.3075,0.1001,0,0.9667,0.0167,0.0167,0.395,0.2776,-0.03051,-0.08332,0,0.9667,0.0167,0.0167,0.583,0.4592,0.00827,0.0207,2,0.5798,0.095,0.3252,1.169,0.4148,0.01695,0.02696,2.147,19.879,0.9667,0.0167,0.0167,0.9667,0.0167,0.0167,0.5845,0.0917,0.3237,0.9667,0.0167,0.0167,0.9667,0.0167,0.0167,0.9667,0.0167,0.0167,0.9983,0.7888,0.6625,0.937,0.812,0.6955,1.0106,0.8834,0.9553,1.0021,0.9069,0.8362,0.9435,0.8698,0.8154,1.0378,0.989,0.9631,20.043,0.0,0.0,0.0,1143.018,96.575,1238.12
228,2026-05-15T05:09:31.170812+00:00,youtube,GND,15.695,25.783,25.783,0.5307,0.4693,21.901,31.395,0.5891,0.4109,0.3205,0.1002,0,0.9667,0.0167,0.0167,0.224,0.1754,-0.00265,-0.01168,0,0.9667,0.0167,0.0167,0.56,0.2105,0.04097,0.19528,0,0.9667,0.0167,0.0167,0.088,0.1,-0.01118,-0.08482,0.871,32.266,0.9667,0.0167,0.0167,0.9667,0.0167,0.0167,0.5845,0.0917,0.3237,0.9667,0.0167,0.0167,0.9667,0.0167,0.0167,0.9667,0.0167,0.0167,0.9983,0.7888,0.6625,0.937,0.812,0.6955,1.0106,0.8834,0.9553,1.0023,0.9061,0.8351,0.9399,0.8687,0.814,1.0395,0.9887,0.9623,24.205,9.494,0.279,8.061,1152.512,96.854,1246.182
229,2026-05-15T05:09:37.185642+00:00,youtube,ISL,24.786,26.028,24.786,0.5329,0.4671,31.125,31.641,0.5041,0.4959,0.334,0.1005,0,0.9667,0.0167,0.0167,0.242,0.2679,-0.04584,-0.12835,0,0.9667,0.0167,0.0167,0.778,0.4563,0.02782,0.06793,2,0.5845,0.0917,0.3237,0.781,0.4148,-0.02188,-0.03593,1.801,32.926,0.9667,0.0167,0.0167,0.9667,0.0167,0.0167,0.5883,0.0884,0.3233,0.9667,0.0167,0.0167,0.9667,0.0167,0.0167,0.9667,0.0167,0.0167,1.001,0.7875,0.6604,0.9357,0.8101,0.6937,1.0107,0.8809,0.9561,1.0023,0.9061,0.8351,0.9399,0.8687,0.814,1.0395,0.9887,0.9623,32.233,0.0,0.0,0.693,1152.512,96.854,1246.875
230,2026-05-15T05:09:43.198092+00:00,youtube,ISL,32.93,22.732,32.93,0.5331,0.4669,39.413,28.347,0.4183,0.5817,0.348,0.1009,0,0.9667,0.0167,0.0167,0.527,0.2667,-0.01735,-0.0467,0,0.9667,0.0167,0.0167,0.624,0.452,0.01237,0.03075,0,0.5883,0.0884,0.3233,0.844,0.3889,-0.01563,-0.02887,1.994,41.407,0.9667,0.0167,0.0167,0.9667,0.0167,0.0167,0.5937,0.0852,0.3211,0.9667,0.0167,0.0167,0.9667,0.0167,0.0167,0.9667,0.0167,0.0167,1.0019,0.7862,0.6582,0.9351,0.8082,0.6919,1.0113,0.8784,0.9553,1.0023,0.9061,0.8351,0.9399,0.8687,0.814,1.0395,0.9887,0.9623,28.938,11.066,0.0,12.469,1163.578,96.854,1259.343
231,2026-05-15T05:09:49.213138+00:00,youtube,ISL,21.48,29.514,21.48,0.5317,0.4683,28.119,35.132,0.5554,0.4446,0.3625,0.1014,0,0.9667,0.0167,0.0167,0.384,0.2679,-0.03163,-0.08701,0,0.9667,0.0167,0.0167,0.775,0.4459,0.02748,0.067,0,0.5937,0.0852,0.3211,0.557,0.3889,-0.04431,-0.08425,1.715,29.834,0.9667,0.0167,0.0167,0.9667,0.0167,0.0167,0.6004,0.0818,0.3178,0.9667,0.0167,0.0167,0.9667,0.0167,0.0167,0.9667,0.0167,0.0167,1.0038,0.785,0.656,0.9338,0.8063,0.6901,1.013,0.876,0.9545,1.0023,0.9061,0.8351,0.9399,0.8687,0.814,1.0395,0.9887,0.9623,30.4,0.0,0.0,0.0,1163.578,96.854,1259.343
232,2026-05-15T05:09:55.225356+00:00,youtube,ISL,12.576,26.615,12.576,0.5328,0.4672,19.384,32.237,0.6245,0.3755,0.3775,0.102,0,0.9667,0.0167,0.0167,1.488,0.2716,0.07884,0.18815,0,0.9667,0.0167,0.0167,0.536,0.4381,0.00363,0.0091,0,0.6004,0.0818,0.3178,0.807,0.3889,-0.01928,-0.03581,2.832,22.216,0.9667,0.0167,0.0167,0.9667,0.0167,0.0167,0.606,0.0787,0.3153,0.9667,0.0167,0.0167,0.9667,0.0167,0.0167,0.9667,0.0167,0.0167,1.0003,0.7838,0.6537,0.9336,0.8045,0.6883,1.0138,0.8735,0.9537,1.0023,0.9061,0.8351,0.9399,0.8687,0.814,1.0395,0.9887,0.9623,21.658,0.0,0.558,0.558,1163.578,97.412,1259.901
233,2026-05-15T05:10:01.238258+00:00,youtube,ISL,42.345,29.864,42.345,0.5364,0.4636,49.336,35.491,0.4184,0.5816,0.3928,0.1027,0,0.9667,0.0167,0.0167,0.251,0.2776,-0.04494,-0.12593,0,0.9667,0.0167,0.0167,0.521,0.4287,0.00208,0.00522,0,0.606,0.0787,0.3153,0.857,0.3889,-0.01431,-0.02647,1.628,50.964,0.9667,0.0167,0.0167,0.9667,0.0167,0.0167,0.6113,0.0758,0.3129,0.9667,0.0167,0.0167,0.9667,0.0167,0.0167,0.9667,0.0167,0.0167,1.003,0.7827,0.6515,0.9335,0.8028,0.6864,1.0143,0.871,0.9529,1.0023,0.9061,0.8351,0.9399,0.8687,0.814,1.0395,0.9887,0.9623,36.08,13.845,0.0,14.884,1177.423,97.412,1274.786
234,2026-05-15T05:10:07.251894+00:00,youtube,GND,23.327,30.939,30.939,0.5354,0.4646,30.516,36.571,0.5451,0.4549,0.4085,0.1035,0,0.9667,0.0167,0.0167,0.261,0.1629,0.0011,0.00483,0,0.9667,0.0167,0.0167,0.156,0.1888,0.00059,0.00308,0,0.9667,0.0167,0.0167,0.134,0.1,-0.00656,-0.04892,0.551,37.122,0.9667,0.0167,0.0167,0.9667,0.0167,0.0167,0.6113,0.0758,0.3129,0.9667,0.0167,0.0167,0.9667,0.0167,0.0167,0.9667,0.0167,0.0167,1.003,0.7827,0.6515,0.9335,0.8028,0.6864,1.0143,0.871,0.9529,1.0023,0.9054,0.8339,0.9399,0.8676,0.8126,1.0405,0.9884,0.9614,32.776,6.055,0.0,4.347,1183.478,97.412,1279.132
235,2026-05-15T05:10:13.254993+00:00,youtube,GND,18.334,26.086,26.086,0.5363,0.4637,25.736,31.724,0.5521,0.4479,0.4246,0.1044,0,0.9667,0.0167,0.0167,0.186,0.1618,-0.00641,-0.02855,0,0.9667,0.0167,0.0167,0.061,0.185,-0.00886,-0.0478,0,0.9667,0.0167,0.0167,0.064,0.1,-0.01365,-0.10495,0.311,32.035,0.9667,0.0167,0.0167,0.9667,0.0167,0.0167,0.6113,0.0758,0.3129,0.9667,0.0167,0.0167,0.9667,0.0167,0.0167,0.9667,0.0167,0.0167,1.003,0.7827,0.6515,0.9335,0.8028,0.6864,1.0143,0.871,0.9529,1.0028,0.9047,0.8327,0.9409,0.8666,0.8113,1.0427,0.9881,0.9606,27.991,5.988,0.0,4.044,1189.466,97.412,1283.176
236,2026-05-15T05:10:19.271661+00:00,youtube,GND,8.89,21.63,21.63,0.5377,0.4623,16.522,27.275,0.6228,0.3772,0.4409,0.1055,0,0.9667,0.0167,0.0167,0.077,0.1609,-0.01726,-0.07888,0,0.9667,0.0167,0.0167,0.103,0.1812,-0.00466,-0.02487,2,0.9667,0.0167,0.0167,0.433,0.2,0.02327,0.07523,0.614,27.889,0.9667,0.0167,0.0167,0.9667,0.0167,0.0167,0.6113,0.0758,0.3129,0.9667,0.0167,0.0167,0.9667,0.0167,0.0167,0.9667,0.0167,0.0167,1.003,0.7827,0.6515,0.9335,0.8028,0.6864,1.0143,0.871,0.9529,1.0045,0.9039,0.8316,0.9414,0.8655,0.81,1.0435,0.9878,0.9592,18.773,10.753,0.026,9.116,1200.22,97.438,1292.292
237,2026-05-15T05:10:25.288289+00:00,youtube,GND,27.993,32.318,32.318,0.5425,0.4575,35.873,37.97,0.5142,0.4858,0.4574,0.1066,0,0.9667,0.0167,0.0167,0.328,0.1603,0.00781,0.03372,0,0.9667,0.0167,0.0167,0.119,0.1775,-0.00309,-0.01642,0,0.9667,0.0167,0.0167,0.124,0.1,-0.00756,-0.05688,0.572,38.541,0.9667,0.0167,0.0167,0.9667,0.0167,0.0167,0.6113,0.0758,0.3129,0.9667,0.0167,0.0167,0.9667,0.0167,0.0167,0.9667,0.0167,0.0167,1.003,0.7827,0.6515,0.9335,0.8028,0.6864,1.0143,0.871,0.9529,1.0038,0.9032,0.8304,0.9417,0.8644,0.8087,1.0447,0.9875,0.9583,38.123,2.096,0.0,0.418,1202.316,97.438,1292.71
238,2026-05-15T05:10:31.298574+00:00,youtube,ISL,13.711,26.308,13.711,0.5428,0.4572,21.86,31.968,0.5939,0.4061,0.4742,0.1079,0,0.9667,0.0167,0.0167,0.572,0.3358,-0.0128,-0.0343,0,0.9667,0.0167,0.0167,0.97,0.3662,0.04695,0.11161,0,0.6113,0.0758,0.3129,0.647,0.3889,-0.03533,-0.06677,2.188,24.048,0.9667,0.0167,0.0167,0.9667,0.0167,0.0167,0.6175,0.0728,0.3097,0.9667,0.0167,0.0167,0.9667,0.0167,0.0167,0.9667,0.0167,0.0167,1.0037,0.7818,0.649,0.9314,0.8013,0.6844,1.0157,0.8686,0.9522,1.0038,0.9032,0.8304,0.9417,0.8644,0.8087,1.0447,0.9875,0.9583,24.11,0.0,0.0,0.0,1202.316,97.438,1292.71
239,2026-05-15T05:10:37.312152+00:00,youtube,ISL,16.189,28.789,16.189,0.5456,0.4544,24.629,34.458,0.5832,0.4168,0.491,0.1092,0,0.9667,0.0167,0.0167,0.742,0.351,0.0042,0.01101,0,0.9667,0.0167,0.0167,0.923,0.3523,0.04229,0.10086,2,0.6175,0.0728,0.3097,1.173,0.4148,0.01733,0.02744,2.838,27.467,0.9667,0.0167,0.0167,0.9667,0.0167,0.0167,0.6221,0.0701,0.3078,0.9667,0.0167,0.0167,0.9667,0.0167,0.0167,0.9667,0.0167,0.0167,1.0035,0.7809,0.6464,0.9295,0.7998,0.6824,1.0157,0.8661,0.9516,1.0038,0.9032,0.8304,0.9417,0.8644,0.8087,1.0447,0.9875,0.9583,26.881,0.0,0.585,0.585,1202.316,98.023,1293.295
240,2026-05-15T05:10:43.323037+00:00,mixed,ISL,16.185,28.939,16.185,0.5032,0.4968,25.035,34.625,0.5804,0.4196,0.508,0.1107,0,0.9667,0.0167,0.0167,0.472,0.4048,-0.02283,-0.06211,0,0.9667,0.0167,0.0167,0.522,0.3755,0.00221,0.00554,1,0.375,0.2532,0.3718,4.374,0.6519,0.33738,0.32301,5.368,30.402,0.9667,0.0167,0.0167,0.9667,0.0167,0.0167,0.3778,0.2486,0.3736,0.9667,0.0167,0.0167,0.9667,0.0167,0.0167,0.9667,0.0167,0.0167,1.0048,0.7797,0.6431,0.9294,0.7981,0.6799,0.9625,0.9208,0.96,1.0038,0.9032,0.8304,0.9417,0.8644,0.8087,1.0303,0.9885,0.9755,27.99,0.0,2.413,2.413,1202.316,100.436,1295.708
241,2026-05-15T05:10:49.334386+00:00,mixed,GND,30.919,29.084,29.084,0.5058,0.4942,40.114,34.78,0.4644,0.5356,0.525,0.1122,0,0.9667,0.0167,0.0167,0.368,0.1838,0.01175,0.05029,0,0.9667,0.0167,0.0167,0.303,0.1808,0.01534,0.07766,0,0.9667,0.0167,0.0167,0.102,0.0971,-0.00983,-0.08729,0.773,35.552,0.9667,0.0167,0.0167,0.9667,0.0167,0.0167,0.3778,0.2486,0.3736,0.9667,0.0167,0.0167,0.9667,0.0167,0.0167,0.9667,0.0167,0.0167,1.0048,0.7797,0.6431,0.9294,0.7981,0.6799,0.9625,0.9208,0.96,1.0028,0.9025,0.8292,0.9402,0.8633,0.8073,1.0321,0.9882,0.9745,35.348,0.0,0.205,0.205,1202.316,100.64,1295.912
242,2026-05-15T05:10:55.342020+00:00,mixed,ISL,13.638,21.403,13.638,0.5055,0.4945,23.208,27.11,0.5388,0.4612,0.542,0.1139,0,0.9667,0.0167,0.0167,0.478,0.4357,-0.02219,-0.0604,0,0.9667,0.0167,0.0167,0.713,0.3493,0.02127,0.05193,0,0.3778,0.2486,0.3736,1.243,0.5333,0.02434,0.03452,2.434,25.642,0.9667,0.0167,0.0167,0.9667,0.0167,0.0167,0.3808,0.2448,0.3744,0.9667,0.0167,0.0167,0.9667,0.0167,0.0167,0.9667,0.0167,0.0167,1.006,0.7785,0.6398,0.9284,0.7965,0.6773,0.9618,0.9173,0.9578,1.0028,0.9025,0.8292,0.9402,0.8633,0.8073,1.0321,0.9882,0.9745,26.181,0.0,0.0,0.0,1202.316,100.64,1295.912
243,2026-05-15T05:11:01.354998+00:00,mixed,GND,20.366,22.179,22.179,0.5072,0.4928,30.34,27.897,0.479,0.521,0.559,0.1157,0,0.9667,0.0167,0.0167,0.131,0.1858,-0.01186,-0.05349,0,0.9667,0.0167,0.0167,0.305,0.174,0.0155,0.07834,0,0.9667,0.0167,0.0167,0.074,0.0971,-0.0126,-0.11359,0.51,28.408,0.9667,0.0167,0.0167,0.9667,0.0167,0.0167,0.3808,0.2448,0.3744,0.9667,0.0167,0.0167,0.9667,0.0167,0.0167,0.9667,0.0167,0.0167,1.006,0.7785,0.6398,0.9284,0.7965,0.6773,0.9618,0.9173,0.9578,1.0039,0.9017,0.8279,0.9387,0.8622,0.8059,1.0345,0.9879,0.9735,28.465,0.0,0.0,0.0,1202.316,100.64,1295.912
244,2026-05-15T05:11:07.357434+00:00,mixed,GND,29.236,25.984,25.984,0.5071,0.4929,39.649,31.715,0.4444,0.5556,0.5758,0.1176,0,0.9667,0.0167,0.0167,0.11,0.1872,-0.01396,-0.06334,0,0.9667,0.0167,0.0167,0.058,0.1707,-0.00919,-0.04959,0,0.9667,0.0167,0.0167,0.212,0.0971,0.00115,0.00975,0.38,32.095,0.9667,0.0167,0.0167,0.9667,0.0167,0.0167,0.3808,0.2448,0.3744,0.9667,0.0167,0.0167,0.9667,0.0167,0.0167,0.9667,0.0167,0.0167,1.006,0.7785,0.6398,0.9284,0.7965,0.6773,0.9618,0.9173,0.9578,1.0052,0.9009,0.8266,0.9397,0.8611,0.8045,1.0343,0.9875,0.9725,32.283,0.0,0.0,0.0,1202.316,100.64,1295.912
245,2026-05-15T05:11:13.376462+00:00,mixed,ISL,28.7,25.457,28.7,0.5065,0.4935,39.586,31.201,0.4408,0.5592,0.5926,0.1195,0,0.9667,0.0167,0.0167,0.576,0.4755,-0.0124,-0.03333,0,0.9667,0.0167,0.0167,1.808,0.3175,0.1308,0.28226,2,0.3808,0.2448,0.3744,1.213,0.5333,0.02127,0.03008,3.597,43.183,0.9667,0.0167,0.0167,0.9667,0.0167,0.0167,0.3822,0.2408,0.377,0.9667,0.0167,0.0167,0.9667,0.0167,0.0167,0.9667,0.0167,0.0167,1.0067,0.7773,0.6363,0.9234,0.7951,0.6746,0.9602,0.9137,0.9572,1.0052,0.9009,0.8266,0.9397,0.8611,0.8045,1.0343,0.9875,0.9725,31.768,8.386,0.588,11.415,1210.701,101.229,1307.327
246,2026-05-15T05:11:19.393999+00:00,mixed,ISL,19.359,29.699,19.359,0.5057,0.4943,30.759,35.457,0.5355,0.4645,0.6091,0.1216,0,0.9667,0.0167,0.0167,0.565,0.4857,-0.01354,-0.03646,0,0.9667,0.0167,0.0167,1.273,0.3097,0.07728,0.17564,2,0.3822,0.2408,0.377,1.442,0.5333,0.04421,0.06147,3.28,34.039,0.9667,0.0167,0.0167,0.9667,0.0167,0.0167,0.3839,0.237,0.3791,0.9667,0.0167,0.0167,0.9667,0.0167,0.0167,0.9667,0.0167,0.0167,1.0074,0.776,0.6329,0.9202,0.7937,0.6719,0.9587,0.9102,0.956,1.0052,0.9009,0.8266,0.9397,0.8611,0.8045,1.0343,0.9875,0.9725,33.779,0.0,0.26,0.26,1210.701,101.488,1307.587
247,2026-05-15T05:11:25.402534+00:00,mixed,GND,18.574,30.797,30.797,0.5069,0.4931,30.529,36.569,0.545,0.455,0.6254,0.1238,0,0.9667,0.0167,0.0167,0.323,0.1931,0.00734,0.03176,0,0.9667,0.0167,0.0167,0.189,0.1618,0.00391,0.02037,0,0.9667,0.0167,0.0167,0.114,0.0971,-0.00864,-0.07656,0.626,37.196,0.9667,0.0167,0.0167,0.9667,0.0167,0.0167,0.3839,0.237,0.3791,0.9667,0.0167,0.0167,0.9667,0.0167,0.0167,0.9667,0.0167,0.0167,1.0074,0.776,0.6329,0.9202,0.7937,0.6719,0.9587,0.9102,0.956,1.0046,0.9002,0.8253,0.9393,0.86,0.8031,1.0359,0.9872,0.9715,33.56,6.04,0.059,3.636,1216.741,101.547,1311.223
248,2026-05-15T05:11:31.419093+00:00,mixed,ISL,36.743,29.141,36.743,0.5084,0.4916,49.301,34.928,0.4147,0.5853,0.6415,0.1261,0,0.9667,0.0167,0.0167,0.836,0.4999,0.01359,0.03527,0,0.9667,0.0167,0.0167,0.207,0.2993,-0.02931,-0.07575,2,0.3839,0.237,0.3791,1.283,0.5333,0.02831,0.03976,2.326,51.627,0.9667,0.0167,0.0167,0.9667,0.0167,0.0167,0.3853,0.2332,0.3815,0.9667,0.0167,0.0167,0.9667,0.0167,0.0167,0.9667,0.0167,0.0167,1.0067,0.7747,0.6294,0.9218,0.7924,0.669,0.9571,0.9066,0.9552,1.0046,0.9002,0.8253,0.9393,0.86,0.8031,1.0359,0.9872,0.9715,35.496,14.373,0.0,16.131,1231.114,101.547,1327.354
249,2026-05-15T05:11:37.434451+00:00,mixed,GND,32.997,23.043,23.043,0.5074,0.4926,46.206,28.847,0.3844,0.6156,0.6572,0.1284,0,0.9667,0.0167,0.0167,0.287,0.1983,0.0037,0.01613,0,0.9667,0.0167,0.0167,0.085,0.1566,-0.00655,-0.03508,0,0.9667,0.0167,0.0167,0.097,0.0971,-0.01033,-0.09239,0.468,29.315,0.9667,0.0167,0.0167,0.9667,0.0167,0.0167,0.3853,0.2332,0.3815,0.9667,0.0167,0.0167,0.9667,0.0167,0.0167,0.9667,0.0167,0.0167,1.0067,0.7747,0.6294,0.9218,0.7924,0.669,0.9571,0.9066,0.9552,1.0043,0.8995,0.824,0.94,0.8589,0.8017,1.0378,0.9869,0.9705,29.415,0.0,0.0,0.0,1231.114,101.547,1327.354
250,2026-05-15T05:11:43.438162+00:00,mixed,ISL,22.529,29.693,22.529,0.5058,0.4942,36.444,35.514,0.4935,0.5065,0.6725,0.1309,0,0.9667,0.0167,0.0167,0.525,0.5048,-0.01745,-0.04726,0,0.9667,0.0167,0.0167,0.308,0.2964,-0.01925,-0.04914,1,0.3853,0.2332,0.3815,2.251,0.6519,0.12507,0.12996,3.084,39.528,0.9667,0.0167,0.0167,0.9667,0.0167,0.0167,0.3872,0.2303,0.3825,0.9667,0.0167,0.0167,0.9667,0.0167,0.0167,0.9667,0.0167,0.0167,1.0077,0.7733,0.626,0.9228,0.7912,0.6662,0.9555,0.9042,0.953,1.0043,0.8995,0.824,0.94,0.8589,0.8017,1.0378,0.9869,0.9705,36.082,0.93,0.038,3.446,1232.045,101.585,1330.8
251,2026-05-15T05:11:49.451942+00:00,mixed,ISL,29.039,25.836,29.039,0.5062,0.4938,43.718,31.674,0.4201,0.5799,0.6875,0.1335,0,0.9667,0.0167,0.0167,1.597,0.5035,0.08974,0.21228,0,0.9667,0.0167,0.0167,0.376,0.2978,-0.01238,-0.03135,1,0.3872,0.2303,0.3825,2.424,0.6519,0.14242,0.14632,4.398,48.115,0.9667,0.0167,0.0167,0.9667,0.0167,0.0167,0.3892,0.2273,0.3835,0.9667,0.0167,0.0167,0.9667,0.0167,0.0167,0.9667,0.0167,0.0167,1.0039,0.7719,0.6226,0.9234,0.7899,0.6632,0.954,0.9015,0.9508,1.0043,0.8995,0.824,0.94,0.8589,0.8017,1.0378,0.9869,0.9705,32.242,12.043,1.354,15.873,1244.088,102.939,1346.673
252,2026-05-15T05:11:55.469655+00:00,mixed,GND,18.622,21.704,21.704,0.5053,0.4947,34.126,27.56,0.4468,0.5532,0.702,0.1362,0,0.9667,0.0167,0.0167,0.321,0.2076,0.00711,0.03075,0,0.9667,0.0167,0.0167,0.076,0.1503,-0.00737,-0.0396,0,0.9667,0.0167,0.0167,0.128,0.0971,-0.00722,-0.0638,0.525,28.085,0.9667,0.0167,0.0167,0.9667,0.0167,0.0167,0.3892,0.2273,0.3835,0.9667,0.0167,0.0167,0.9667,0.0167,0.0167,0.9667,0.0167,0.0167,1.0039,0.7719,0.6226,0.9234,0.7899,0.6632,0.954,0.9015,0.9508,1.0037,0.8988,0.8227,0.9408,0.8579,0.8003,1.0392,0.9866,0.9695,28.129,0.0,0.0,0.0,1244.088,102.939,1346.673
253,2026-05-15T05:12:01.470827+00:00,mixed,GND,14.219,27.236,27.236,0.5051,0.4949,30.615,33.111,0.5196,0.4804,0.716,0.1389,0,0.9667,0.0167,0.0167,0.14,0.2111,-0.01098,-0.04945,0,0.9667,0.0167,0.0167,0.26,0.1486,0.01098,0.05616,0,0.9667,0.0167,0.0167,0.071,0.0971,-0.01292,-0.11748,0.471,33.582,0.9667,0.0167,0.0167,0.9667,0.0167,0.0167,0.3892,0.2273,0.3835,0.9667,0.0167,0.0167,0.9667,0.0167,0.0167,0.9667,0.0167,0.0167,1.0039,0.7719,0.6226,0.9234,0.7899,0.6632,0.954,0.9015,0.9508,1.0047,0.898,0.8213,0.9397,0.8568,0.7989,1.0416,0.9862,0.9685,33.647,2.496,0.0,0.0,1246.584,102.939,1346.673
254,2026-05-15T05:12:07.493168+00:00,mixed,GND,30.96,28.968,28.968,0.5066,0.4934,48.316,34.863,0.4191,0.5809,0.7295,0.1418,0,0.9667,0.0167,0.0167,0.289,0.2147,0.00393,0.01713,0,0.9667,0.0167,0.0167,0.395,0.1471,0.02449,0.12093,0,0.9667,0.0167,0.0167,0.23,0.0971,0.00302,0.02552,0.914,35.777,0.9667,0.0167,0.0167,0.9667,0.0167,0.0167,0.3892,0.2273,0.3835,0.9667,0.0167,0.0167,0.9667,0.0167,0.0167,0.9667,0.0167,0.0167,1.0039,0.7719,0.6226,0.9234,0.7899,0.6632,0.954,0.9015,0.9508,1.0044,0.8973,0.82,0.9374,0.8557,0.7975,1.0411,0.9859,0.9675,35.432,0.0,0.345,0.345,1246.584,103.284,1347.018
