ho_id,timestamp,task_type,path,isl_ms,gnd_ms,prop_ms,path_p_isl,path_p_gnd,access_cost_isl,access_cost_gnd,inv_cost_p_isl,inv_cost_p_gnd,trgsat_bg,tn_bg,amf_inst,amf_p0,amf_p1,amf_p2,amf_ms,amf_rho,amf_x,amf_cost,smf_inst,smf_p0,smf_p1,smf_p2,smf_ms,smf_rho,smf_x,smf_cost,upf_inst,upf_p0,upf_p1,upf_p2,upf_ms,upf_rho,upf_x,upf_cost,core_ms,total_ms,on_amf_p0,on_amf_p1,on_amf_p2,on_smf_p0,on_smf_p1,on_smf_p2,on_upf_p0,on_upf_p1,on_upf_p2,gnd_amf_p0,gnd_amf_p1,gnd_amf_p2,gnd_smf_p0,gnd_smf_p1,gnd_smf_p2,gnd_upf_p0,gnd_upf_p1,gnd_upf_p2,on_amf_B0,on_amf_B1,on_amf_B2,on_smf_B0,on_smf_B1,on_smf_B2,on_upf_B0,on_upf_B1,on_upf_B2,gnd_amf_B0,gnd_amf_B1,gnd_amf_B2,gnd_smf_B0,gnd_smf_B1,gnd_smf_B2,gnd_upf_B0,gnd_upf_B1,gnd_upf_B2,global_oracle_ms,access_regret_ms,inst_regret_ms,global_regret_ms,cum_access_regret_ms,cum_inst_regret_ms,cum_global_regret_ms
1,2026-05-15T04:46:44.830045+00:00,browsing,ISL,17.261,40.401,17.261,0.5,0.5,26.563,48.228,0.6448,0.3552,0.525,0.35,1,0.3333,0.3333,0.3333,1.415,0.6276,0.07153,0.12586,2,0.3333,0.3333,0.3333,3.751,0.5505,0.32511,0.42946,0,0.3333,0.3333,0.3333,0.81,0.5,-0.01901,-0.03481,5.976,32.54,0.3333,0.3333,0.3333,0.3333,0.3333,0.3333,0.3333,0.3333,0.3333,0.3333,0.3333,0.3333,0.3333,0.3333,0.3333,0.3333,0.3333,0.3333,,,,,,,,,,,,,,,,,,,29.481,0.0,3.058,3.058,0.0,3.058,3.058
2,2026-05-15T04:46:50.842901+00:00,browsing,GND,40.086,43.547,43.547,0.5,0.5,49.771,51.439,0.5082,0.4918,0.542,0.3552,2,0.3333,0.3333,0.3333,0.406,0.4231,0.01561,0.03358,0,0.3333,0.3333,0.3333,0.179,0.2733,0.00293,0.01627,1,0.3333,0.3333,0.3333,0.095,0.1821,-0.01045,-0.05302,0.681,52.12,0.3333,0.3333,0.3333,0.3333,0.3333,0.3333,0.3333,0.3333,0.3333,0.3333,0.3333,0.3333,0.3333,0.3333,0.3333,0.3333,0.3333,0.3333,,,,,,,,,,,,,,,,,,,52.03,1.668,0.09,0.09,1.668,3.149,3.149
3,2026-05-15T04:46:56.853139+00:00,browsing,ISL,17.047,27.019,17.047,0.5,0.5,27.147,34.977,0.563,0.437,0.559,0.3605,0,0.3333,0.3333,0.3333,1.196,0.4883,0.04958,0.12234,1,0.3333,0.3333,0.3333,0.94,0.4873,0.04401,0.0884,1,0.3333,0.3333,0.3333,2.498,0.6667,0.14976,0.18413,4.633,31.78,0.3333,0.3333,0.3333,0.3333,0.3333,0.3333,0.3333,0.3333,0.3333,0.3333,0.3333,0.3333,0.3333,0.3333,0.3333,0.3333,0.3333,0.3333,,,,,,,,,,,,,,,,,,,30.121,0.0,1.659,1.659,1.668,4.808,4.808
4,2026-05-15T04:47:02.869129+00:00,browsing,GND,16.559,25.786,25.786,0.5,0.5,27.109,33.811,0.555,0.445,0.5758,0.3657,2,0.3333,0.3333,0.3333,1.98,0.4279,0.17302,0.32099,0,0.3333,0.3333,0.3333,0.235,0.2765,0.00848,0.04638,1,0.3333,0.3333,0.3333,0.101,0.1821,-0.00986,-0.04995,2.316,36.127,0.3333,0.3333,0.3333,0.3333,0.3333,0.3333,0.3333,0.3333,0.3333,0.3333,0.3333,0.3333,0.3333,0.3333,0.3333,0.3333,0.3333,0.3333,,,,,,,,,,,,,,,,,,,30.105,6.702,1.724,6.022,8.37,6.532,10.83
5,2026-05-15T04:47:08.880538+00:00,browsing,GND,15.64,25.165,25.165,0.5,0.5,26.677,33.258,0.5549,0.4451,0.5926,0.3709,2,0.3333,0.3333,0.3333,0.954,0.4305,0.07044,0.14332,0,0.3333,0.3333,0.3333,0.131,0.2778,-0.00193,-0.01088,1,0.3333,0.3333,0.3333,0.376,0.1821,0.01765,0.08361,1.462,34.719,0.3333,0.3333,0.3333,0.3333,0.3333,0.3333,0.3333,0.3333,0.3333,0.3333,0.3333,0.3333,0.3333,0.3333,0.3333,0.3333,0.3333,0.3333,,,,,,,,,,,,,,,,,,,29.688,6.581,0.869,5.031,14.951,7.401,15.861
6,2026-05-15T04:47:14.892059+00:00,browsing,ISL,20.038,25.15,20.038,0.5,0.5,31.603,33.312,0.5132,0.4868,0.6091,0.3761,0,0.3333,0.3333,0.3333,0.767,0.5238,0.00673,0.01752,1,0.3333,0.3333,0.3333,0.615,0.4636,0.0115,0.02386,0,0.3333,0.3333,0.3333,0.699,0.5,-0.03007,-0.05565,2.082,33.684,0.3333,0.3333,0.3333,0.3333,0.3333,0.3333,0.3333,0.3333,0.3333,0.3333,0.3333,0.3333,0.3333,0.3333,0.3333,0.3333,0.3333,0.3333,,,,,,,,,,,,,,,,,,,33.905,0.0,0.0,0.0,14.951,7.401,15.861
7,2026-05-15T04:47:20.905694+00:00,browsing,ISL,24.678,29.531,24.678,0.5,0.5,36.815,37.763,0.5064,0.4936,0.6254,0.3813,0,0.3333,0.3333,0.3333,0.769,0.532,0.00687,0.01786,1,0.3333,0.3333,0.3333,0.637,0.4567,0.01371,0.02839,0,0.3333,0.3333,0.3333,2.125,0.5,0.11249,0.18439,3.531,40.346,0.3333,0.3333,0.3333,0.3333,0.3333,0.3333,0.3333,0.3333,0.3333,0.3333,0.3333,0.3333,0.3333,0.3333,0.3333,0.3333,0.3333,0.3333,,,,,,,,,,,,,,,,,,,38.357,0.0,0.505,1.989,14.951,7.906,17.85
8,2026-05-15T04:47:26.916369+00:00,browsing,ISL,21.287,36.293,21.287,0.5,0.5,34.045,44.595,0.5671,0.4329,0.6415,0.3865,1,0.3333,0.3333,0.3333,2.414,0.5674,0.17136,0.27862,1,0.3333,0.3333,0.3333,0.722,0.4504,0.02222,0.0456,2,0.3333,0.3333,0.3333,1.311,0.5667,0.0311,0.04821,4.447,38.492,0.3333,0.3333,0.3333,0.3333,0.3333,0.3333,0.3333,0.3333,0.3333,0.3333,0.3333,0.3333,0.3333,0.3333,0.3333,0.3333,0.3333,0.3333,,,,,,,,,,,,,,,,,,,37.067,0.0,1.424,1.424,14.951,9.33,19.275
9,2026-05-15T04:47:32.929798+00:00,browsing,ISL,33.69,36.366,33.69,0.5,0.5,47.121,44.741,0.487,0.513,0.6572,0.3917,0,0.3333,0.3333,0.3333,0.6,0.5416,-0.00996,-0.02649,1,0.3333,0.3333,0.3333,1.5,0.4448,0.1,0.19061,1,0.3333,0.3333,0.3333,2.477,0.6667,0.14769,0.18181,4.577,51.698,0.3333,0.3333,0.3333,0.3333,0.3333,0.3333,0.3333,0.3333,0.3333,0.3333,0.3333,0.3333,0.3333,0.3333,0.3333,0.3333,0.3333,0.3333,,,,,,,,,,,,,,,,,,,45.335,2.38,1.565,6.363,17.331,10.896,25.638
10,2026-05-15T04:47:38.940835+00:00,browsing,ISL,29.155,26.097,29.155,0.5,0.5,43.317,34.544,0.4437,0.5563,0.6725,0.3968,0,0.3333,0.3333,0.3333,0.625,0.5429,-0.00752,-0.01995,1,0.3333,0.3333,0.3333,0.524,0.44,0.00236,0.00495,0,0.3333,0.3333,0.3333,1.318,0.5,0.03177,0.05561,2.466,45.783,0.3333,0.3333,0.3333,0.3333,0.3333,0.3333,0.3333,0.3333,0.3333,0.3333,0.3333,0.3333,0.3333,0.3333,0.3333,0.3333,0.3333,0.3333,,,,,,,,,,,,,,,,,,,35.139,8.772,0.0,10.644,26.104,10.896,36.281
11,2026-05-15T04:47:44.950875+00:00,browsing,ISL,20.035,25.81,20.035,0.5,0.5,34.989,34.331,0.4953,0.5047,0.6875,0.402,2,0.3333,0.3333,0.3333,2.669,0.6142,0.1969,0.25878,0,0.3333,0.3333,0.3333,0.954,0.4675,0.04538,0.11558,0,0.3333,0.3333,0.3333,1.407,0.5,0.04071,0.07071,5.03,40.019,0.3333,0.3333,0.3333,0.3333,0.3333,0.3333,0.3333,0.3333,0.3333,0.3333,0.3333,0.3333,0.3333,0.3333,0.3333,0.3333,0.3333,0.3333,,,,,,,,,,,,,,,,,,,34.926,0.657,2.059,5.092,26.761,12.954,41.374
12,2026-05-15T04:47:50.957384+00:00,browsing,ISL,16.315,28.767,16.315,0.5,0.5,32.126,37.363,0.5377,0.4623,0.702,0.4071,1,0.3333,0.3333,0.3333,1.563,0.5297,0.08631,0.14999,0,0.3333,0.3333,0.3333,0.661,0.4541,0.01614,0.04265,2,0.3333,0.3333,0.3333,2.331,0.5667,0.13311,0.19179,4.556,36.681,0.3333,0.3333,0.3333,0.3333,0.3333,0.3333,0.3333,0.3333,0.3333,0.3333,0.3333,0.3333,0.3333,0.3333,0.3333,0.3333,0.3333,0.3333,,,,,,,,,,,,,,,,,,,35.068,0.0,1.614,1.614,26.761,14.568,42.987
13,2026-05-15T04:47:56.978319+00:00,browsing,ISL,15.592,28.812,15.592,0.5,0.5,32.33,37.484,0.5369,0.4631,0.716,0.4122,0,0.3333,0.3333,0.3333,0.765,0.532,0.00648,0.01687,2,0.3333,0.3333,0.3333,1.969,0.5996,0.14685,0.21697,2,0.3333,0.3333,0.3333,1.455,0.5667,0.04554,0.06984,4.189,36.519,0.3333,0.3333,0.3333,0.3333,0.3333,0.3333,0.3333,0.3333,0.3333,0.3333,0.3333,0.3333,0.3333,0.3333,0.3333,0.3333,0.3333,0.3333,,,,,,,,,,,,,,,,,,,35.238,0.0,1.281,1.281,26.761,15.849,44.269
14,2026-05-15T04:48:02.989645+00:00,browsing,GND,17.12,29.694,29.694,0.5,0.5,34.86,38.443,0.5244,0.4756,0.7295,0.4172,1,0.3333,0.3333,0.3333,0.255,0.3006,0.00053,0.00163,2,0.3333,0.3333,0.3333,0.509,0.4232,0.03585,0.08419,0,0.3333,0.3333,0.3333,0.035,0.1029,-0.01646,-0.15552,0.799,39.242,0.3333,0.3333,0.3333,0.3333,0.3333,0.3333,0.3333,0.3333,0.3333,0.3333,0.3333,0.3333,0.3333,0.3333,0.3333,0.3333,0.3333,0.3333,,,,,,,,,,,,,,,,,,,37.73,3.582,0.204,1.512,30.343,16.054,45.781
15,2026-05-15T04:48:09.005493+00:00,youtube,GND,19.115,29.113,29.113,0.5,0.5,37.09,37.901,0.5054,0.4946,0.7425,0.4223,0,0.3333,0.3333,0.3333,0.308,0.2797,0.0058,0.02505,1,0.3333,0.3333,0.3333,0.151,0.2012,0.00012,0.00043,1,0.3333,0.3333,0.3333,0.226,0.15,0.00263,0.0122,0.686,38.586,0.3333,0.3333,0.3333,0.3333,0.3333,0.3333,0.3333,0.3333,0.3333,0.3333,0.3333,0.3333,0.3333,0.3333,0.3333,0.3333,0.3333,0.3333,,,,,,,,,,,,,,,,,,,38.512,0.811,0.074,0.074,31.154,16.128,45.855
16,2026-05-15T04:48:15.013288+00:00,youtube,GND,28.728,25.685,25.685,0.5,0.5,47.759,34.55,0.4198,0.5802,0.7548,0.4273,0,0.3333,0.3333,0.3333,0.257,0.2791,0.00072,0.00315,2,0.3333,0.3333,0.3333,0.406,0.3468,0.02555,0.06073,1,0.3333,0.3333,0.3333,0.272,0.15,0.00721,0.03309,0.935,35.485,0.3333,0.3333,0.3333,0.3333,0.3333,0.3333,0.3333,0.3333,0.3333,0.3333,0.3333,0.3333,0.3333,0.3333,0.3333,0.3333,0.3333,0.3333,,,,,,,,,,,,,,,,,,,35.161,0.0,0.324,0.324,31.154,16.451,46.178
17,2026-05-15T04:48:21.033049+00:00,youtube,GND,14.302,21.577,21.577,0.5,0.5,34.455,30.521,0.4697,0.5303,0.7665,0.4322,2,0.3333,0.3333,0.3333,0.276,0.3753,0.00259,0.00564,2,0.3333,0.3333,0.3333,0.426,0.3492,0.02763,0.06551,0,0.3333,0.3333,0.3333,0.213,0.1,0.00128,0.00895,0.915,31.436,0.3333,0.3333,0.3333,0.3333,0.3333,0.3333,0.3333,0.3333,0.3333,0.3333,0.3333,0.3333,0.3333,0.3333,0.3333,0.3333,0.3333,0.3333,,,,,,,,,,,,,,,,,,,31.132,0.0,0.304,0.304,31.154,16.755,46.482
18,2026-05-15T04:48:27.044150+00:00,youtube,GND,20.246,21.745,21.745,0.5,0.5,41.587,30.769,0.4252,0.5748,0.7776,0.4371,1,0.3333,0.3333,0.3333,0.637,0.231,0.03873,0.1121,1,0.3333,0.3333,0.3333,0.286,0.2001,0.01358,0.04645,0,0.3333,0.3333,0.3333,0.195,0.1,-0.0005,-0.00351,1.118,31.887,0.3333,0.3333,0.3333,0.3333,0.3333,0.3333,0.3333,0.3333,0.3333,0.3333,0.3333,0.3333,0.3333,0.3333,0.3333,0.3333,0.3333,0.3333,,,,,,,,,,,,,,,,,,,31.38,0.0,0.508,0.508,31.154,17.263,46.99
19,2026-05-15T04:48:33.058106+00:00,youtube,GND,29.507,26.283,26.283,0.5,0.5,52.097,35.387,0.4045,0.5955,0.7879,0.442,0,0.3333,0.3333,0.3333,0.177,0.2756,-0.00734,-0.03264,1,0.3333,0.3333,0.3333,0.515,0.2,0.03652,0.12028,1,0.3333,0.3333,0.3333,0.099,0.15,-0.01009,-0.04825,0.791,36.178,0.3333,0.3333,0.3333,0.3333,0.3333,0.3333,0.3333,0.3333,0.3333,0.3333,0.3333,0.3333,0.3333,0.3333,0.3333,0.3333,0.3333,0.3333,,,,,,,,,,,,,,,,,,,35.997,0.0,0.181,0.181,31.154,17.443,47.17
20,2026-05-15T04:48:39.072398+00:00,youtube,ISL,10.607,24.898,10.607,0.5,0.5,34.497,34.083,0.497,0.503,0.7976,0.4469,0,0.3333,0.3333,0.3333,0.424,0.3667,-0.02763,-0.07529,0,0.3333,0.3333,0.3333,0.444,0.2805,-0.00559,-0.0152,1,0.3333,0.3333,0.3333,2.061,0.5704,0.1061,0.12241,2.929,37.426,0.3333,0.3333,0.3333,0.3333,0.3333,0.3333,0.3333,0.3333,0.3333,0.3333,0.3333,0.3333,0.3333,0.3333,0.3333,0.3333,0.3333,0.3333,,,,,,,,,,,,,,,,,,,34.692,0.414,0.726,2.734,31.569,18.169,49.904
21,2026-05-15T04:48:45.077088+00:00,youtube,ISL,26.017,32.582,26.017,0.5,0.5,51.247,41.849,0.4495,0.5505,0.8065,0.4517,0,0.3333,0.3333,0.3333,1.625,0.351,0.09249,0.21735,0,0.3333,0.3333,0.3333,0.519,0.2727,0.00188,0.00505,1,0.3333,0.3333,0.3333,5.855,0.5704,0.48547,0.46738,7.998,59.245,0.3333,0.3333,0.3333,0.3333,0.3333,0.3333,0.3333,0.3333,0.3333,0.3333,0.3333,0.3333,0.3333,0.3333,0.3333,0.3333,0.3333,0.3333,,,,,,,,,,,,,,,,,,,42.458,9.398,5.821,16.788,40.967,23.991,66.692
22,2026-05-15T04:48:51.096282+00:00,youtube,ISL,16.188,29.033,16.188,0.5,0.5,42.78,38.383,0.4729,0.5271,0.8146,0.4564,2,0.3333,0.3333,0.3333,1.913,0.5375,0.12133,0.1672,0,0.3333,0.3333,0.3333,0.241,0.2665,-0.02591,-0.07252,2,0.3333,0.3333,0.3333,0.697,0.4148,-0.0303,-0.05249,2.851,45.631,0.3333,0.3333,0.3333,0.3333,0.3333,0.3333,0.3333,0.3333,0.3333,0.3333,0.3333,0.3333,0.3333,0.3333,0.3333,0.3333,0.3333,0.3333,,,,,,,,,,,,,,,,,,,38.991,4.398,0.697,6.64,45.365,24.688,73.332
23,2026-05-15T04:48:57.109878+00:00,youtube,GND,23.291,29.168,29.168,0.5,0.5,51.244,38.6,0.4296,0.5704,0.8219,0.4612,2,0.3333,0.3333,0.3333,0.507,0.3904,0.02568,0.05464,0,0.3333,0.3333,0.3333,0.337,0.2261,0.01869,0.09956,2,0.3333,0.3333,0.3333,0.162,0.2,-0.00381,-0.01342,1.006,39.606,0.3333,0.3333,0.3333,0.3333,0.3333,0.3333,0.3333,0.3333,0.3333,0.3333,0.3333,0.3333,0.3333,0.3333,0.3333,0.3333,0.3333,0.3333,,,,,,,,,,,,,,,,,,,39.208,0.0,0.398,0.398,45.365,25.086,73.73
24,2026-05-15T04:49:03.126381+00:00,youtube,GND,43.444,38.917,38.917,0.5,0.5,72.729,48.433,0.3997,0.6003,0.8284,0.4658,0,0.3333,0.3333,0.3333,0.259,0.2646,0.00085,0.00372,1,0.3333,0.3333,0.3333,0.049,0.2012,-0.01015,-0.03617,1,0.3333,0.3333,0.3333,0.206,0.15,0.00058,0.0027,0.513,48.946,0.3333,0.3333,0.3333,0.3333,0.3333,0.3333,0.3333,0.3333,0.3333,0.3333,0.3333,0.3333,0.3333,0.3333,0.3333,0.3333,0.3333,0.3333,,,,,,,,,,,,,,,,,,,49.04,0.0,0.0,0.0,45.365,25.086,73.73
25,2026-05-15T04:49:09.138443+00:00,youtube,ISL,23.411,31.622,23.411,0.5,0.5,53.967,41.223,0.4331,0.5669,0.8341,0.4704,2,0.3333,0.3333,0.3333,3.316,0.5545,0.26157,0.331,2,0.3333,0.3333,0.3333,1.331,0.5375,0.08314,0.12856,1,0.3333,0.3333,0.3333,1.587,0.5704,0.05872,0.06959,6.234,60.202,0.3333,0.3333,0.3333,0.3333,0.3333,0.3333,0.3333,0.3333,0.3333,0.3333,0.3333,0.3333,0.3333,0.3333,0.3333,0.3333,0.3333,0.3333,,,,,,,,,,,,,,,,,,,41.829,12.744,4.129,18.373,58.109,29.215,92.103
26,2026-05-15T04:49:15.152222+00:00,youtube,ISL,18.607,25.628,18.607,0.5,0.5,50.335,35.313,0.4123,0.5877,0.8389,0.475,0,0.3333,0.3333,0.3333,0.605,0.2858,-0.00952,-0.0253,1,0.3333,0.3333,0.3333,1.716,0.3838,0.1216,0.22743,0,0.3333,0.3333,0.3333,0.556,0.3889,-0.0444,-0.08329,2.877,53.212,0.3333,0.3333,0.3333,0.3333,0.3333,0.3333,0.3333,0.3333,0.3333,0.3333,0.3333,0.3333,0.3333,0.3333,0.3333,0.3333,0.3333,0.3333,,,,,,,,,,,,,,,,,,,35.918,15.022,0.781,17.293,73.131,29.996,109.396
27,2026-05-15T04:49:21.163028+00:00,youtube,ISL,32.956,34.444,32.956,0.5,0.5,65.716,44.214,0.4022,0.5978,0.8429,0.4795,2,0.3333,0.3333,0.3333,2.476,0.565,0.17757,0.23615,2,0.3333,0.3333,0.3333,1.551,0.5441,0.1051,0.15992,2,0.3333,0.3333,0.3333,1.636,0.4148,0.06365,0.10202,5.663,71.379,0.3333,0.3333,0.3333,0.3333,0.3333,0.3333,0.3333,0.3333,0.3333,0.3333,0.3333,0.3333,0.3333,0.3333,0.3333,0.3333,0.3333,0.3333,,,,,,,,,,,,,,,,,,,44.818,21.502,3.573,26.561,94.633,33.569,135.957
28,2026-05-15T04:49:27.172275+00:00,youtube,GND,24.2,25.496,25.496,0.5,0.5,57.814,35.352,0.3795,0.6205,0.846,0.484,2,0.3333,0.3333,0.3333,1.482,0.398,0.12321,0.23863,0,0.3333,0.3333,0.3333,0.241,0.2105,0.00906,0.0495,0,0.3333,0.3333,0.3333,0.199,0.1,-6e-05,-0.00041,1.922,37.275,0.3333,0.3333,0.3333,0.3333,0.3333,0.3333,0.3333,0.3333,0.3333,0.3333,0.3333,0.3333,0.3333,0.3333,0.3333,0.3333,0.3333,0.3333,,,,,,,,,,,,,,,,,,,35.956,0.0,1.319,1.319,94.633,34.887,137.275
29,2026-05-15T04:49:33.182444+00:00,youtube,GND,22.555,22.853,22.853,0.5,0.5,56.808,32.795,0.366,0.634,0.8482,0.4883,2,0.3333,0.3333,0.3333,0.616,0.3989,0.03655,0.07693,0,0.3333,0.3333,0.3333,0.184,0.2071,0.00342,0.01898,2,0.3333,0.3333,0.3333,0.271,0.2,0.00714,0.02468,1.071,33.867,0.3333,0.3333,0.3333,0.3333,0.3333,0.3333,0.3333,0.3333,0.3333,0.3333,0.3333,0.3333,0.3333,0.3333,0.3333,0.3333,0.3333,0.3333,,,,,,,,,,,,,,,,,,,33.398,0.0,0.469,0.469,94.633,35.356,137.744
30,2026-05-15T04:49:39.190008+00:00,gaming,ISL,23.851,30.473,23.851,0.5,0.5,54.515,40.426,0.4258,0.5742,0.8496,0.4927,1,0.3333,0.3333,0.3333,0.521,0.2464,-0.01793,-0.0342,1,0.3333,0.3333,0.3333,0.26,0.2755,-0.02404,-0.05181,1,0.3333,0.3333,0.3333,0.449,0.237,-0.05505,-0.09751,1.23,55.745,0.3333,0.3333,0.3333,0.3333,0.3333,0.3333,0.3333,0.3333,0.3333,0.3333,0.3333,0.3333,0.3333,0.3333,0.3333,0.3333,0.3333,0.3333,,,,,,,,,,,,,,,,,,,40.922,14.089,0.0,14.823,108.722,35.356,152.567
31,2026-05-15T04:49:45.216245+00:00,gaming,ISL,20.049,25.2,20.049,0.5,0.5,50.818,35.239,0.4095,0.5905,0.85,0.4969,1,0.3333,0.3333,0.3333,0.495,0.2544,-0.02047,-0.03913,2,0.3333,0.3333,0.3333,1.201,0.3707,0.07006,0.10939,0,0.3333,0.3333,0.3333,0.612,0.1111,-0.03883,-0.15058,2.308,53.126,0.3333,0.3333,0.3333,0.3333,0.3333,0.3333,0.3333,0.3333,0.3333,0.3333,0.3333,0.3333,0.3333,0.3333,0.3333,0.3333,0.3333,0.3333,,,,,,,,,,,,,,,,,,,35.733,15.58,1.044,17.393,124.302,36.4,169.96
32,2026-05-15T04:49:51.231488+00:00,gaming,ISL,29.043,26.139,29.043,0.5,0.5,59.708,36.263,0.3779,0.6221,0.8496,0.5011,2,0.3333,0.3333,0.3333,1.376,0.3859,0.0676,0.09658,2,0.3333,0.3333,0.3333,0.577,0.3717,0.00771,0.01265,1,0.3333,0.3333,0.3333,1.656,0.237,0.06557,0.10494,3.609,63.316,0.3333,0.3333,0.3333,0.3333,0.3333,0.3333,0.3333,0.3333,0.3333,0.3333,0.3333,0.3333,0.3333,0.3333,0.3333,0.3333,0.3333,0.3333,,,,,,,,,,,,,,,,,,,36.757,23.444,2.335,26.559,147.746,38.734,196.519
33,2026-05-15T04:49:57.243776+00:00,gaming,GND,17.293,25.297,25.297,0.5,0.5,47.647,35.507,0.427,0.573,0.8482,0.5053,1,0.3333,0.3333,0.3333,0.543,0.1361,0.02928,0.08587,1,0.3333,0.3333,0.3333,0.393,0.1246,0.02428,0.08156,0,0.3333,0.3333,0.3333,0.115,0.0229,-0.00846,-0.16023,1.051,36.558,0.3333,0.3333,0.3333,0.3333,0.3333,0.3333,0.3333,0.3333,0.3333,0.3333,0.3333,0.3333,0.3333,0.3333,0.3333,0.3333,0.3333,0.3333,,,,,,,,,,,,,,,,,,,36.0,0.0,0.558,0.558,147.746,39.292,197.077
34,2026-05-15T04:50:03.260874+00:00,gaming,ISL,34.804,22.083,34.804,0.5,0.5,64.654,32.379,0.3337,0.6663,0.846,0.5094,0,0.3333,0.3333,0.3333,0.319,0.1715,-0.0381,-0.10538,0,0.3333,0.3333,0.3333,0.836,0.2206,0.0336,0.08683,1,0.3333,0.3333,0.3333,0.582,0.237,-0.04177,-0.07309,1.737,66.392,0.3333,0.3333,0.3333,0.3333,0.3333,0.3333,0.3333,0.3333,0.3333,0.3333,0.3333,0.3333,0.3333,0.3333,0.3333,0.3333,0.3333,0.3333,,,,,,,,,,,,,,,,,,,32.871,32.276,0.435,33.521,180.021,39.727,230.598
35,2026-05-15T04:50:09.273356+00:00,gaming,GND,43.026,36.504,36.504,0.5,0.5,72.202,46.885,0.3937,0.6063,0.8429,0.5134,1,0.3333,0.3333,0.3333,0.473,0.1387,0.02233,0.06616,0,0.3333,0.3333,0.3333,0.312,0.1314,0.0162,0.08683,0,0.3333,0.3333,0.3333,0.045,0.0229,-0.0155,-0.31634,0.83,47.716,0.3333,0.3333,0.3333,0.3333,0.3333,0.3333,0.3333,0.3333,0.3333,0.3333,0.3333,0.3333,0.3333,0.3333,0.3333,0.3333,0.3333,0.3333,,,,,,,,,,,,,,,,,,,47.377,0.0,0.339,0.339,180.021,40.066,230.937
36,2026-05-15T04:50:15.283751+00:00,gaming,ISL,26.837,21.616,26.837,0.5,0.5,55.19,32.083,0.3676,0.6324,0.8389,0.5173,0,0.3333,0.3333,0.3333,0.223,0.1936,-0.04768,-0.13371,2,0.3333,0.3333,0.3333,1.52,0.3713,0.10203,0.1556,0,0.3333,0.3333,0.3333,0.095,0.1111,-0.09051,-0.39428,1.838,57.029,0.3333,0.3333,0.3333,0.3333,0.3333,0.3333,0.3333,0.3333,0.3333,0.3333,0.3333,0.3333,0.3333,0.3333,0.3333,0.3333,0.3333,0.3333,,,,,,,,,,,,,,,,,,,32.573,23.108,0.498,24.456,203.129,40.564,255.392
37,2026-05-15T04:50:21.294285+00:00,gaming,ISL,22.896,29.947,22.896,0.5,0.5,50.311,40.499,0.446,0.554,0.8341,0.5211,0,0.3333,0.3333,0.3333,1.421,0.207,0.07213,0.1734,0,0.3333,0.3333,0.3333,0.646,0.2621,0.01463,0.03873,1,0.3333,0.3333,0.3333,3.612,0.237,0.26125,0.36524,5.68,55.991,0.3333,0.3333,0.3333,0.3333,0.3333,0.3333,0.3333,0.3333,0.3333,0.3333,0.3333,0.3333,0.3333,0.3333,0.3333,0.3333,0.3333,0.3333,,,,,,,,,,,,,,,,,,,40.989,9.812,4.318,15.002,212.941,44.881,270.394
38,2026-05-15T04:50:27.312061+00:00,gaming,GND,28.605,25.672,25.672,0.5,0.5,54.992,36.308,0.3977,0.6023,0.8284,0.5249,1,0.3333,0.3333,0.3333,0.214,0.1435,-0.00365,-0.01123,0,0.3333,0.3333,0.3333,0.222,0.1202,0.00717,0.03937,1,0.3333,0.3333,0.3333,0.098,0.0571,-0.01024,-0.07437,0.533,36.841,0.3333,0.3333,0.3333,0.3333,0.3333,0.3333,0.3333,0.3333,0.3333,0.3333,0.3333,0.3333,0.3333,0.3333,0.3333,0.3333,0.3333,0.3333,,,,,,,,,,,,,,,,,,,36.797,0.0,0.044,0.044,212.941,44.925,270.439
39,2026-05-15T04:50:33.319370+00:00,gaming,ISL,21.342,22.032,21.342,0.5,0.5,46.643,32.753,0.4125,0.5875,0.8219,0.5286,2,0.3333,0.3333,0.3333,0.745,0.3966,0.0045,0.00672,0,0.3333,0.3333,0.3333,0.447,0.2888,-0.00528,-0.01436,1,0.3333,0.3333,0.3333,1.553,0.237,0.05533,0.08926,2.745,49.388,0.3333,0.3333,0.3333,0.3333,0.3333,0.3333,0.3333,0.3333,0.3333,0.3333,0.3333,0.3333,0.3333,0.3333,0.3333,0.3333,0.3333,0.3333,,,,,,,,,,,,,,,,,,,33.241,13.89,1.335,16.147,226.831,46.261,286.586
40,2026-05-15T04:50:39.343024+00:00,gaming,GND,38.778,22.463,22.463,0.5,0.5,62.958,33.268,0.3457,0.6543,0.8146,0.5322,1,0.3333,0.3333,0.3333,0.513,0.1472,0.02629,0.07744,1,0.3333,0.3333,0.3333,0.292,0.1369,0.01416,0.04838,1,0.3333,0.3333,0.3333,0.057,0.0571,-0.01426,-0.10515,0.862,34.13,0.3333,0.3333,0.3333,0.3333,0.3333,0.3333,0.3333,0.3333,0.3333,0.3333,0.3333,0.3333,0.3333,0.3333,0.3333,0.3333,0.3333,0.3333,,,,,,,,,,,,,,,,,,,33.755,0.0,0.375,0.375,226.831,46.635,286.961
41,2026-05-15T04:50:45.359772+00:00,gaming,ISL,43.408,36.451,43.408,0.5,0.5,66.457,47.339,0.416,0.584,0.8065,0.5358,0,0.3333,0.3333,0.3333,0.912,0.268,0.02121,0.05419,1,0.3333,0.3333,0.3333,0.985,0.3531,0.04847,0.09694,1,0.3333,0.3333,0.3333,0.262,0.237,-0.07381,-0.13302,2.159,68.616,0.3333,0.3333,0.3333,0.3333,0.3333,0.3333,0.3333,0.3333,0.3333,0.3333,0.3333,0.3333,0.3333,0.3333,0.3333,0.3333,0.3333,0.3333,,,,,,,,,,,,,,,,,,,47.826,19.118,0.699,20.79,245.948,47.334,307.751
42,2026-05-15T04:50:51.364140+00:00,gaming,GND,19.723,25.509,25.509,0.5,0.5,41.649,36.48,0.4669,0.5331,0.7976,0.5392,0,0.3333,0.3333,0.3333,0.273,0.127,0.00225,0.0098,0,0.3333,0.3333,0.3333,0.114,0.1059,-0.00356,-0.02016,2,0.3333,0.3333,0.3333,0.616,0.1469,0.0416,0.10728,1.003,37.483,0.3333,0.3333,0.3333,0.3333,0.3333,0.3333,0.3333,0.3333,0.3333,0.3333,0.3333,0.3333,0.3333,0.3333,0.3333,0.3333,0.3333,0.3333,,,,,,,,,,,,,,,,,,,36.966,0.0,0.517,0.517,245.948,47.851,308.268
43,2026-05-15T04:50:57.386490+00:00,gaming,ISL,16.063,28.955,16.063,0.5,0.5,36.889,40.008,0.5203,0.4797,0.7879,0.5426,2,0.3333,0.3333,0.3333,1.135,0.3914,0.04354,0.06326,2,0.3333,0.3333,0.3333,0.949,0.3539,0.04494,0.07152,2,0.3333,0.3333,0.3333,1.509,0.4444,0.05093,0.04482,3.594,40.483,0.3333,0.3333,0.3333,0.3333,0.3333,0.3333,0.3333,0.3333,0.3333,0.3333,0.3333,0.3333,0.3333,0.3333,0.3333,0.3333,0.3333,0.3333,,,,,,,,,,,,,,,,,,,38.397,0.0,2.087,2.087,245.948,49.938,310.355
44,2026-05-15T04:51:03.399449+00:00,gaming,ISL,30.768,29.177,30.768,0.5,0.5,50.529,40.311,0.4438,0.5562,0.7776,0.5459,2,0.3333,0.3333,0.3333,0.924,0.3889,0.0224,0.03305,2,0.3333,0.3333,0.3333,0.538,0.3499,0.0038,0.00625,0,0.3333,0.3333,0.3333,0.204,0.1111,-0.07955,-0.33741,1.667,52.195,0.3333,0.3333,0.3333,0.3333,0.3333,0.3333,0.3333,0.3333,0.3333,0.3333,0.3333,0.3333,0.3333,0.3333,0.3333,0.3333,0.3333,0.3333,,,,,,,,,,,,,,,,,,,40.796,10.217,0.138,11.399,256.165,50.076,321.754
45,2026-05-15T04:51:09.411771+00:00,browsing,GND,33.633,21.419,21.419,0.5,0.5,54.856,32.792,0.3741,0.6259,0.7665,0.5491,1,0.3333,0.3333,0.3333,0.465,0.3212,0.0215,0.06377,0,0.3333,0.3333,0.3333,0.298,0.1854,0.01483,0.07979,2,0.3333,0.3333,0.3333,0.472,0.2755,0.0272,0.08513,1.235,34.028,0.3333,0.3333,0.3333,0.3333,0.3333,0.3333,0.3333,0.3333,0.3333,0.3333,0.3333,0.3333,0.3333,0.3333,0.3333,0.3333,0.3333,0.3333,,,,,,,,,,,,,,,,,,,33.36,0.0,0.667,0.667,256.165,50.743,322.422
46,2026-05-15T04:51:15.424336+00:00,browsing,ISL,43.274,36.061,43.274,0.5,0.5,63.255,47.515,0.429,0.571,0.7548,0.5523,2,0.3333,0.3333,0.3333,4.646,0.7158,0.39463,0.46496,2,0.3333,0.3333,0.3333,1.726,0.6441,0.12258,0.18421,1,0.3333,0.3333,0.3333,2.209,0.6667,0.1209,0.15119,8.581,71.836,0.3333,0.3333,0.3333,0.3333,0.3333,0.3333,0.3333,0.3333,0.3333,0.3333,0.3333,0.3333,0.3333,0.3333,0.3333,0.3333,0.3333,0.3333,,,,,,,,,,,,,,,,,,,48.083,15.74,5.535,23.753,271.905,56.279,346.175
47,2026-05-15T04:51:21.440011+00:00,browsing,ISL,12.838,27.311,12.838,0.5,0.5,31.658,38.846,0.551,0.449,0.7425,0.5553,0,0.3333,0.3333,0.3333,1.273,0.532,0.05734,0.14022,0,0.3333,0.3333,0.3333,1.438,0.5333,0.09381,0.22578,0,0.3333,0.3333,0.3333,1.098,0.5,0.00985,0.01757,3.81,35.468,0.3333,0.3333,0.3333,0.3333,0.3333,0.3333,0.3333,0.3333,0.3333,0.3333,0.3333,0.3333,0.3333,0.3333,0.3333,0.3333,0.3333,0.3333,,,,,,,,,,,,,,,,,,,34.725,0.0,0.743,0.743,271.905,57.022,346.918
48,2026-05-15T04:51:27.445866+00:00,browsing,GND,28.089,33.712,33.712,0.5,0.5,45.829,45.326,0.4972,0.5028,0.7295,0.5582,2,0.3333,0.3333,0.3333,1.764,0.4638,0.15139,0.28606,2,0.3333,0.3333,0.3333,0.928,0.4161,0.07781,0.17448,2,0.3333,0.3333,0.3333,0.322,0.2755,0.01219,0.03906,3.014,48.34,0.3333,0.3333,0.3333,0.3333,0.3333,0.3333,0.3333,0.3333,0.3333,0.3333,0.3333,0.3333,0.3333,0.3333,0.3333,0.3333,0.3333,0.3333,,,,,,,,,,,,,,,,,,,45.892,0.0,2.448,2.448,271.905,59.47,349.366
49,2026-05-15T04:51:33.469256+00:00,browsing,ISL,19.024,21.645,19.024,0.5,0.5,35.762,33.337,0.4824,0.5176,0.716,0.5611,0,0.3333,0.3333,0.3333,0.664,0.5416,-0.00364,-0.00961,2,0.3333,0.3333,0.3333,2.287,0.6292,0.17874,0.25844,0,0.3333,0.3333,0.3333,0.745,0.5,-0.02546,-0.0469,3.696,39.459,0.3333,0.3333,0.3333,0.3333,0.3333,0.3333,0.3333,0.3333,0.3333,0.3333,0.3333,0.3333,0.3333,0.3333,0.3333,0.3333,0.3333,0.3333,,,,,,,,,,,,,,,,,,,33.902,2.426,0.612,5.557,274.331,60.082,354.923
50,2026-05-15T04:51:39.479356+00:00,browsing,GND,13.492,26.495,26.495,0.5,0.5,29.303,38.262,0.5663,0.4337,0.702,0.5638,0,0.3333,0.3333,0.3333,0.454,0.216,0.02039,0.08546,0,0.3333,0.3333,0.3333,0.182,0.1722,0.00318,0.01764,0,0.3333,0.3333,0.3333,0.183,0.1029,-0.00169,-0.01486,0.819,39.081,0.3333,0.3333,0.3333,0.3333,0.3333,0.3333,0.3333,0.3333,0.3333,0.3333,0.3333,0.3333,0.3333,0.3333,0.3333,0.3333,0.3333,0.3333,,,,,,,,,,,,,,,,,,,32.381,8.959,0.254,6.7,283.29,60.336,361.622
51,2026-05-15T04:51:45.505395+00:00,browsing,GND,19.099,29.017,29.017,0.5,0.5,34.053,40.859,0.5454,0.4546,0.6875,0.5665,1,0.3333,0.3333,0.3333,0.662,0.3361,0.04117,0.11874,0,0.3333,0.3333,0.3333,0.455,0.1701,0.03047,0.15756,0,0.3333,0.3333,0.3333,0.146,0.1029,-0.0054,-0.04842,1.262,42.121,0.3333,0.3333,0.3333,0.3333,0.3333,0.3333,0.3333,0.3333,0.3333,0.3333,0.3333,0.3333,0.3333,0.3333,0.3333,0.3333,0.3333,0.3333,,,,,,,,,,,,,,,,,,,37.116,6.806,0.698,5.005,290.096,61.035,366.628
52,2026-05-15T04:51:51.535469+00:00,browsing,GND,21.087,29.742,29.742,0.5,0.5,35.249,41.656,0.5417,0.4583,0.6725,0.5691,1,0.3333,0.3333,0.3333,0.319,0.3387,0.0069,0.0209,0,0.3333,0.3333,0.3333,0.243,0.1681,0.00935,0.05102,1,0.3333,0.3333,0.3333,0.172,0.1821,-0.00282,-0.01402,0.734,42.391,0.3333,0.3333,0.3333,0.3333,0.3333,0.3333,0.3333,0.3333,0.3333,0.3333,0.3333,0.3333,0.3333,0.3333,0.3333,0.3333,0.3333,0.3333,,,,,,,,,,,,,,,,,,,38.288,6.408,0.171,4.102,296.504,61.205,370.73
53,2026-05-15T04:51:57.565181+00:00,browsing,GND,31.575,30.922,30.922,0.5,0.5,45.006,42.906,0.4881,0.5119,0.6572,0.5716,0,0.3333,0.3333,0.3333,0.202,0.2101,-0.00476,-0.02105,1,0.3333,0.3333,0.3333,0.452,0.3096,0.03017,0.1004,1,0.3333,0.3333,0.3333,0.199,0.1821,-0.00011,-0.00052,0.853,43.759,0.3333,0.3333,0.3333,0.3333,0.3333,0.3333,0.3333,0.3333,0.3333,0.3333,0.3333,0.3333,0.3333,0.3333,0.3333,0.3333,0.3333,0.3333,,,,,,,,,,,,,,,,,,,43.469,0.0,0.29,0.29,296.504,61.495,371.02
54,2026-05-15T04:52:03.587066+00:00,browsing,ISL,21.099,21.495,21.099,0.5,0.5,33.857,33.548,0.4977,0.5023,0.6415,0.5739,0,0.3333,0.3333,0.3333,1.1,0.5238,0.04002,0.09989,1,0.3333,0.3333,0.3333,1.693,0.5635,0.11927,0.22352,0,0.3333,0.3333,0.3333,0.733,0.5,-0.02674,-0.04934,3.525,37.383,0.3333,0.3333,0.3333,0.3333,0.3333,0.3333,0.3333,0.3333,0.3333,0.3333,0.3333,0.3333,0.3333,0.3333,0.3333,0.3333,0.3333,0.3333,,,,,,,,,,,,,,,,,,,34.111,0.309,0.555,3.272,296.813,62.05,374.292
55,2026-05-15T04:52:09.617290+00:00,browsing,ISL,9.927,22.563,9.927,0.5,0.5,22.064,34.683,0.6112,0.3888,0.6254,0.5762,2,0.3333,0.3333,0.3333,2.324,0.6708,0.16239,0.218,2,0.3333,0.3333,0.3333,1.532,0.5969,0.10322,0.15727,2,0.3333,0.3333,0.3333,1.955,0.5667,0.09553,0.14126,5.811,27.876,0.3333,0.3333,0.3333,0.3333,0.3333,0.3333,0.3333,0.3333,0.3333,0.3333,0.3333,0.3333,0.3333,0.3333,0.3333,0.3333,0.3333,0.3333,,,,,,,,,,,,,,,,,,,24.992,0.0,2.883,2.883,296.813,64.933,377.175
56,2026-05-15T04:52:15.641852+00:00,browsing,GND,19.92,25.642,25.642,0.5,0.5,31.485,37.826,0.5457,0.4543,0.6091,0.5784,0,0.3333,0.3333,0.3333,0.313,0.2066,0.00634,0.02735,2,0.3333,0.3333,0.3333,0.689,0.3929,0.05392,0.12408,1,0.3333,0.3333,0.3333,0.144,0.1821,-0.00563,-0.02819,1.146,38.972,0.3333,0.3333,0.3333,0.3333,0.3333,0.3333,0.3333,0.3333,0.3333,0.3333,0.3333,0.3333,0.3333,0.3333,0.3333,0.3333,0.3333,0.3333,,,,,,,,,,,,,,,,,,,34.367,6.342,0.584,4.605,303.154,65.517,381.78
57,2026-05-15T04:52:21.658810+00:00,browsing,ISL,29.988,28.751,29.988,0.5,0.5,41.025,40.997,0.4998,0.5002,0.5926,0.5805,2,0.3333,0.3333,0.3333,2.767,0.6592,0.20675,0.27012,1,0.3333,0.3333,0.3333,0.839,0.5398,0.03385,0.06868,0,0.3333,0.3333,0.3333,3.285,0.5,0.22851,0.34452,6.891,47.916,0.3333,0.3333,0.3333,0.3333,0.3333,0.3333,0.3333,0.3333,0.3333,0.3333,0.3333,0.3333,0.3333,0.3333,0.3333,0.3333,0.3333,0.3333,,,,,,,,,,,,,,,,,,,41.56,0.028,4.055,6.357,303.182,69.572,388.136
58,2026-05-15T04:52:27.682606+00:00,browsing,GND,21.911,24.974,24.974,0.5,0.5,32.46,37.28,0.5346,0.4654,0.5758,0.5824,1,0.3333,0.3333,0.3333,0.421,0.3543,0.01713,0.05113,2,0.3333,0.3333,0.3333,0.177,0.3876,0.00275,0.00671,0,0.3333,0.3333,0.3333,0.109,0.1029,-0.00907,-0.08272,0.708,37.988,0.3333,0.3333,0.3333,0.3333,0.3333,0.3333,0.3333,0.3333,0.3333,0.3333,0.3333,0.3333,0.3333,0.3333,0.3333,0.3333,0.3333,0.3333,,,,,,,,,,,,,,,,,,,35.249,4.82,0.146,2.739,308.001,69.718,390.876
59,2026-05-15T04:52:33.716862+00:00,browsing,ISL,13.687,26.689,13.687,0.5,0.5,23.787,39.052,0.6215,0.3785,0.559,0.5843,1,0.3333,0.3333,0.3333,1.477,0.6047,0.07768,0.13598,1,0.3333,0.3333,0.3333,1.733,0.5225,0.12326,0.23019,2,0.3333,0.3333,0.3333,1.451,0.5667,0.04506,0.06912,4.66,28.447,0.3333,0.3333,0.3333,0.3333,0.3333,0.3333,0.3333,0.3333,0.3333,0.3333,0.3333,0.3333,0.3333,0.3333,0.3333,0.3333,0.3333,0.3333,,,,,,,,,,,,,,,,,,,26.528,0.0,1.918,1.918,308.001,71.637,392.794
60,2026-05-15T04:52:39.743811+00:00,youtube,GND,30.982,29.113,29.113,0.5,0.5,40.439,41.453,0.5062,0.4938,0.542,0.5861,0,0.3333,0.3333,0.3333,0.144,0.1603,-0.01057,-0.04734,1,0.3333,0.3333,0.3333,0.222,0.2689,0.0072,0.02488,0,0.3333,0.3333,0.3333,0.139,0.1,-0.00613,-0.04386,0.505,41.958,0.3333,0.3333,0.3333,0.3333,0.3333,0.3333,0.3333,0.3333,0.3333,0.3333,0.3333,0.3333,0.3333,0.3333,0.3333,0.3333,0.3333,0.3333,,,,,,,,,,,,,,,,,,,42.036,1.015,0.0,0.0,309.016,71.637,392.794
61,2026-05-15T04:52:45.767195+00:00,youtube,ISL,20.264,25.205,20.264,0.5,0.5,29.354,37.597,0.5616,0.4384,0.525,0.5878,1,0.3333,0.3333,0.3333,0.915,0.4799,0.02148,0.03948,1,0.3333,0.3333,0.3333,0.681,0.4094,0.01805,0.03721,1,0.3333,0.3333,0.3333,2.037,0.5704,0.10373,0.11983,3.633,32.987,0.3333,0.3333,0.3333,0.3333,0.3333,0.3333,0.3333,0.3333,0.3333,0.3333,0.3333,0.3333,0.3333,0.3333,0.3333,0.3333,0.3333,0.3333,,,,,,,,,,,,,,,,,,,31.579,0.0,1.408,1.408,309.016,73.044,394.202
62,2026-05-15T04:52:51.792155+00:00,youtube,GND,18.131,29.112,29.112,0.5,0.5,26.883,41.552,0.6072,0.3928,0.508,0.5893,2,0.3333,0.3333,0.3333,0.314,0.3317,0.00636,0.01383,1,0.3333,0.3333,0.3333,0.213,0.2732,0.00634,0.02196,2,0.3333,0.3333,0.3333,0.103,0.2,-0.00972,-0.03461,0.63,42.182,0.3333,0.3333,0.3333,0.3333,0.3333,0.3333,0.3333,0.3333,0.3333,0.3333,0.3333,0.3333,0.3333,0.3333,0.3333,0.3333,0.3333,0.3333,,,,,,,,,,,,,,,,,,,29.078,14.669,0.047,13.104,323.685,73.092,407.306
63,2026-05-15T04:52:57.822038+00:00,youtube,ISL,29.448,26.434,29.448,0.5,0.5,37.887,38.92,0.5067,0.4933,0.491,0.5908,2,0.3333,0.3333,0.3333,1.112,0.4935,0.04118,0.05994,1,0.3333,0.3333,0.3333,0.866,0.3921,0.0366,0.07405,2,0.3333,0.3333,0.3333,2.053,0.4148,0.10528,0.16352,4.031,41.918,0.3333,0.3333,0.3333,0.3333,0.3333,0.3333,0.3333,0.3333,0.3333,0.3333,0.3333,0.3333,0.3333,0.3333,0.3333,0.3333,0.3333,0.3333,,,,,,,,,,,,,,,,,,,39.502,0.0,1.863,2.416,323.685,74.955,409.721
64,2026-05-15T04:53:03.843889+00:00,youtube,GND,20.176,21.533,21.533,0.5,0.5,28.325,34.061,0.546,0.454,0.4742,0.5921,1,0.3333,0.3333,0.3333,0.374,0.3036,0.01238,0.03722,1,0.3333,0.3333,0.3333,0.104,0.2774,-0.00464,-0.01636,2,0.3333,0.3333,0.3333,0.185,0.2,-0.00145,-0.00509,0.663,34.724,0.3333,0.3333,0.3333,0.3333,0.3333,0.3333,0.3333,0.3333,0.3333,0.3333,0.3333,0.3333,0.3333,0.3333,0.3333,0.3333,0.3333,0.3333,,,,,,,,,,,,,,,,,,,30.468,5.736,0.08,4.256,329.421,75.035,413.977
65,2026-05-15T04:53:09.871635+00:00,youtube,GND,14.508,26.272,26.272,0.5,0.5,22.389,38.84,0.6343,0.3657,0.4574,0.5934,1,0.3333,0.3333,0.3333,0.296,0.3058,0.00464,0.0141,0,0.3333,0.3333,0.3333,0.13,0.1279,-0.00203,-0.01144,2,0.3333,0.3333,0.3333,0.463,0.2,0.02631,0.0881,0.889,39.729,0.3333,0.3333,0.3333,0.3333,0.3333,0.3333,0.3333,0.3333,0.3333,0.3333,0.3333,0.3333,0.3333,0.3333,0.3333,0.3333,0.3333,0.3333,,,,,,,,,,,,,,,,,,,24.512,16.451,0.306,15.217,345.872,75.341,429.194
66,2026-05-15T04:53:15.888736+00:00,youtube,GND,36.416,30.018,30.018,0.5,0.5,44.048,42.622,0.4918,0.5082,0.4409,0.5945,0,0.3333,0.3333,0.3333,0.201,0.168,-0.0049,-0.02168,2,0.3333,0.3333,0.3333,0.183,0.2899,0.00328,0.00801,0,0.3333,0.3333,0.3333,0.117,0.1,-0.00832,-0.05997,0.501,43.122,0.3333,0.3333,0.3333,0.3333,0.3333,0.3333,0.3333,0.3333,0.3333,0.3333,0.3333,0.3333,0.3333,0.3333,0.3333,0.3333,0.3333,0.3333,,,,,,,,,,,,,,,,,,,43.205,0.0,0.0,0.0,345.872,75.341,429.194
67,2026-05-15T04:53:21.911329+00:00,youtube,GND,35.707,21.954,21.954,0.5,0.5,43.108,34.59,0.4452,0.5548,0.4246,0.5956,1,0.3333,0.3333,0.3333,0.417,0.31,0.01666,0.04975,2,0.3333,0.3333,0.3333,0.463,0.2887,0.03133,0.07395,2,0.3333,0.3333,0.3333,0.586,0.2,0.0386,0.12672,1.466,36.056,0.3333,0.3333,0.3333,0.3333,0.3333,0.3333,0.3333,0.3333,0.3333,0.3333,0.3333,0.3333,0.3333,0.3333,0.3333,0.3333,0.3333,0.3333,,,,,,,,,,,,,,,,,,,35.174,0.0,0.882,0.882,345.872,76.223,430.076
68,2026-05-15T04:53:27.939452+00:00,youtube,GND,36.007,39.575,39.575,0.5,0.5,43.196,52.242,0.5474,0.4526,0.4085,0.5965,2,0.3333,0.3333,0.3333,0.354,0.322,0.01039,0.02247,1,0.3333,0.3333,0.3333,0.334,0.2849,0.01843,0.06252,2,0.3333,0.3333,0.3333,0.169,0.2,-0.00313,-0.011,0.857,53.098,0.3333,0.3333,0.3333,0.3333,0.3333,0.3333,0.3333,0.3333,0.3333,0.3333,0.3333,0.3333,0.3333,0.3333,0.3333,0.3333,0.3333,0.3333,,,,,,,,,,,,,,,,,,,45.279,9.046,0.272,7.819,354.918,76.495,437.895
69,2026-05-15T04:53:33.974706+00:00,youtube,ISL,28.924,26.016,28.924,0.5,0.5,35.915,38.708,0.5187,0.4813,0.3928,0.5973,0,0.3333,0.3333,0.3333,0.867,0.2679,0.01675,0.04303,2,0.3333,0.3333,0.3333,0.713,0.4254,0.02125,0.03447,2,0.3333,0.3333,0.3333,4.227,0.4148,0.32266,0.43469,5.807,41.722,0.3333,0.3333,0.3333,0.3333,0.3333,0.3333,0.3333,0.3333,0.3333,0.3333,0.3333,0.3333,0.3333,0.3333,0.3333,0.3333,0.3333,0.3333,,,,,,,,,,,,,,,,,,,37.993,0.0,3.729,3.729,354.918,80.224,441.624
70,2026-05-15T04:53:39.992750+00:00,youtube,ISL,17.554,25.603,17.554,0.5,0.5,24.362,38.318,0.6113,0.3887,0.3775,0.598,1,0.3333,0.3333,0.3333,0.61,0.3991,-0.00898,-0.01699,2,0.3333,0.3333,0.3333,0.726,0.4246,0.02256,0.03654,2,0.3333,0.3333,0.3333,0.71,0.4148,-0.02901,-0.05019,2.046,26.408,0.3333,0.3333,0.3333,0.3333,0.3333,0.3333,0.3333,0.3333,0.3333,0.3333,0.3333,0.3333,0.3333,0.3333,0.3333,0.3333,0.3333,0.3333,,,,,,,,,,,,,,,,,,,26.439,0.0,0.0,0.0,354.918,80.224,441.624
71,2026-05-15T04:53:46.021710+00:00,youtube,ISL,12.314,22.203,12.314,0.5,0.5,18.953,34.938,0.6483,0.3517,0.3625,0.5986,0,0.3333,0.3333,0.3333,0.727,0.2679,0.0027,0.00707,0,0.3333,0.3333,0.3333,0.255,0.2608,-0.02449,-0.06841,2,0.3333,0.3333,0.3333,0.908,0.4148,-0.00924,-0.01572,1.89,20.842,0.3333,0.3333,0.3333,0.3333,0.3333,0.3333,0.3333,0.3333,0.3333,0.3333,0.3333,0.3333,0.3333,0.3333,0.3333,0.3333,0.3333,0.3333,,,,,,,,,,,,,,,,,,,21.031,0.0,0.0,0.0,354.918,80.224,441.624
72,2026-05-15T04:53:52.045466+00:00,youtube,ISL,17.844,25.182,17.844,0.5,0.5,24.326,37.933,0.6093,0.3907,0.348,0.5991,2,0.3333,0.3333,0.3333,1.557,0.4673,0.08566,0.12089,0,0.3333,0.3333,0.3333,0.419,0.2642,-0.00814,-0.02222,2,0.3333,0.3333,0.3333,0.676,0.4148,-0.03236,-0.05616,2.652,26.978,0.3333,0.3333,0.3333,0.3333,0.3333,0.3333,0.3333,0.3333,0.3333,0.3333,0.3333,0.3333,0.3333,0.3333,0.3333,0.3333,0.3333,0.3333,,,,,,,,,,,,,,,,,,,26.411,0.0,0.567,0.567,354.918,80.79,442.191
73,2026-05-15T04:53:58.081526+00:00,youtube,GND,20.129,21.425,21.425,0.5,0.5,26.468,34.189,0.5636,0.4364,0.334,0.5995,1,0.3333,0.3333,0.3333,0.483,0.3205,0.02329,0.06889,1,0.3333,0.3333,0.3333,0.111,0.2925,-0.00385,-0.01357,2,0.3333,0.3333,0.3333,0.289,0.2,0.00894,0.03082,0.884,35.072,0.3333,0.3333,0.3333,0.3333,0.3333,0.3333,0.3333,0.3333,0.3333,0.3333,0.3333,0.3333,0.3333,0.3333,0.3333,0.3333,0.3333,0.3333,,,,,,,,,,,,,,,,,,,28.563,7.721,0.296,6.51,362.639,81.087,448.701
74,2026-05-15T04:54:04.112591+00:00,youtube,ISL,27.179,23.319,27.179,0.5,0.5,33.385,36.091,0.5195,0.4805,0.3205,0.5998,1,0.3333,0.3333,0.3333,1.542,0.3783,0.08415,0.14651,0,0.3333,0.3333,0.3333,0.554,0.2764,0.00541,0.01449,1,0.3333,0.3333,0.3333,1.877,0.5704,0.08774,0.10227,3.973,37.358,0.3333,0.3333,0.3333,0.3333,0.3333,0.3333,0.3333,0.3333,0.3333,0.3333,0.3333,0.3333,0.3333,0.3333,0.3333,0.3333,0.3333,0.3333,,,,,,,,,,,,,,,,,,,35.494,0.0,1.864,1.864,362.639,82.951,450.565
75,2026-05-15T04:54:10.116342+00:00,browsing,ISL,30.839,29.21,30.839,0.5,0.5,37.017,42.07,0.5319,0.4681,0.3075,0.5999,2,0.3333,0.3333,0.3333,2.253,0.6006,0.15526,0.20936,1,0.3333,0.3333,0.3333,0.956,0.4286,0.04556,0.09138,2,0.3333,0.3333,0.3333,2.752,0.5667,0.17519,0.24549,5.96,42.977,0.3333,0.3333,0.3333,0.3333,0.3333,0.3333,0.3333,0.3333,0.3333,0.3333,0.3333,0.3333,0.3333,0.3333,0.3333,0.3333,0.3333,0.3333,,,,,,,,,,,,,,,,,,,39.548,0.0,3.429,3.429,362.639,86.38,453.994
76,2026-05-15T04:54:16.153770+00:00,browsing,GND,18.701,21.875,21.875,0.5,0.5,24.763,34.737,0.5838,0.4162,0.2952,0.6,0,0.3333,0.3333,0.3333,0.228,0.2452,-0.00222,-0.00977,0,0.3333,0.3333,0.3333,0.194,0.1886,0.00435,0.02409,1,0.3333,0.3333,0.3333,0.048,0.1821,-0.01523,-0.07822,0.469,35.206,0.3333,0.3333,0.3333,0.3333,0.3333,0.3333,0.3333,0.3333,0.3333,0.3333,0.3333,0.3333,0.3333,0.3333,0.3333,0.3333,0.3333,0.3333,,,,,,,,,,,,,,,,,,,27.321,9.973,0.0,7.884,372.612,86.38,461.878
77,2026-05-15T04:54:22.175850+00:00,browsing,ISL,19.441,29.814,19.441,0.5,0.5,25.398,42.673,0.6269,0.3731,0.2835,0.5999,1,0.3333,0.3333,0.3333,0.854,0.48,0.01536,0.02839,1,0.3333,0.3333,0.3333,0.569,0.4304,0.00693,0.01444,1,0.3333,0.3333,0.3333,2.212,0.6667,0.12117,0.15151,3.635,29.033,0.3333,0.3333,0.3333,0.3333,0.3333,0.3333,0.3333,0.3333,0.3333,0.3333,0.3333,0.3333,0.3333,0.3333,0.3333,0.3333,0.3333,0.3333,,,,,,,,,,,,,,,,,,,27.987,0.0,1.046,1.046,372.612,87.425,462.924
78,2026-05-15T04:54:28.210628+00:00,browsing,ISL,29.052,26.139,29.052,0.5,0.5,34.912,38.994,0.5276,0.4724,0.2724,0.5998,0,0.3333,0.3333,0.3333,0.358,0.412,-0.03421,-0.0941,0,0.3333,0.3333,0.3333,0.776,0.3927,0.02758,0.07182,2,0.3333,0.3333,0.3333,1.916,0.5667,0.09159,0.13581,3.05,37.961,0.3333,0.3333,0.3333,0.3333,0.3333,0.3333,0.3333,0.3333,0.3333,0.3333,0.3333,0.3333,0.3333,0.3333,0.3333,0.3333,0.3333,0.3333,,,,,,,,,,,,,,,,,,,37.536,0.0,0.425,0.425,372.612,87.85,463.349
79,2026-05-15T04:54:34.233583+00:00,browsing,ISL,19.799,25.376,19.799,0.5,0.5,25.572,38.221,0.5991,0.4009,0.2621,0.5995,0,0.3333,0.3333,0.3333,0.502,0.4272,-0.01979,-0.05335,0,0.3333,0.3333,0.3333,0.404,0.4058,-0.00956,-0.02615,2,0.3333,0.3333,0.3333,2.64,0.5667,0.164,0.23149,3.547,29.118,0.3333,0.3333,0.3333,0.3333,0.3333,0.3333,0.3333,0.3333,0.3333,0.3333,0.3333,0.3333,0.3333,0.3333,0.3333,0.3333,0.3333,0.3333,,,,,,,,,,,,,,,,,,,28.235,0.0,0.883,0.883,372.612,88.733,464.232
80,2026-05-15T04:54:40.264341+00:00,browsing,ISL,25.002,29.514,25.002,0.5,0.5,30.695,42.346,0.5798,0.4202,0.2524,0.5991,0,0.3333,0.3333,0.3333,1.393,0.4429,0.06927,0.16707,1,0.3333,0.3333,0.3333,1.169,0.44,0.06689,0.13144,2,0.3333,0.3333,0.3333,1.403,0.5667,0.04031,0.06206,3.965,34.66,0.3333,0.3333,0.3333,0.3333,0.3333,0.3333,0.3333,0.3333,0.3333,0.3333,0.3333,0.3333,0.3333,0.3333,0.3333,0.3333,0.3333,0.3333,,,,,,,,,,,,,,,,,,,33.402,0.0,1.259,1.259,372.612,89.992,465.49
81,2026-05-15T04:54:46.286664+00:00,browsing,ISL,32.987,36.308,32.987,0.5,0.5,38.609,49.124,0.5599,0.4401,0.2435,0.5986,0,0.3333,0.3333,0.3333,0.608,0.4585,-0.00923,-0.02454,0,0.3333,0.3333,0.3333,0.598,0.4333,0.0098,0.02611,2,0.3333,0.3333,0.3333,1.328,0.5667,0.03278,0.05076,2.534,41.143,0.3333,0.3333,0.3333,0.3333,0.3333,0.3333,0.3333,0.3333,0.3333,0.3333,0.3333,0.3333,0.3333,0.3333,0.3333,0.3333,0.3333,0.3333,,,,,,,,,,,,,,,,,,,41.36,0.0,0.0,0.0,372.612,89.992,465.49
82,2026-05-15T04:54:52.315012+00:00,browsing,ISL,42.496,29.163,42.496,0.5,0.5,48.055,41.96,0.4661,0.5339,0.2354,0.598,1,0.3333,0.3333,0.3333,0.855,0.4935,0.01552,0.02869,0,0.3333,0.3333,0.3333,0.408,0.4473,-0.00925,-0.02528,2,0.3333,0.3333,0.3333,3.152,0.5667,0.21517,0.29397,4.414,52.469,0.3333,0.3333,0.3333,0.3333,0.3333,0.3333,0.3333,0.3333,0.3333,0.3333,0.3333,0.3333,0.3333,0.3333,0.3333,0.3333,0.3333,0.3333,,,,,,,,,,,,,,,,,,,42.537,6.095,1.616,9.932,378.707,91.608,475.423
83,2026-05-15T04:54:58.335856+00:00,browsing,ISL,38.327,33.601,38.327,0.5,0.5,43.83,46.375,0.5141,0.4859,0.2281,0.5973,0,0.3333,0.3333,0.3333,1.08,0.4883,0.03798,0.09504,0,0.3333,0.3333,0.3333,0.63,0.4609,0.01298,0.03444,1,0.3333,0.3333,0.3333,3.057,0.6667,0.2057,0.24506,4.767,48.596,0.3333,0.3333,0.3333,0.3333,0.3333,0.3333,0.3333,0.3333,0.3333,0.3333,0.3333,0.3333,0.3333,0.3333,0.3333,0.3333,0.3333,0.3333,,,,,,,,,,,,,,,,,,,46.676,0.0,1.921,1.921,378.707,93.528,477.343
84,2026-05-15T04:55:04.352127+00:00,browsing,ISL,29.255,25.754,29.255,0.5,0.5,34.709,38.501,0.5259,0.4741,0.2216,0.5965,1,0.3333,0.3333,0.3333,0.904,0.5058,0.02039,0.03752,1,0.3333,0.3333,0.3333,0.866,0.4636,0.03656,0.07397,1,0.3333,0.3333,0.3333,3.263,0.6667,0.22632,0.26661,5.033,39.742,0.3333,0.3333,0.3333,0.3333,0.3333,0.3333,0.3333,0.3333,0.3333,0.3333,0.3333,0.3333,0.3333,0.3333,0.3333,0.3333,0.3333,0.3333,,,,,,,,,,,,,,,,,,,37.602,0.0,2.139,2.139,378.707,95.668,479.483
85,2026-05-15T04:55:10.388381+00:00,browsing,ISL,24.817,31.246,24.817,0.5,0.5,30.229,43.963,0.5926,0.4074,0.2159,0.5956,2,0.3333,0.3333,0.3333,2.032,0.6317,0.13315,0.1821,2,0.3333,0.3333,0.3333,2.735,0.584,0.22352,0.31395,2,0.3333,0.3333,0.3333,1.336,0.5667,0.03361,0.05201,6.103,36.332,0.3333,0.3333,0.3333,0.3333,0.3333,0.3333,0.3333,0.3333,0.3333,0.3333,0.3333,0.3333,0.3333,0.3333,0.3333,0.3333,0.3333,0.3333,,,,,,,,,,,,,,,,,,,33.168,0.0,3.164,3.164,378.707,98.832,482.647
86,2026-05-15T04:55:16.414780+00:00,browsing,ISL,20.261,21.952,20.261,0.5,0.5,25.638,34.635,0.5746,0.4254,0.2111,0.5945,1,0.3333,0.3333,0.3333,1.096,0.5211,0.03959,0.0716,0,0.3333,0.3333,0.3333,1.005,0.4976,0.05046,0.12773,2,0.3333,0.3333,0.3333,1.824,0.5667,0.08242,0.12301,3.925,29.562,0.3333,0.3333,0.3333,0.3333,0.3333,0.3333,0.3333,0.3333,0.3333,0.3333,0.3333,0.3333,0.3333,0.3333,0.3333,0.3333,0.3333,0.3333,,,,,,,,,,,,,,,,,,,28.618,0.0,0.944,0.944,378.707,99.776,483.591
87,2026-05-15T04:55:22.445462+00:00,browsing,ISL,10.89,26.297,10.89,0.5,0.5,16.238,38.944,0.7057,0.2943,0.2071,0.5934,1,0.3333,0.3333,0.3333,2.007,0.5297,0.1307,0.21919,2,0.3333,0.3333,0.3333,1.966,0.5943,0.14662,0.21667,1,0.3333,0.3333,0.3333,2.152,0.6667,0.11518,0.14453,6.125,22.363,0.3333,0.3333,0.3333,0.3333,0.3333,0.3333,0.3333,0.3333,0.3333,0.3333,0.3333,0.3333,0.3333,0.3333,0.3333,0.3333,0.3333,0.3333,,,,,,,,,,,,,,,,,,,19.255,0.0,3.108,3.108,378.707,102.884,486.699
88,2026-05-15T04:55:28.475229+00:00,browsing,GND,33.219,33.454,33.454,0.5,0.5,38.545,46.062,0.5444,0.4556,0.204,0.5921,2,0.3333,0.3333,0.3333,0.395,0.4391,0.01452,0.03126,2,0.3333,0.3333,0.3333,0.347,0.3915,0.01974,0.04722,0,0.3333,0.3333,0.3333,0.073,0.1029,-0.01268,-0.11757,0.816,46.877,0.3333,0.3333,0.3333,0.3333,0.3333,0.3333,0.3333,0.3333,0.3333,0.3333,0.3333,0.3333,0.3333,0.3333,0.3333,0.3333,0.3333,0.3333,,,,,,,,,,,,,,,,,,,41.593,7.516,0.232,5.284,386.223,103.117,491.983
89,2026-05-15T04:55:34.506007+00:00,browsing,GND,17.141,21.602,21.602,0.5,0.5,22.452,34.166,0.6035,0.3965,0.2018,0.5908,1,0.3333,0.3333,0.3333,0.295,0.3922,0.00452,0.01374,0,0.3333,0.3333,0.3333,0.129,0.2356,-0.00209,-0.01175,1,0.3333,0.3333,0.3333,0.612,0.1821,0.04124,0.18548,1.037,35.203,0.3333,0.3333,0.3333,0.3333,0.3333,0.3333,0.3333,0.3333,0.3333,0.3333,0.3333,0.3333,0.3333,0.3333,0.3333,0.3333,0.3333,0.3333,,,,,,,,,,,,,,,,,,,25.521,11.714,0.452,9.681,397.937,103.569,501.665
90,2026-05-15T04:55:40.530025+00:00,gaming,ISL,31.004,29.531,31.004,0.5,0.5,36.135,41.856,0.5367,0.4633,0.2004,0.5893,1,0.3333,0.3333,0.3333,2.374,0.2911,0.16744,0.27304,2,0.3333,0.3333,0.3333,0.448,0.3074,-0.00522,-0.00865,2,0.3333,0.3333,0.3333,2.271,0.4444,0.12707,0.10828,5.093,41.228,0.3333,0.3333,0.3333,0.3333,0.3333,0.3333,0.3333,0.3333,0.3333,0.3333,0.3333,0.3333,0.3333,0.3333,0.3333,0.3333,0.3333,0.3333,,,,,,,,,,,,,,,,,,,37.716,0.0,3.512,3.512,397.937,107.081,505.177
91,2026-05-15T04:55:46.552435+00:00,gaming,GND,11.471,21.409,21.409,0.5,0.5,16.6,33.687,0.6699,0.3301,0.2,0.5878,1,0.3333,0.3333,0.3333,0.245,0.2273,-0.00052,-0.00158,1,0.3333,0.3333,0.3333,0.502,0.2118,0.0352,0.11618,0,0.3333,0.3333,0.3333,0.061,0.0229,-0.01387,-0.27801,0.808,34.495,0.3333,0.3333,0.3333,0.3333,0.3333,0.3333,0.3333,0.3333,0.3333,0.3333,0.3333,0.3333,0.3333,0.3333,0.3333,0.3333,0.3333,0.3333,,,,,,,,,,,,,,,,,,,18.182,17.087,0.31,16.313,415.024,107.392,521.49
92,2026-05-15T04:55:52.580865+00:00,gaming,GND,36.951,26.292,26.292,0.5,0.5,42.082,38.52,0.4779,0.5221,0.2004,0.5861,1,0.3333,0.3333,0.3333,0.235,0.2263,-0.00154,-0.00473,2,0.3333,0.3333,0.3333,0.101,0.1988,-0.00492,-0.01212,0,0.3333,0.3333,0.3333,0.073,0.0229,-0.01273,-0.25211,0.408,38.928,0.3333,0.3333,0.3333,0.3333,0.3333,0.3333,0.3333,0.3333,0.3333,0.3333,0.3333,0.3333,0.3333,0.3333,0.3333,0.3333,0.3333,0.3333,,,,,,,,,,,,,,,,,,,39.018,0.0,0.0,0.0,415.024,107.392,521.49
93,2026-05-15T04:55:58.602366+00:00,gaming,ISL,34.696,38.527,34.696,0.5,0.5,39.836,50.702,0.56,0.44,0.2018,0.5843,0,0.3333,0.3333,0.3333,0.661,0.3415,-0.00388,-0.01024,1,0.3333,0.3333,0.3333,1.722,0.3017,0.12224,0.2285,1,0.3333,0.3333,0.3333,1.105,0.237,0.01047,0.01752,3.488,43.324,0.3333,0.3333,0.3333,0.3333,0.3333,0.3333,0.3333,0.3333,0.3333,0.3333,0.3333,0.3333,0.3333,0.3333,0.3333,0.3333,0.3333,0.3333,,,,,,,,,,,,,,,,,,,41.408,0.0,1.916,1.916,415.024,109.308,523.406
94,2026-05-15T04:56:04.626056+00:00,gaming,ISL,29.979,28.932,29.979,0.5,0.5,35.134,41.052,0.5388,0.4612,0.204,0.5824,0,0.3333,0.3333,0.3333,0.39,0.3333,-0.03098,-0.08482,2,0.3333,0.3333,0.3333,1.214,0.3288,0.07139,0.11136,0,0.3333,0.3333,0.3333,0.053,0.1111,-0.09469,-0.41685,1.657,36.791,0.3333,0.3333,0.3333,0.3333,0.3333,0.3333,0.3333,0.3333,0.3333,0.3333,0.3333,0.3333,0.3333,0.3333,0.3333,0.3333,0.3333,0.3333,,,,,,,,,,,,,,,,,,,36.694,0.0,0.097,0.097,415.024,109.405,523.503
95,2026-05-15T04:56:10.663658+00:00,gaming,ISL,20.554,25.553,20.554,0.5,0.5,25.729,37.615,0.5938,0.4062,0.2071,0.5805,2,0.3333,0.3333,0.3333,1.231,0.3545,0.05307,0.0766,1,0.3333,0.3333,0.3333,0.695,0.318,0.01951,0.04016,0,0.3333,0.3333,0.3333,0.486,0.1111,-0.05145,-0.20483,2.411,28.141,0.3333,0.3333,0.3333,0.3333,0.3333,0.3333,0.3333,0.3333,0.3333,0.3333,0.3333,0.3333,0.3333,0.3333,0.3333,0.3333,0.3333,0.3333,,,,,,,,,,,,,,,,,,,27.274,0.0,0.867,0.867,415.024,110.272,524.37
96,2026-05-15T04:56:16.687584+00:00,gaming,GND,17.207,29.391,29.391,0.5,0.5,22.409,41.392,0.6488,0.3512,0.2111,0.5784,2,0.3333,0.3333,0.3333,0.657,0.2352,0.0407,0.08528,1,0.3333,0.3333,0.3333,0.773,0.2068,0.06234,0.19736,0,0.3333,0.3333,0.3333,0.039,0.0229,-0.01607,-0.33026,1.47,42.862,0.3333,0.3333,0.3333,0.3333,0.3333,0.3333,0.3333,0.3333,0.3333,0.3333,0.3333,0.3333,0.3333,0.3333,0.3333,0.3333,0.3333,0.3333,,,,,,,,,,,,,,,,,,,23.934,18.984,0.968,18.928,434.008,111.24,543.298
97,2026-05-15T04:56:22.710417+00:00,gaming,GND,30.686,28.77,28.77,0.5,0.5,35.921,40.709,0.5312,0.4688,0.2159,0.5762,0,0.3333,0.3333,0.3333,0.429,0.2054,0.01787,0.07528,2,0.3333,0.3333,0.3333,0.109,0.2135,-0.0041,-0.01009,1,0.3333,0.3333,0.3333,0.165,0.0571,-0.0035,-0.02477,0.703,41.412,0.3333,0.3333,0.3333,0.3333,0.3333,0.3333,0.3333,0.3333,0.3333,0.3333,0.3333,0.3333,0.3333,0.3333,0.3333,0.3333,0.3333,0.3333,,,,,,,,,,,,,,,,,,,37.425,4.787,0.201,3.987,438.795,111.441,547.285
98,2026-05-15T04:56:28.732197+00:00,gaming,GND,18.943,21.815,21.815,0.5,0.5,24.217,33.69,0.5818,0.4182,0.2216,0.5739,2,0.3333,0.3333,0.3333,0.381,0.241,0.01309,0.02824,0,0.3333,0.3333,0.3333,0.193,0.1752,0.00427,0.02364,0,0.3333,0.3333,0.3333,0.024,0.0229,-0.01757,-0.36733,0.598,34.288,0.3333,0.3333,0.3333,0.3333,0.3333,0.3333,0.3333,0.3333,0.3333,0.3333,0.3333,0.3333,0.3333,0.3333,0.3333,0.3333,0.3333,0.3333,,,,,,,,,,,,,,,,,,,25.696,9.473,0.096,8.591,448.269,111.537,555.876
99,2026-05-15T04:56:34.756847+00:00,gaming,GND,19.245,29.729,29.729,0.5,0.5,24.565,41.537,0.6284,0.3716,0.2281,0.5716,1,0.3333,0.3333,0.3333,0.196,0.216,-0.00541,-0.01671,0,0.3333,0.3333,0.3333,0.203,0.1777,0.00526,0.02903,1,0.3333,0.3333,0.3333,0.233,0.0571,0.00325,0.02252,0.631,42.168,0.3333,0.3333,0.3333,0.3333,0.3333,0.3333,0.3333,0.3333,0.3333,0.3333,0.3333,0.3333,0.3333,0.3333,0.3333,0.3333,0.3333,0.3333,,,,,,,,,,,,,,,,,,,26.02,16.972,0.128,16.148,465.24,111.666,572.024
100,2026-05-15T04:56:40.785507+00:00,gaming,GND,29.198,26.212,26.212,0.5,0.5,34.571,37.951,0.5233,0.4767,0.2354,0.5691,2,0.3333,0.3333,0.3333,0.258,0.2464,0.00079,0.00172,0,0.3333,0.3333,0.3333,0.111,0.18,-0.0039,-0.0221,1,0.3333,0.3333,0.3333,0.383,0.0571,0.01827,0.12036,0.752,38.703,0.3333,0.3333,0.3333,0.3333,0.3333,0.3333,0.3333,0.3333,0.3333,0.3333,0.3333,0.3333,0.3333,0.3333,0.3333,0.3333,0.3333,0.3333,,,,,,,,,,,,,,,,,,,36.0,3.38,0.249,2.702,468.621,111.914,574.726
101,2026-05-15T04:56:46.808028+00:00,gaming,ISL,15.607,25.345,15.607,0.5,0.5,21.038,37.014,0.6376,0.3624,0.2435,0.5665,0,0.3333,0.3333,0.3333,0.57,0.2367,-0.01303,-0.0348,0,0.3333,0.3333,0.3333,0.853,0.2824,0.03526,0.09093,1,0.3333,0.3333,0.3333,0.684,0.237,-0.03158,-0.05477,2.106,23.144,0.3333,0.3333,0.3333,0.3333,0.3333,0.3333,0.3333,0.3333,0.3333,0.3333,0.3333,0.3333,0.3333,0.3333,0.3333,0.3333,0.3333,0.3333,,,,,,,,,,,,,,,,,,,22.442,0.0,0.702,0.702,468.621,112.616,575.428
102,2026-05-15T04:56:52.816618+00:00,gaming,ISL,18.962,25.035,18.962,0.5,0.5,24.46,36.632,0.5996,0.4004,0.2524,0.5638,2,0.3333,0.3333,0.3333,0.761,0.3859,0.00607,0.00906,0,0.3333,0.3333,0.3333,0.239,0.2689,-0.02608,-0.073,1,0.3333,0.3333,0.3333,0.727,0.237,-0.02725,-0.04708,1.727,26.187,0.3333,0.3333,0.3333,0.3333,0.3333,0.3333,0.3333,0.3333,0.3333,0.3333,0.3333,0.3333,0.3333,0.3333,0.3333,0.3333,0.3333,0.3333,,,,,,,,,,,,,,,,,,,25.84,0.0,0.347,0.347,468.621,112.964,575.776
103,2026-05-15T04:56:58.843171+00:00,gaming,ISL,29.885,29.007,29.885,0.5,0.5,35.457,40.53,0.5334,0.4666,0.2621,0.5611,0,0.3333,0.3333,0.3333,0.166,0.207,-0.05344,-0.15116,2,0.3333,0.3333,0.3333,1.055,0.365,0.05552,0.08765,2,0.3333,0.3333,0.3333,3.518,0.4444,0.2518,0.20426,4.739,40.195,0.3333,0.3333,0.3333,0.3333,0.3333,0.3333,0.3333,0.3333,0.3333,0.3333,0.3333,0.3333,0.3333,0.3333,0.3333,0.3333,0.3333,0.3333,,,,,,,,,,,,,,,,,,,36.813,0.0,3.382,3.382,468.621,116.346,579.158
104,2026-05-15T04:57:04.863619+00:00,gaming,ISL,22.073,26.448,22.073,0.5,0.5,27.726,37.895,0.5775,0.4225,0.2724,0.5582,2,0.3333,0.3333,0.3333,0.868,0.3914,0.01681,0.02491,2,0.3333,0.3333,0.3333,0.582,0.3673,0.0082,0.01345,2,0.3333,0.3333,0.3333,2.103,0.4444,0.11029,0.09464,3.553,31.279,0.3333,0.3333,0.3333,0.3333,0.3333,0.3333,0.3333,0.3333,0.3333,0.3333,0.3333,0.3333,0.3333,0.3333,0.3333,0.3333,0.3333,0.3333,,,,,,,,,,,,,,,,,,,29.061,0.0,2.218,2.218,468.621,118.564,581.376
105,2026-05-15T04:57:10.896186+00:00,youtube,GND,13.995,27.825,27.825,0.5,0.5,19.864,39.294,0.6642,0.3358,0.2835,0.5553,2,0.3333,0.3333,0.3333,0.392,0.3941,0.01422,0.03063,0,0.3333,0.3333,0.3333,0.139,0.2421,-0.00106,-0.00595,2,0.3333,0.3333,0.3333,0.287,0.2,0.00869,0.02995,0.818,40.112,0.3333,0.3333,0.3333,0.3333,0.3333,0.3333,0.3333,0.3333,0.3333,0.3333,0.3333,0.3333,0.3333,0.3333,0.3333,0.3333,0.3333,0.3333,,,,,,,,,,,,,,,,,,,22.041,19.43,0.207,18.071,488.05,118.77,599.446
106,2026-05-15T04:57:16.920976+00:00,youtube,ISL,21.282,29.921,21.282,0.5,0.5,27.254,41.311,0.6025,0.3975,0.2952,0.5523,2,0.3333,0.3333,0.3333,2.428,0.595,0.17282,0.2305,1,0.3333,0.3333,0.3333,0.967,0.5029,0.04667,0.0935,1,0.3333,0.3333,0.3333,2.763,0.5704,0.17629,0.19586,6.158,33.412,0.3333,0.3333,0.3333,0.3333,0.3333,0.3333,0.3333,0.3333,0.3333,0.3333,0.3333,0.3333,0.3333,0.3333,0.3333,0.3333,0.3333,0.3333,,,,,,,,,,,,,,,,,,,29.408,0.0,4.004,4.004,488.05,122.774,603.45
107,2026-05-15T04:57:22.953439+00:00,youtube,ISL,31.842,40.904,31.842,0.5,0.5,37.926,52.213,0.5792,0.4208,0.3075,0.5491,0,0.3333,0.3333,0.3333,1.063,0.2776,0.03632,0.09106,1,0.3333,0.3333,0.3333,0.727,0.5015,0.02269,0.04654,0,0.3333,0.3333,0.3333,1.226,0.3889,0.0226,0.03988,3.016,40.942,0.3333,0.3333,0.3333,0.3333,0.3333,0.3333,0.3333,0.3333,0.3333,0.3333,0.3333,0.3333,0.3333,0.3333,0.3333,0.3333,0.3333,0.3333,,,,,,,,,,,,,,,,,,,40.059,0.0,0.883,0.883,488.05,123.657,604.333
108,2026-05-15T04:57:28.981510+00:00,youtube,ISL,44.042,36.382,44.042,0.5,0.5,50.248,47.609,0.4865,0.5135,0.3205,0.5459,1,0.3333,0.3333,0.3333,1.128,0.5366,0.04283,0.07725,1,0.3333,0.3333,0.3333,0.676,0.4992,0.0176,0.03629,0,0.3333,0.3333,0.3333,0.521,0.3889,-0.04793,-0.09022,2.325,52.573,0.3333,0.3333,0.3333,0.3333,0.3333,0.3333,0.3333,0.3333,0.3333,0.3333,0.3333,0.3333,0.3333,0.3333,0.3333,0.3333,0.3333,0.3333,,,,,,,,,,,,,,,,,,,48.221,2.639,0.208,4.352,490.689,123.866,608.685
109,2026-05-15T04:57:35.006961+00:00,youtube,GND,7.81,22.835,22.835,0.5,0.5,14.148,33.98,0.706,0.294,0.334,0.5426,1,0.3333,0.3333,0.3333,0.478,0.2915,0.0228,0.06749,0,0.3333,0.3333,0.3333,0.275,0.2449,0.01252,0.06775,1,0.3333,0.3333,0.3333,0.048,0.15,-0.01523,-0.07372,0.801,34.781,0.3333,0.3333,0.3333,0.3333,0.3333,0.3333,0.3333,0.3333,0.3333,0.3333,0.3333,0.3333,0.3333,0.3333,0.3333,0.3333,0.3333,0.3333,,,,,,,,,,,,,,,,,,,16.252,19.832,0.19,18.529,510.521,124.055,627.214
110,2026-05-15T04:57:41.042599+00:00,youtube,GND,20.212,29.153,29.153,0.5,0.5,26.695,40.215,0.601,0.399,0.348,0.5392,0,0.3333,0.3333,0.3333,0.149,0.2739,-0.01012,-0.04526,0,0.3333,0.3333,0.3333,0.096,0.245,-0.00539,-0.03066,1,0.3333,0.3333,0.3333,0.128,0.15,-0.00724,-0.03438,0.373,40.588,0.3333,0.3333,0.3333,0.3333,0.3333,0.3333,0.3333,0.3333,0.3333,0.3333,0.3333,0.3333,0.3333,0.3333,0.3333,0.3333,0.3333,0.3333,,,,,,,,,,,,,,,,,,,28.789,13.52,0.0,11.798,524.04,124.055,639.012
111,2026-05-15T04:57:47.063582+00:00,youtube,GND,20.718,25.455,25.455,0.5,0.5,27.357,36.433,0.5711,0.4289,0.3625,0.5358,0,0.3333,0.3333,0.3333,0.249,0.272,-6e-05,-0.00024,2,0.3333,0.3333,0.3333,0.587,0.3642,0.04369,0.1017,1,0.3333,0.3333,0.3333,0.673,0.15,0.04734,0.19962,1.51,37.943,0.3333,0.3333,0.3333,0.3333,0.3333,0.3333,0.3333,0.3333,0.3333,0.3333,0.3333,0.3333,0.3333,0.3333,0.3333,0.3333,0.3333,0.3333,,,,,,,,,,,,,,,,,,,29.446,9.076,0.899,8.497,533.116,124.955,647.51
112,2026-05-15T04:57:53.088412+00:00,youtube,ISL,16.067,28.98,16.067,0.5,0.5,22.875,39.873,0.6354,0.3646,0.3775,0.5322,1,0.3333,0.3333,0.3333,1.162,0.514,0.04615,0.083,0,0.3333,0.3333,0.3333,0.168,0.2665,-0.0332,-0.09391,0,0.3333,0.3333,0.3333,0.77,0.3889,-0.02304,-0.04235,2.099,24.974,0.3333,0.3333,0.3333,0.3333,0.3333,0.3333,0.3333,0.3333,0.3333,0.3333,0.3333,0.3333,0.3333,0.3333,0.3333,0.3333,0.3333,0.3333,,,,,,,,,,,,,,,,,,,24.962,0.0,0.012,0.012,533.116,124.967,647.522
113,2026-05-15T04:57:59.118771+00:00,youtube,ISL,30.803,30.208,30.803,0.5,0.5,37.793,41.016,0.5204,0.4796,0.3928,0.5286,0,0.3333,0.3333,0.3333,0.224,0.2776,-0.04761,-0.13351,0,0.3333,0.3333,0.3333,0.284,0.2622,-0.02157,-0.06,1,0.3333,0.3333,0.3333,1.551,0.5704,0.05507,0.06539,2.059,39.852,0.3333,0.3333,0.3333,0.3333,0.3333,0.3333,0.3333,0.3333,0.3333,0.3333,0.3333,0.3333,0.3333,0.3333,0.3333,0.3333,0.3333,0.3333,,,,,,,,,,,,,,,,,,,39.883,0.0,0.0,0.0,533.116,124.967,647.522
114,2026-05-15T04:58:05.148107+00:00,youtube,ISL,22.322,25.645,22.322,0.5,0.5,29.51,36.367,0.552,0.448,0.4085,0.5249,0,0.3333,0.3333,0.3333,0.221,0.2858,-0.04786,-0.13425,0,0.3333,0.3333,0.3333,1.338,0.2598,0.08377,0.20391,0,0.3333,0.3333,0.3333,0.736,0.3889,-0.02635,-0.0486,2.296,31.806,0.3333,0.3333,0.3333,0.3333,0.3333,0.3333,0.3333,0.3333,0.3333,0.3333,0.3333,0.3333,0.3333,0.3333,0.3333,0.3333,0.3333,0.3333,,,,,,,,,,,,,,,,,,,31.605,0.0,0.2,0.2,533.116,125.167,647.722
115,2026-05-15T04:58:11.177735+00:00,youtube,ISL,28.865,25.877,28.865,0.5,0.5,36.266,36.513,0.5017,0.4983,0.4246,0.5211,1,0.3333,0.3333,0.3333,1.13,0.4892,0.04299,0.07752,0,0.3333,0.3333,0.3333,0.524,0.2593,0.00239,0.00643,1,0.3333,0.3333,0.3333,5.243,0.5704,0.42426,0.41916,6.896,43.163,0.3333,0.3333,0.3333,0.3333,0.3333,0.3333,0.3333,0.3333,0.3333,0.3333,0.3333,0.3333,0.3333,0.3333,0.3333,0.3333,0.3333,0.3333,,,,,,,,,,,,,,,,,,,37.121,0.0,4.791,6.041,533.116,129.959,653.764
116,2026-05-15T04:58:17.208398+00:00,youtube,GND,16.3,25.797,25.797,0.5,0.5,23.932,36.346,0.603,0.397,0.4409,0.5173,0,0.3333,0.3333,0.3333,0.322,0.2586,0.00723,0.03114,1,0.3333,0.3333,0.3333,0.25,0.2524,0.00995,0.03425,0,0.3333,0.3333,0.3333,0.146,0.1,-0.00544,-0.03886,0.717,37.064,0.3333,0.3333,0.3333,0.3333,0.3333,0.3333,0.3333,0.3333,0.3333,0.3333,0.3333,0.3333,0.3333,0.3333,0.3333,0.3333,0.3333,0.3333,,,,,,,,,,,,,,,,,,,26.05,12.414,0.11,11.013,545.531,130.068,664.777
117,2026-05-15T04:58:23.237116+00:00,youtube,GND,20.29,25.243,25.243,0.5,0.5,28.171,35.706,0.559,0.441,0.4574,0.5134,0,0.3333,0.3333,0.3333,0.394,0.2553,0.01439,0.06104,2,0.3333,0.3333,0.3333,0.371,0.3652,0.02214,0.05283,1,0.3333,0.3333,0.3333,0.458,0.15,0.02578,0.11362,1.223,36.929,0.3333,0.3333,0.3333,0.3333,0.3333,0.3333,0.3333,0.3333,0.3333,0.3333,0.3333,0.3333,0.3333,0.3333,0.3333,0.3333,0.3333,0.3333,,,,,,,,,,,,,,,,,,,30.306,7.535,0.616,6.622,553.065,130.684,671.399
118,2026-05-15T04:58:29.266907+00:00,youtube,ISL,30.928,28.906,30.928,0.5,0.5,39.078,39.281,0.5013,0.4987,0.4742,0.5094,1,0.3333,0.3333,0.3333,0.686,0.4608,-0.00144,-0.0027,1,0.3333,0.3333,0.3333,0.518,0.436,0.0018,0.00377,0,0.3333,0.3333,0.3333,1.27,0.3889,0.02696,0.04738,2.473,41.551,0.3333,0.3333,0.3333,0.3333,0.3333,0.3333,0.3333,0.3333,0.3333,0.3333,0.3333,0.3333,0.3333,0.3333,0.3333,0.3333,0.3333,0.3333,,,,,,,,,,,,,,,,,,,39.888,0.0,0.317,1.663,553.065,131.001,673.062
119,2026-05-15T04:58:35.296210+00:00,youtube,ISL,35.808,21.24,35.808,0.5,0.5,44.247,31.529,0.4161,0.5839,0.491,0.5053,0,0.3333,0.3333,0.3333,0.455,0.351,-0.02449,-0.06644,0,0.3333,0.3333,0.3333,0.392,0.2764,-0.01076,-0.02948,2,0.3333,0.3333,0.3333,2.551,0.4148,0.15513,0.23253,3.399,47.646,0.3333,0.3333,0.3333,0.3333,0.3333,0.3333,0.3333,0.3333,0.3333,0.3333,0.3333,0.3333,0.3333,0.3333,0.3333,0.3333,0.3333,0.3333,,,,,,,,,,,,,,,,,,,32.135,12.718,1.219,15.512,565.784,132.22,688.574
120,2026-05-15T04:58:41.323151+00:00,mixed,ISL,33.861,40.821,33.861,0.5,0.5,42.711,51.049,0.5445,0.4555,0.508,0.5011,2,0.3333,0.3333,0.3333,2.471,0.6317,0.17706,0.23554,2,0.3333,0.3333,0.3333,1.413,0.5881,0.09126,0.14027,2,0.3333,0.3333,0.3333,1.52,0.5333,0.05196,0.07506,5.403,48.114,0.3333,0.3333,0.3333,0.3333,0.3333,0.3333,0.3333,0.3333,0.3333,0.3333,0.3333,0.3333,0.3333,0.3333,0.3333,0.3333,0.3333,0.3333,,,,,,,,,,,,,,,,,,,45.609,0.0,2.505,2.505,565.784,134.725,691.078
121,2026-05-15T04:58:47.352731+00:00,mixed,GND,36.115,29.974,29.974,0.5,0.5,45.311,40.115,0.4696,0.5304,0.525,0.4969,2,0.3333,0.3333,0.3333,0.315,0.4361,0.00651,0.01415,0,0.3333,0.3333,0.3333,0.14,0.2491,-0.00103,-0.0058,0,0.3333,0.3333,0.3333,0.123,0.0971,-0.00771,-0.06563,0.578,40.693,0.3333,0.3333,0.3333,0.3333,0.3333,0.3333,0.3333,0.3333,0.3333,0.3333,0.3333,0.3333,0.3333,0.3333,0.3333,0.3333,0.3333,0.3333,,,,,,,,,,,,,,,,,,,40.702,0.0,0.0,0.0,565.784,134.725,691.078
122,2026-05-15T04:58:53.383887+00:00,mixed,ISL,11.85,21.746,11.85,0.5,0.5,21.42,31.8,0.5975,0.4025,0.542,0.4927,1,0.3333,0.3333,0.3333,1.554,0.4764,0.08544,0.14859,0,0.3333,0.3333,0.3333,0.451,0.3433,-0.00489,-0.0133,0,0.3333,0.3333,0.3333,0.999,0.5333,-0.00014,-0.00021,3.004,24.424,0.3333,0.3333,0.3333,0.3333,0.3333,0.3333,0.3333,0.3333,0.3333,0.3333,0.3333,0.3333,0.3333,0.3333,0.3333,0.3333,0.3333,0.3333,,,,,,,,,,,,,,,,,,,24.386,0.0,0.038,0.038,565.784,134.762,691.116
123,2026-05-15T04:58:59.415523+00:00,mixed,GND,22.305,25.982,25.982,0.5,0.5,32.279,35.949,0.5269,0.4731,0.559,0.4883,1,0.3333,0.3333,0.3333,0.171,0.2885,-0.00787,-0.02441,2,0.3333,0.3333,0.3333,0.469,0.3993,0.03191,0.07528,1,0.3333,0.3333,0.3333,0.105,0.1714,-0.00951,-0.0454,0.745,36.694,0.3333,0.3333,0.3333,0.3333,0.3333,0.3333,0.3333,0.3333,0.3333,0.3333,0.3333,0.3333,0.3333,0.3333,0.3333,0.3333,0.3333,0.3333,,,,,,,,,,,,,,,,,,,35.282,3.67,0.16,1.412,569.453,134.922,692.528
124,2026-05-15T04:59:05.444171+00:00,mixed,GND,29.315,26.157,26.157,0.5,0.5,39.727,36.038,0.4757,0.5243,0.5758,0.484,1,0.3333,0.3333,0.3333,0.35,0.2862,0.00999,0.03013,2,0.3333,0.3333,0.3333,0.522,0.3975,0.0372,0.08722,1,0.3333,0.3333,0.3333,0.324,0.1714,0.01245,0.05646,1.196,37.234,0.3333,0.3333,0.3333,0.3333,0.3333,0.3333,0.3333,0.3333,0.3333,0.3333,0.3333,0.3333,0.3333,0.3333,0.3333,0.3333,0.3333,0.3333,,,,,,,,,,,,,,,,,,,36.622,0.0,0.612,0.612,569.453,135.534,693.14
125,2026-05-15T04:59:11.473169+00:00,mixed,ISL,15.558,25.233,15.558,0.5,0.5,26.444,35.027,0.5698,0.4302,0.5926,0.4795,2,0.3333,0.3333,0.3333,1.777,0.6042,0.10769,0.14975,2,0.3333,0.3333,0.3333,2.361,0.5634,0.18608,0.26776,0,0.3333,0.3333,0.3333,1.298,0.5333,0.02979,0.04372,5.436,31.88,0.3333,0.3333,0.3333,0.3333,0.3333,0.3333,0.3333,0.3333,0.3333,0.3333,0.3333,0.3333,0.3333,0.3333,0.3333,0.3333,0.3333,0.3333,,,,,,,,,,,,,,,,,,,29.522,0.0,2.358,2.358,569.453,137.893,695.498
126,2026-05-15T04:59:17.488253+00:00,mixed,ISL,20.113,25.259,20.113,0.5,0.5,31.513,34.967,0.526,0.474,0.6091,0.475,1,0.3333,0.3333,0.3333,0.942,0.4459,0.02425,0.04446,1,0.3333,0.3333,0.3333,1.073,0.416,0.05731,0.11363,2,0.3333,0.3333,0.3333,1.301,0.5333,0.03013,0.0442,3.317,34.83,0.3333,0.3333,0.3333,0.3333,0.3333,0.3333,0.3333,0.3333,0.3333,0.3333,0.3333,0.3333,0.3333,0.3333,0.3333,0.3333,0.3333,0.3333,,,,,,,,,,,,,,,,,,,34.626,0.0,0.204,0.204,569.453,138.096,695.702
127,2026-05-15T04:59:23.525109+00:00,mixed,ISL,30.669,28.897,30.669,0.5,0.5,42.625,38.52,0.4747,0.5253,0.6254,0.4704,0,0.3333,0.3333,0.3333,0.658,0.4939,-0.0042,-0.0111,1,0.3333,0.3333,0.3333,0.51,0.4091,0.00097,0.00203,0,0.3333,0.3333,0.3333,0.968,0.5333,-0.00322,-0.00485,2.135,44.76,0.3333,0.3333,0.3333,0.3333,0.3333,0.3333,0.3333,0.3333,0.3333,0.3333,0.3333,0.3333,0.3333,0.3333,0.3333,0.3333,0.3333,0.3333,,,,,,,,,,,,,,,,,,,39.101,4.105,0.0,5.659,573.558,138.096,701.361
128,2026-05-15T04:59:29.555769+00:00,mixed,ISL,10.113,21.177,10.113,0.5,0.5,22.671,30.715,0.5753,0.4247,0.6415,0.4658,0,0.3333,0.3333,0.3333,1.288,0.4999,0.05878,0.1435,2,0.3333,0.3333,0.3333,1.319,0.5471,0.08192,0.12679,0,0.3333,0.3333,0.3333,1.076,0.5333,0.0076,0.01133,3.683,26.354,0.3333,0.3333,0.3333,0.3333,0.3333,0.3333,0.3333,0.3333,0.3333,0.3333,0.3333,0.3333,0.3333,0.3333,0.3333,0.3333,0.3333,0.3333,,,,,,,,,,,,,,,,,,,25.848,0.0,0.506,0.506,573.558,138.603,701.867
129,2026-05-15T04:59:35.568748+00:00,mixed,GND,25.496,29.195,29.195,0.5,0.5,38.705,38.649,0.4996,0.5004,0.6572,0.4612,2,0.3333,0.3333,0.3333,0.407,0.4151,0.01566,0.03369,1,0.3333,0.3333,0.3333,0.225,0.2512,0.00753,0.02603,0,0.3333,0.3333,0.3333,0.07,0.0971,-0.01297,-0.11299,0.702,39.352,0.3333,0.3333,0.3333,0.3333,0.3333,0.3333,0.3333,0.3333,0.3333,0.3333,0.3333,0.3333,0.3333,0.3333,0.3333,0.3333,0.3333,0.3333,,,,,,,,,,,,,,,,,,,39.228,0.0,0.123,0.123,573.558,138.726,701.99
130,2026-05-15T04:59:41.588380+00:00,mixed,GND,28.942,25.951,25.951,0.5,0.5,42.857,35.322,0.4518,0.5482,0.6725,0.4564,1,0.3333,0.3333,0.3333,0.308,0.2741,0.00578,0.01755,0,0.3333,0.3333,0.3333,0.251,0.2214,0.01006,0.05478,1,0.3333,0.3333,0.3333,0.12,0.1714,-0.00801,-0.03812,0.678,36.0,0.3333,0.3333,0.3333,0.3333,0.3333,0.3333,0.3333,0.3333,0.3333,0.3333,0.3333,0.3333,0.3333,0.3333,0.3333,0.3333,0.3333,0.3333,,,,,,,,,,,,,,,,,,,35.9,0.0,0.1,0.1,573.558,138.826,702.09
131,2026-05-15T04:59:47.616865+00:00,mixed,ISL,16.207,25.768,16.207,0.5,0.5,30.886,35.057,0.5316,0.4684,0.6875,0.4517,2,0.3333,0.3333,0.3333,1.506,0.5701,0.08055,0.11407,0,0.3333,0.3333,0.3333,0.814,0.4606,0.03135,0.08126,2,0.3333,0.3333,0.3333,1.23,0.5333,0.02301,0.03394,3.549,34.435,0.3333,0.3333,0.3333,0.3333,0.3333,0.3333,0.3333,0.3333,0.3333,0.3333,0.3333,0.3333,0.3333,0.3333,0.3333,0.3333,0.3333,0.3333,,,,,,,,,,,,,,,,,,,34.123,0.0,0.312,0.312,573.558,139.138,702.402
132,2026-05-15T04:59:53.653437+00:00,mixed,GND,20.502,25.728,25.728,0.5,0.5,36.007,34.934,0.4924,0.5076,0.702,0.4469,0,0.3333,0.3333,0.3333,0.264,0.2185,0.00136,0.00594,1,0.3333,0.3333,0.3333,0.32,0.2454,0.01702,0.05786,1,0.3333,0.3333,0.3333,0.264,0.1714,0.00635,0.02922,0.847,35.782,0.3333,0.3333,0.3333,0.3333,0.3333,0.3333,0.3333,0.3333,0.3333,0.3333,0.3333,0.3333,0.3333,0.3333,0.3333,0.3333,0.3333,0.3333,,,,,,,,,,,,,,,,,,,35.511,0.0,0.271,0.271,573.558,139.409,702.673
133,2026-05-15T04:59:59.683154+00:00,mixed,GND,30.797,29.016,29.016,0.5,0.5,47.193,38.141,0.447,0.553,0.716,0.442,2,0.3333,0.3333,0.3333,1.041,0.4026,0.07913,0.15964,2,0.3333,0.3333,0.3333,1.301,0.3753,0.11514,0.2485,0,0.3333,0.3333,0.3333,0.102,0.0971,-0.00979,-0.08405,2.445,40.585,0.3333,0.3333,0.3333,0.3333,0.3333,0.3333,0.3333,0.3333,0.3333,0.3333,0.3333,0.3333,0.3333,0.3333,0.3333,0.3333,0.3333,0.3333,,,,,,,,,,,,,,,,,,,38.716,0.0,1.869,1.869,573.558,141.278,704.543
134,2026-05-15T05:00:05.712113+00:00,mixed,ISL,34.056,21.014,34.056,0.5,0.5,51.411,30.058,0.3689,0.6311,0.7295,0.4371,1,0.3333,0.3333,0.3333,0.976,0.4289,0.0276,0.05045,1,0.3333,0.3333,0.3333,0.716,0.3814,0.02161,0.04438,1,0.3333,0.3333,0.3333,3.358,0.6519,0.23582,0.25419,5.05,56.462,0.3333,0.3333,0.3333,0.3333,0.3333,0.3333,0.3333,0.3333,0.3333,0.3333,0.3333,0.3333,0.3333,0.3333,0.3333,0.3333,0.3333,0.3333,,,,,,,,,,,,,,,,,,,30.632,21.353,1.807,25.829,594.911,143.085,730.372
135,2026-05-15T05:00:11.744791+00:00,mixed,GND,27.718,36.329,36.329,0.5,0.5,46.106,45.293,0.4956,0.5044,0.7425,0.4322,2,0.3333,0.3333,0.3333,0.418,0.3964,0.01675,0.03599,0,0.3333,0.3333,0.3333,0.163,0.2029,0.00133,0.00739,2,0.3333,0.3333,0.3333,0.41,0.2449,0.02103,0.06643,0.991,46.284,0.3333,0.3333,0.3333,0.3333,0.3333,0.3333,0.3333,0.3333,0.3333,0.3333,0.3333,0.3333,0.3333,0.3333,0.3333,0.3333,0.3333,0.3333,,,,,,,,,,,,,,,,,,,45.866,0.0,0.418,0.418,594.911,143.503,730.79
136,2026-05-15T05:00:17.773380+00:00,mixed,GND,36.906,29.887,29.887,0.5,0.5,56.4,38.772,0.4074,0.5926,0.7548,0.4273,0,0.3333,0.3333,0.3333,0.443,0.2043,0.0193,0.08107,2,0.3333,0.3333,0.3333,0.363,0.3665,0.02128,0.05082,2,0.3333,0.3333,0.3333,0.62,0.2449,0.04204,0.12867,1.426,40.198,0.3333,0.3333,0.3333,0.3333,0.3333,0.3333,0.3333,0.3333,0.3333,0.3333,0.3333,0.3333,0.3333,0.3333,0.3333,0.3333,0.3333,0.3333,,,,,,,,,,,,,,,,,,,39.345,0.0,0.854,0.854,594.911,144.356,731.643
137,2026-05-15T05:00:23.804783+00:00,mixed,GND,23.26,31.17,31.17,0.5,0.5,43.934,39.977,0.4764,0.5236,0.7665,0.4223,0,0.3333,0.3333,0.3333,0.19,0.2012,-0.00601,-0.02664,1,0.3333,0.3333,0.3333,0.187,0.2374,0.00365,0.0127,1,0.3333,0.3333,0.3333,0.112,0.1714,-0.00875,-0.0417,0.489,40.466,0.3333,0.3333,0.3333,0.3333,0.3333,0.3333,0.3333,0.3333,0.3333,0.3333,0.3333,0.3333,0.3333,0.3333,0.3333,0.3333,0.3333,0.3333,,,,,,,,,,,,,,,,,,,40.549,0.0,0.0,0.0,594.911,144.356,731.643
138,2026-05-15T05:00:29.810371+00:00,mixed,GND,23.461,25.296,25.296,0.5,0.5,45.388,34.026,0.4285,0.5715,0.7776,0.4172,0,0.3333,0.3333,0.3333,0.12,0.1983,-0.01302,-0.05864,1,0.3333,0.3333,0.3333,0.48,0.2361,0.03301,0.10934,0,0.3333,0.3333,0.3333,0.091,0.0971,-0.01086,-0.09373,0.691,34.717,0.3333,0.3333,0.3333,0.3333,0.3333,0.3333,0.3333,0.3333,0.3333,0.3333,0.3333,0.3333,0.3333,0.3333,0.3333,0.3333,0.3333,0.3333,,,,,,,,,,,,,,,,,,,34.597,0.0,0.12,0.12,594.911,144.477,731.763
139,2026-05-15T05:00:35.841625+00:00,mixed,ISL,10.146,22.747,10.146,0.5,0.5,33.393,31.4,0.4846,0.5154,0.7879,0.4122,1,0.3333,0.3333,0.3333,0.775,0.4524,0.00745,0.01387,1,0.3333,0.3333,0.3333,0.883,0.3883,0.03828,0.07732,1,0.3333,0.3333,0.3333,3.757,0.6519,0.27569,0.29144,5.414,38.807,0.3333,0.3333,0.3333,0.3333,0.3333,0.3333,0.3333,0.3333,0.3333,0.3333,0.3333,0.3333,0.3333,0.3333,0.3333,0.3333,0.3333,0.3333,,,,,,,,,,,,,,,,,,,31.971,1.992,2.269,6.836,596.904,146.746,738.6
140,2026-05-15T05:00:41.872104+00:00,mixed,GND,18.322,25.539,25.539,0.5,0.5,42.947,34.117,0.4427,0.5573,0.7976,0.4071,1,0.3333,0.3333,0.3333,0.375,0.2623,0.01255,0.03771,2,0.3333,0.3333,0.3333,0.361,0.3549,0.02106,0.0503,0,0.3333,0.3333,0.3333,0.159,0.0971,-0.00408,-0.03418,0.895,35.012,0.3333,0.3333,0.3333,0.3333,0.3333,0.3333,0.3333,0.3333,0.3333,0.3333,0.3333,0.3333,0.3333,0.3333,0.3333,0.3333,0.3333,0.3333,,,,,,,,,,,,,,,,,,,34.687,0.0,0.326,0.326,596.904,147.071,738.926
141,2026-05-15T05:00:47.896802+00:00,mixed,GND,20.405,21.738,21.738,0.5,0.5,46.457,30.241,0.3943,0.6057,0.8065,0.402,2,0.3333,0.3333,0.3333,0.745,0.3797,0.04953,0.10288,0,0.3333,0.3333,0.3333,0.171,0.1808,0.00207,0.01152,1,0.3333,0.3333,0.3333,0.152,0.1714,-0.00475,-0.02243,1.068,31.309,0.3333,0.3333,0.3333,0.3333,0.3333,0.3333,0.3333,0.3333,0.3333,0.3333,0.3333,0.3333,0.3333,0.3333,0.3333,0.3333,0.3333,0.3333,,,,,,,,,,,,,,,,,,,30.81,0.0,0.5,0.5,596.904,147.571,739.425
142,2026-05-15T05:00:53.918369+00:00,mixed,GND,41.448,26.489,26.489,0.5,0.5,68.954,34.918,0.3362,0.6638,0.8146,0.3968,2,0.3333,0.3333,0.3333,0.531,0.3774,0.02809,0.05964,2,0.3333,0.3333,0.3333,0.221,0.3494,0.00715,0.01736,0,0.3333,0.3333,0.3333,0.128,0.0971,-0.00719,-0.06107,0.88,35.799,0.3333,0.3333,0.3333,0.3333,0.3333,0.3333,0.3333,0.3333,0.3333,0.3333,0.3333,0.3333,0.3333,0.3333,0.3333,0.3333,0.3333,0.3333,,,,,,,,,,,,,,,,,,,35.487,0.0,0.312,0.312,596.904,147.883,739.737
143,2026-05-15T05:00:59.947972+00:00,mixed,GND,38.854,33.578,33.578,0.5,0.5,67.819,41.935,0.3821,0.6179,0.8219,0.3917,1,0.3333,0.3333,0.3333,0.447,0.2613,0.0197,0.05857,0,0.3333,0.3333,0.3333,0.159,0.174,0.00092,0.00515,2,0.3333,0.3333,0.3333,0.146,0.2449,-0.00539,-0.01775,0.752,42.688,0.3333,0.3333,0.3333,0.3333,0.3333,0.3333,0.3333,0.3333,0.3333,0.3333,0.3333,0.3333,0.3333,0.3333,0.3333,0.3333,0.3333,0.3333,,,,,,,,,,,,,,,,,,,42.503,0.0,0.185,0.185,596.904,148.067,739.922
144,2026-05-15T05:01:05.973951+00:00,mixed,GND,12.693,29.493,29.493,0.5,0.5,43.091,37.778,0.4672,0.5328,0.8284,0.3865,0,0.3333,0.3333,0.3333,0.281,0.1858,0.00308,0.01339,0,0.3333,0.3333,0.3333,0.266,0.1707,0.01162,0.06302,1,0.3333,0.3333,0.3333,0.2,0.1714,-3e-05,-0.00015,0.747,38.525,0.3333,0.3333,0.3333,0.3333,0.3333,0.3333,0.3333,0.3333,0.3333,0.3333,0.3333,0.3333,0.3333,0.3333,0.3333,0.3333,0.3333,0.3333,,,,,,,,,,,,,,,,,,,38.345,0.0,0.179,0.179,596.904,148.247,740.101
145,2026-05-15T05:01:11.999678+00:00,mixed,GND,33.09,34.15,34.15,0.5,0.5,64.859,42.364,0.3951,0.6049,0.8341,0.3813,0,0.3333,0.3333,0.3333,0.176,0.1846,-0.00739,-0.03286,1,0.3333,0.3333,0.3333,0.322,0.2297,0.01718,0.05838,2,0.3333,0.3333,0.3333,0.388,0.2449,0.01884,0.05972,0.886,43.251,0.3333,0.3333,0.3333,0.3333,0.3333,0.3333,0.3333,0.3333,0.3333,0.3333,0.3333,0.3333,0.3333,0.3333,0.3333,0.3333,0.3333,0.3333,,,,,,,,,,,,,,,,,,,42.931,0.0,0.319,0.319,596.904,148.566,740.42
146,2026-05-15T05:01:18.030289+00:00,mixed,GND,18.524,25.551,25.551,0.5,0.5,51.562,33.696,0.3952,0.6048,0.8389,0.3761,1,0.3333,0.3333,0.3333,0.155,0.2615,-0.00949,-0.02949,0,0.3333,0.3333,0.3333,0.079,0.1646,-0.0071,-0.04055,1,0.3333,0.3333,0.3333,0.265,0.1714,0.00648,0.0298,0.499,34.195,0.3333,0.3333,0.3333,0.3333,0.3333,0.3333,0.3333,0.3333,0.3333,0.3333,0.3333,0.3333,0.3333,0.3333,0.3333,0.3333,0.3333,0.3333,,,,,,,,,,,,,,,,,,,34.263,0.0,0.0,0.0,596.904,148.566,740.42
147,2026-05-15T05:01:24.050331+00:00,mixed,ISL,18.088,21.409,18.088,0.5,0.5,52.246,29.485,0.3608,0.6392,0.8429,0.3709,2,0.3333,0.3333,0.3333,1.37,0.5365,0.06704,0.09582,0,0.3333,0.3333,0.3333,0.893,0.4171,0.03931,0.10088,0,0.3333,0.3333,0.3333,1.386,0.5333,0.03859,0.05627,3.649,55.896,0.3333,0.3333,0.3333,0.3333,0.3333,0.3333,0.3333,0.3333,0.3333,0.3333,0.3333,0.3333,0.3333,0.3333,0.3333,0.3333,0.3333,0.3333,,,,,,,,,,,,,,,,,,,30.051,22.761,0.754,25.844,619.665,149.32,766.265
148,2026-05-15T05:01:30.073937+00:00,mixed,GND,16.384,28.863,28.863,0.5,0.5,51.471,36.872,0.4174,0.5826,0.846,0.3657,2,0.3333,0.3333,0.3333,0.269,0.3677,0.00193,0.00421,0,0.3333,0.3333,0.3333,0.244,0.1591,0.00935,0.05105,2,0.3333,0.3333,0.3333,0.138,0.2449,-0.00623,-0.02056,0.651,37.522,0.3333,0.3333,0.3333,0.3333,0.3333,0.3333,0.3333,0.3333,0.3333,0.3333,0.3333,0.3333,0.3333,0.3333,0.3333,0.3333,0.3333,0.3333,,,,,,,,,,,,,,,,,,,37.438,0.0,0.085,0.085,619.665,149.404,766.35
149,2026-05-15T05:01:36.104440+00:00,mixed,GND,30.842,28.856,28.856,0.5,0.5,66.627,36.799,0.3558,0.6442,0.8482,0.3605,2,0.3333,0.3333,0.3333,0.336,0.3668,0.00861,0.01867,2,0.3333,0.3333,0.3333,0.225,0.3337,0.00745,0.0181,2,0.3333,0.3333,0.3333,0.226,0.2449,0.00262,0.00853,0.787,37.586,0.3333,0.3333,0.3333,0.3333,0.3333,0.3333,0.3333,0.3333,0.3333,0.3333,0.3333,0.3333,0.3333,0.3333,0.3333,0.3333,0.3333,0.3333,,,,,,,,,,,,,,,,,,,37.364,0.0,0.221,0.221,619.665,149.626,766.571
150,2026-05-15T05:01:42.129100+00:00,youtube,GND,26.362,21.701,21.701,0.5,0.5,61.011,29.563,0.3264,0.6736,0.8496,0.3552,2,0.3333,0.3333,0.3333,0.409,0.3205,0.01592,0.03423,0,0.3333,0.3333,0.3333,0.086,0.1365,-0.00644,-0.03675,1,0.3333,0.3333,0.3333,0.192,0.15,-0.00081,-0.00377,0.687,30.249,0.3333,0.3333,0.3333,0.3333,0.3333,0.3333,0.3333,0.3333,0.3333,0.3333,0.3333,0.3333,0.3333,0.3333,0.3333,0.3333,0.3333,0.3333,,,,,,,,,,,,,,,,,,,30.146,0.0,0.103,0.103,619.665,149.729,766.674
151,2026-05-15T05:01:48.159932+00:00,youtube,ISL,22.555,29.778,22.555,0.5,0.5,57.337,37.575,0.3959,0.6041,0.85,0.35,1,0.3333,0.3333,0.3333,1.314,0.5063,0.06138,0.10892,2,0.3333,0.3333,0.3333,0.717,0.4293,0.0217,0.03517,2,0.3333,0.3333,0.3333,1.936,0.4148,0.09361,0.14667,3.967,61.304,0.3333,0.3333,0.3333,0.3333,0.3333,0.3333,0.3333,0.3333,0.3333,0.3333,0.3333,0.3333,0.3333,0.3333,0.3333,0.3333,0.3333,0.3333,,,,,,,,,,,,,,,,,,,38.159,19.762,1.83,23.145,639.427,151.56,789.82
152,2026-05-15T05:01:54.189520+00:00,youtube,GND,28.613,25.695,25.695,0.5,0.5,63.262,33.429,0.3457,0.6543,0.8496,0.3448,0,0.3333,0.3333,0.3333,0.219,0.1618,-0.00312,-0.01373,0,0.3333,0.3333,0.3333,0.174,0.1324,0.00242,0.01345,1,0.3333,0.3333,0.3333,0.281,0.15,0.00808,0.03703,0.674,34.103,0.3333,0.3333,0.3333,0.3333,0.3333,0.3333,0.3333,0.3333,0.3333,0.3333,0.3333,0.3333,0.3333,0.3333,0.3333,0.3333,0.3333,0.3333,,,,,,,,,,,,,,,,,,,34.013,0.0,0.091,0.091,639.427,151.65,789.91
153,2026-05-15T05:02:00.220665+00:00,youtube,GND,12.585,22.123,22.123,0.5,0.5,46.837,29.795,0.3888,0.6112,0.8482,0.3395,2,0.3333,0.3333,0.3333,0.346,0.3201,0.00956,0.0207,1,0.3333,0.3333,0.3333,0.413,0.2007,0.02626,0.08793,0,0.3333,0.3333,0.3333,0.11,0.1,-0.00897,-0.06488,0.868,30.664,0.3333,0.3333,0.3333,0.3333,0.3333,0.3333,0.3333,0.3333,0.3333,0.3333,0.3333,0.3333,0.3333,0.3333,0.3333,0.3333,0.3333,0.3333,,,,,,,,,,,,,,,,,,,30.378,0.0,0.285,0.285,639.427,151.936,790.196
154,2026-05-15T05:02:06.249970+00:00,youtube,ISL,15.546,25.131,15.546,0.5,0.5,49.159,32.742,0.3998,0.6002,0.846,0.3343,1,0.3333,0.3333,0.3333,0.897,0.5271,0.0197,0.03627,1,0.3333,0.3333,0.3333,0.552,0.4529,0.00523,0.01092,2,0.3333,0.3333,0.3333,0.688,0.4148,-0.0312,-0.05409,2.137,51.296,0.3333,0.3333,0.3333,0.3333,0.3333,0.3333,0.3333,0.3333,0.3333,0.3333,0.3333,0.3333,0.3333,0.3333,0.3333,0.3333,0.3333,0.3333,,,,,,,,,,,,,,,,,,,33.325,16.417,0.017,17.972,655.844,151.952,808.167
155,2026-05-15T05:02:12.269213+00:00,youtube,GND,19.222,25.194,25.194,0.5,0.5,51.982,32.744,0.3865,0.6135,0.8429,0.3291,0,0.3333,0.3333,0.3333,0.27,0.1661,0.00196,0.00856,2,0.3333,0.3333,0.3333,0.299,0.2863,0.01492,0.03591,2,0.3333,0.3333,0.3333,0.57,0.2,0.03705,0.12192,1.139,33.884,0.3333,0.3333,0.3333,0.3333,0.3333,0.3333,0.3333,0.3333,0.3333,0.3333,0.3333,0.3333,0.3333,0.3333,0.3333,0.3333,0.3333,0.3333,,,,,,,,,,,,,,,,,,,33.328,0.0,0.556,0.556,655.844,152.508,808.723
156,2026-05-15T05:02:18.277098+00:00,youtube,GND,42.054,28.792,28.792,0.5,0.5,73.781,36.284,0.3297,0.6703,0.8389,0.3239,0,0.3333,0.3333,0.3333,0.077,0.168,-0.01729,-0.07864,1,0.3333,0.3333,0.3333,0.606,0.2024,0.04556,0.14795,2,0.3333,0.3333,0.3333,0.144,0.2,-0.00565,-0.01997,0.826,37.11,0.3333,0.3333,0.3333,0.3333,0.3333,0.3333,0.3333,0.3333,0.3333,0.3333,0.3333,0.3333,0.3333,0.3333,0.3333,0.3333,0.3333,0.3333,,,,,,,,,,,,,,,,,,,36.868,0.0,0.243,0.243,655.844,152.751,808.966
157,2026-05-15T05:02:24.291845+00:00,youtube,ISL,38.69,33.159,38.69,0.5,0.5,69.246,40.593,0.3696,0.6304,0.8341,0.3187,0,0.3333,0.3333,0.3333,0.408,0.3213,-0.0292,-0.07975,2,0.3333,0.3333,0.3333,2.372,0.4489,0.18724,0.26922,2,0.3333,0.3333,0.3333,2.179,0.4148,0.11792,0.18149,4.96,74.206,0.3333,0.3333,0.3333,0.3333,0.3333,0.3333,0.3333,0.3333,0.3333,0.3333,0.3333,0.3333,0.3333,0.3333,0.3333,0.3333,0.3333,0.3333,,,,,,,,,,,,,,,,,,,41.176,28.653,2.822,33.029,684.497,155.573,841.995
158,2026-05-15T05:02:30.308533+00:00,youtube,GND,13.686,26.509,26.509,0.5,0.5,42.972,33.886,0.4409,0.5591,0.8284,0.3135,2,0.3333,0.3333,0.3333,0.258,0.3244,0.00082,0.00179,0,0.3333,0.3333,0.3333,0.121,0.1255,-0.00291,-0.01645,2,0.3333,0.3333,0.3333,0.063,0.2,-0.01369,-0.04911,0.442,34.328,0.3333,0.3333,0.3333,0.3333,0.3333,0.3333,0.3333,0.3333,0.3333,0.3333,0.3333,0.3333,0.3333,0.3333,0.3333,0.3333,0.3333,0.3333,,,,,,,,,,,,,,,,,,,34.47,0.0,0.0,0.0,684.497,155.573,841.995
159,2026-05-15T05:02:36.315956+00:00,youtube,ISL,21.133,28.781,21.133,0.5,0.5,49.086,36.102,0.4238,0.5762,0.8219,0.3083,2,0.3333,0.3333,0.3333,1.631,0.5201,0.09305,0.13066,2,0.3333,0.3333,0.3333,0.984,0.4579,0.04845,0.07691,1,0.3333,0.3333,0.3333,1.945,0.5704,0.0945,0.10973,4.56,53.646,0.3333,0.3333,0.3333,0.3333,0.3333,0.3333,0.3333,0.3333,0.3333,0.3333,0.3333,0.3333,0.3333,0.3333,0.3333,0.3333,0.3333,0.3333,,,,,,,,,,,,,,,,,,,36.686,12.984,2.394,16.959,697.481,157.967,858.954
160,2026-05-15T05:02:42.311169+00:00,youtube,GND,43.342,40.444,40.444,0.5,0.5,69.934,47.711,0.4056,0.5944,0.8146,0.3032,2,0.3333,0.3333,0.3333,0.625,0.3276,0.03754,0.07892,2,0.3333,0.3333,0.3333,0.422,0.2865,0.02721,0.06454,2,0.3333,0.3333,0.3333,0.332,0.2,0.01315,0.045,1.379,49.09,0.3333,0.3333,0.3333,0.3333,0.3333,0.3333,0.3333,0.3333,0.3333,0.3333,0.3333,0.3333,0.3333,0.3333,0.3333,0.3333,0.3333,0.3333,,,,,,,,,,,,,,,,,,,48.295,0.0,0.794,0.794,697.481,158.761,859.749
161,2026-05-15T05:02:48.311301+00:00,youtube,ISL,16.334,25.794,16.334,0.5,0.5,41.564,33.007,0.4426,0.5574,0.8065,0.298,0,0.3333,0.3333,0.3333,0.559,0.3823,-0.01411,-0.03775,1,0.3333,0.3333,0.3333,2.259,0.496,0.17586,0.31431,1,0.3333,0.3333,0.3333,3.158,0.5704,0.21578,0.23493,5.975,47.539,0.3333,0.3333,0.3333,0.3333,0.3333,0.3333,0.3333,0.3333,0.3333,0.3333,0.3333,0.3333,0.3333,0.3333,0.3333,0.3333,0.3333,0.3333,,,,,,,,,,,,,,,,,,,33.592,8.557,3.769,13.947,706.037,162.53,873.696
162,2026-05-15T05:02:54.317454+00:00,youtube,GND,16.252,25.553,25.553,0.5,0.5,40.143,32.713,0.449,0.551,0.7976,0.2929,2,0.3333,0.3333,0.3333,0.349,0.3317,0.00986,0.02134,1,0.3333,0.3333,0.3333,0.505,0.2089,0.03546,0.11699,1,0.3333,0.3333,0.3333,0.194,0.15,-0.00063,-0.00295,1.047,33.76,0.3333,0.3333,0.3333,0.3333,0.3333,0.3333,0.3333,0.3333,0.3333,0.3333,0.3333,0.3333,0.3333,0.3333,0.3333,0.3333,0.3333,0.3333,,,,,,,,,,,,,,,,,,,33.298,0.0,0.461,0.461,706.037,162.991,874.157
163,2026-05-15T05:03:00.334000+00:00,youtube,ISL,15.146,24.944,15.146,0.5,0.5,37.736,32.052,0.4593,0.5407,0.7879,0.2878,0,0.3333,0.3333,0.3333,0.705,0.4121,0.00047,0.00124,0,0.3333,0.3333,0.3333,0.189,0.2694,-0.03114,-0.08782,1,0.3333,0.3333,0.3333,3.02,0.5704,0.20196,0.22143,3.913,41.649,0.3333,0.3333,0.3333,0.3333,0.3333,0.3333,0.3333,0.3333,0.3333,0.3333,0.3333,0.3333,0.3333,0.3333,0.3333,0.3333,0.3333,0.3333,,,,,,,,,,,,,,,,,,,32.638,5.685,1.658,9.012,711.722,164.649,883.169
164,2026-05-15T05:03:06.338618+00:00,youtube,GND,18.093,25.362,25.362,0.5,0.5,39.434,32.42,0.4512,0.5488,0.7776,0.2828,1,0.3333,0.3333,0.3333,0.828,0.2536,0.05782,0.16303,1,0.3333,0.3333,0.3333,0.369,0.2118,0.02189,0.07383,2,0.3333,0.3333,0.3333,0.075,0.2,-0.01248,-0.04467,1.272,33.692,0.3333,0.3333,0.3333,0.3333,0.3333,0.3333,0.3333,0.3333,0.3333,0.3333,0.3333,0.3333,0.3333,0.3333,0.3333,0.3333,0.3333,0.3333,,,,,,,,,,,,,,,,,,,33.006,0.0,0.686,0.686,711.722,165.335,883.854
165,2026-05-15T05:03:12.340174+00:00,youtube,GND,33.796,21.511,21.511,0.5,0.5,53.949,28.518,0.3458,0.6542,0.7665,0.2777,2,0.3333,0.3333,0.3333,0.313,0.3391,0.00625,0.01358,0,0.3333,0.3333,0.3333,0.163,0.1279,0.00127,0.00707,0,0.3333,0.3333,0.3333,0.21,0.1,0.00098,0.00687,0.685,29.203,0.3333,0.3333,0.3333,0.3333,0.3333,0.3333,0.3333,0.3333,0.3333,0.3333,0.3333,0.3333,0.3333,0.3333,0.3333,0.3333,0.3333,0.3333,,,,,,,,,,,,,,,,,,,29.106,0.0,0.098,0.098,711.722,165.433,883.952
166,2026-05-15T05:03:18.363610+00:00,youtube,ISL,32.081,36.119,32.081,0.5,0.5,51.111,43.078,0.4574,0.5426,0.7548,0.2727,2,0.3333,0.3333,0.3333,1.599,0.5599,0.0899,0.1265,1,0.3333,0.3333,0.3333,1.033,0.5029,0.05332,0.10613,1,0.3333,0.3333,0.3333,2.609,0.5704,0.16086,0.18017,5.241,56.352,0.3333,0.3333,0.3333,0.3333,0.3333,0.3333,0.3333,0.3333,0.3333,0.3333,0.3333,0.3333,0.3333,0.3333,0.3333,0.3333,0.3333,0.3333,,,,,,,,,,,,,,,,,,,43.666,8.033,2.908,12.686,719.755,168.341,896.638
167,2026-05-15T05:03:24.376173+00:00,youtube,ISL,31.071,29.295,31.071,0.5,0.5,49.045,36.206,0.4247,0.5753,0.7425,0.2678,2,0.3333,0.3333,0.3333,1.681,0.565,0.09808,0.13725,2,0.3333,0.3333,0.3333,0.962,0.5001,0.04623,0.07351,0,0.3333,0.3333,0.3333,1.01,0.3889,0.00098,0.00176,3.653,52.698,0.3333,0.3333,0.3333,0.3333,0.3333,0.3333,0.3333,0.3333,0.3333,0.3333,0.3333,0.3333,0.3333,0.3333,0.3333,0.3333,0.3333,0.3333,,,,,,,,,,,,,,,,,,,36.795,12.839,1.296,15.903,732.594,169.637,912.541
168,2026-05-15T05:03:30.385685+00:00,youtube,GND,12.063,21.667,21.667,0.5,0.5,29.051,28.532,0.4955,0.5045,0.7295,0.2629,2,0.3333,0.3333,0.3333,0.798,0.3476,0.0548,0.11321,0,0.3333,0.3333,0.3333,0.135,0.1324,-0.00147,-0.00827,0,0.3333,0.3333,0.3333,0.073,0.1,-0.01268,-0.09296,1.006,29.538,0.3333,0.3333,0.3333,0.3333,0.3333,0.3333,0.3333,0.3333,0.3333,0.3333,0.3333,0.3333,0.3333,0.3333,0.3333,0.3333,0.3333,0.3333,,,,,,,,,,,,,,,,,,,29.121,0.0,0.417,0.417,732.594,170.054,912.958
169,2026-05-15T05:03:36.439182+00:00,youtube,ISL,16.016,25.427,16.016,0.5,0.5,32.082,32.245,0.5013,0.4987,0.716,0.258,2,0.3333,0.3333,0.3333,1.534,0.5744,0.08338,0.11784,1,0.3333,0.3333,0.3333,1.249,0.496,0.07485,0.14599,0,0.3333,0.3333,0.3333,0.563,0.3889,-0.04374,-0.08201,3.345,35.427,0.3333,0.3333,0.3333,0.3333,0.3333,0.3333,0.3333,0.3333,0.3333,0.3333,0.3333,0.3333,0.3333,0.3333,0.3333,0.3333,0.3333,0.3333,,,,,,,,,,,,,,,,,,,32.835,0.0,0.947,2.591,732.594,171.001,915.549
170,2026-05-15T05:03:42.451302+00:00,youtube,ISL,15.162,25.303,15.162,0.5,0.5,30.371,32.076,0.5137,0.4863,0.702,0.2531,0,0.3333,0.3333,0.3333,1.09,0.4667,0.03905,0.09758,2,0.3333,0.3333,0.3333,1.233,0.5157,0.07332,0.1142,2,0.3333,0.3333,0.3333,0.723,0.4148,-0.02773,-0.04793,3.046,33.417,0.3333,0.3333,0.3333,0.3333,0.3333,0.3333,0.3333,0.3333,0.3333,0.3333,0.3333,0.3333,0.3333,0.3333,0.3333,0.3333,0.3333,0.3333,,,,,,,,,,,,,,,,,,,32.667,0.0,0.632,0.75,732.594,171.634,916.3
171,2026-05-15T05:03:48.464906+00:00,youtube,GND,17.871,25.472,25.472,0.5,0.5,32.285,32.202,0.4994,0.5006,0.6875,0.2483,0,0.3333,0.3333,0.3333,0.159,0.22,-0.00907,-0.0405,1,0.3333,0.3333,0.3333,0.422,0.2247,0.02724,0.09106,0,0.3333,0.3333,0.3333,0.035,0.1,-0.01653,-0.12294,0.616,32.819,0.3333,0.3333,0.3333,0.3333,0.3333,0.3333,0.3333,0.3333,0.3333,0.3333,0.3333,0.3333,0.3333,0.3333,0.3333,0.3333,0.3333,0.3333,,,,,,,,,,,,,,,,,,,32.794,0.0,0.025,0.025,732.594,171.658,916.324
172,2026-05-15T05:03:54.474487+00:00,youtube,ISL,19.417,21.943,19.417,0.5,0.5,33.094,28.63,0.4638,0.5362,0.6725,0.2436,2,0.3333,0.3333,0.3333,1.788,0.5859,0.10878,0.15115,2,0.3333,0.3333,0.3333,1.083,0.5252,0.0583,0.09184,1,0.3333,0.3333,0.3333,4.087,0.5704,0.30869,0.32125,6.958,40.052,0.3333,0.3333,0.3333,0.3333,0.3333,0.3333,0.3333,0.3333,0.3333,0.3333,0.3333,0.3333,0.3333,0.3333,0.3333,0.3333,0.3333,0.3333,,,,,,,,,,,,,,,,,,,29.222,4.464,4.522,10.83,737.059,176.18,927.154
173,2026-05-15T05:04:00.487438+00:00,youtube,GND,29.764,26.629,26.629,0.5,0.5,42.759,33.274,0.4376,0.5624,0.6572,0.2388,0,0.3333,0.3333,0.3333,0.107,0.2284,-0.01426,-0.06441,2,0.3333,0.3333,0.3333,2.055,0.3099,0.1905,0.38303,0,0.3333,0.3333,0.3333,0.076,0.1,-0.01238,-0.09063,2.239,35.513,0.3333,0.3333,0.3333,0.3333,0.3333,0.3333,0.3333,0.3333,0.3333,0.3333,0.3333,0.3333,0.3333,0.3333,0.3333,0.3333,0.3333,0.3333,,,,,,,,,,,,,,,,,,,33.868,0.0,1.645,1.645,737.059,177.825,928.799
174,2026-05-15T05:04:06.501390+00:00,youtube,GND,16.443,21.455,21.455,0.5,0.5,28.807,28.059,0.4934,0.5066,0.6415,0.2342,2,0.3333,0.3333,0.3333,0.408,0.3663,0.01576,0.0339,2,0.3333,0.3333,0.3333,0.21,0.3127,0.00605,0.01471,2,0.3333,0.3333,0.3333,0.83,0.2,0.06296,0.19914,1.448,29.507,0.3333,0.3333,0.3333,0.3333,0.3333,0.3333,0.3333,0.3333,0.3333,0.3333,0.3333,0.3333,0.3333,0.3333,0.3333,0.3333,0.3333,0.3333,,,,,,,,,,,,,,,,,,,28.653,0.0,0.853,0.853,737.059,178.679,929.652
175,2026-05-15T05:04:12.520677+00:00,youtube,ISL,32.886,33.577,32.886,0.5,0.5,44.666,40.141,0.4733,0.5267,0.6254,0.2296,0,0.3333,0.3333,0.3333,0.72,0.4374,0.00202,0.00528,1,0.3333,0.3333,0.3333,0.988,0.4608,0.04875,0.09747,0,0.3333,0.3333,0.3333,0.472,0.3889,-0.05279,-0.09984,2.18,46.846,0.3333,0.3333,0.3333,0.3333,0.3333,0.3333,0.3333,0.3333,0.3333,0.3333,0.3333,0.3333,0.3333,0.3333,0.3333,0.3333,0.3333,0.3333,,,,,,,,,,,,,,,,,,,40.736,4.525,0.0,6.109,741.584,178.679,935.762
176,2026-05-15T05:04:18.528254+00:00,youtube,GND,28.776,25.789,25.789,0.5,0.5,40.016,32.315,0.4468,0.5532,0.6091,0.225,1,0.3333,0.3333,0.3333,0.186,0.2838,-0.0064,-0.0198,1,0.3333,0.3333,0.3333,0.693,0.2357,0.05432,0.17404,1,0.3333,0.3333,0.3333,0.192,0.15,-0.00075,-0.00352,1.072,33.386,0.3333,0.3333,0.3333,0.3333,0.3333,0.3333,0.3333,0.3333,0.3333,0.3333,0.3333,0.3333,0.3333,0.3333,0.3333,0.3333,0.3333,0.3333,,,,,,,,,,,,,,,,,,,32.911,0.0,0.475,0.475,741.584,179.154,936.237
177,2026-05-15T05:04:24.545136+00:00,youtube,GND,35.863,29.614,29.614,0.5,0.5,46.603,36.101,0.4365,0.5635,0.5926,0.2205,1,0.3333,0.3333,0.3333,0.258,0.2864,0.00077,0.00237,1,0.3333,0.3333,0.3333,0.402,0.238,0.02518,0.08447,2,0.3333,0.3333,0.3333,0.237,0.2,0.00373,0.01298,0.897,36.998,0.3333,0.3333,0.3333,0.3333,0.3333,0.3333,0.3333,0.3333,0.3333,0.3333,0.3333,0.3333,0.3333,0.3333,0.3333,0.3333,0.3333,0.3333,,,,,,,,,,,,,,,,,,,36.698,0.0,0.3,0.3,741.584,179.454,936.537
178,2026-05-15T05:04:30.558609+00:00,youtube,ISL,18.036,21.665,18.036,0.5,0.5,28.315,28.115,0.4982,0.5018,0.5758,0.216,2,0.3333,0.3333,0.3333,2.323,0.5966,0.16227,0.21786,0,0.3333,0.3333,0.3333,0.638,0.4422,0.01384,0.03668,2,0.3333,0.3333,0.3333,0.686,0.4148,-0.03137,-0.05439,3.647,31.962,0.3333,0.3333,0.3333,0.3333,0.3333,0.3333,0.3333,0.3333,0.3333,0.3333,0.3333,0.3333,0.3333,0.3333,0.3333,0.3333,0.3333,0.3333,,,,,,,,,,,,,,,,,,,28.713,0.199,1.223,3.249,741.783,180.677,939.786
179,2026-05-15T05:04:36.561990+00:00,youtube,GND,15.53,28.832,28.832,0.5,0.5,25.381,35.246,0.5814,0.4186,0.559,0.2117,1,0.3333,0.3333,0.3333,0.336,0.2915,0.00864,0.02612,0,0.3333,0.3333,0.3333,0.172,0.1629,0.00217,0.01207,0,0.3333,0.3333,0.3333,0.052,0.1,-0.01479,-0.10926,0.56,35.806,0.3333,0.3333,0.3333,0.3333,0.3333,0.3333,0.3333,0.3333,0.3333,0.3333,0.3333,0.3333,0.3333,0.3333,0.3333,0.3333,0.3333,0.3333,,,,,,,,,,,,,,,,,,,27.795,9.865,0.0,8.011,751.648,180.677,947.797
180,2026-05-15T05:04:42.580569+00:00,youtube,GND,24.251,29.428,29.428,0.5,0.5,33.707,35.806,0.5151,0.4849,0.542,0.2073,1,0.3333,0.3333,0.3333,0.125,0.294,-0.01248,-0.03898,0,0.3333,0.3333,0.3333,0.135,0.1665,-0.00146,-0.00824,1,0.3333,0.3333,0.3333,0.13,0.15,-0.007,-0.03324,0.39,36.196,0.3333,0.3333,0.3333,0.3333,0.3333,0.3333,0.3333,0.3333,0.3333,0.3333,0.3333,0.3333,0.3333,0.3333,0.3333,0.3333,0.3333,0.3333,,,,,,,,,,,,,,,,,,,36.109,2.099,0.0,0.088,753.747,180.677,947.884
181,2026-05-15T05:04:48.591947+00:00,youtube,GND,21.548,36.427,36.427,0.5,0.5,30.639,42.771,0.5826,0.4174,0.525,0.2031,2,0.3333,0.3333,0.3333,0.822,0.386,0.05718,0.11785,2,0.3333,0.3333,0.3333,0.552,0.3331,0.04018,0.09389,0,0.3333,0.3333,0.3333,0.085,0.1,-0.01155,-0.08427,1.458,44.229,0.3333,0.3333,0.3333,0.3333,0.3333,0.3333,0.3333,0.3333,0.3333,0.3333,0.3333,0.3333,0.3333,0.3333,0.3333,0.3333,0.3333,0.3333,,,,,,,,,,,,,,,,,,,33.027,12.131,0.858,11.202,765.878,181.534,959.086
182,2026-05-15T05:04:54.610028+00:00,youtube,ISL,43.312,36.343,43.312,0.5,0.5,52.065,42.653,0.4503,0.5497,0.508,0.1989,1,0.3333,0.3333,0.3333,1.997,0.3868,0.1297,0.21767,2,0.3333,0.3333,0.3333,1.364,0.5535,0.08641,0.13329,0,0.3333,0.3333,0.3333,0.648,0.3889,-0.03523,-0.06551,4.009,56.073,0.3333,0.3333,0.3333,0.3333,0.3333,0.3333,0.3333,0.3333,0.3333,0.3333,0.3333,0.3333,0.3333,0.3333,0.3333,0.3333,0.3333,0.3333,,,,,,,,,,,,,,,,,,,43.255,9.411,1.637,12.819,775.289,183.171,971.905
183,2026-05-15T05:05:00.621349+00:00,youtube,GND,37.085,25.256,25.256,0.5,0.5,45.525,31.533,0.4092,0.5908,0.491,0.1947,0,0.3333,0.3333,0.3333,0.351,0.2646,0.01006,0.04309,1,0.3333,0.3333,0.3333,0.15,0.2524,5e-05,0.00016,1,0.3333,0.3333,0.3333,0.159,0.15,-0.00415,-0.01955,0.66,32.192,0.3333,0.3333,0.3333,0.3333,0.3333,0.3333,0.3333,0.3333,0.3333,0.3333,0.3333,0.3333,0.3333,0.3333,0.3333,0.3333,0.3333,0.3333,,,,,,,,,,,,,,,,,,,32.135,0.0,0.057,0.057,775.289,183.228,971.962
184,2026-05-15T05:05:06.638887+00:00,youtube,GND,43.807,39.024,39.024,0.5,0.5,51.956,45.269,0.4656,0.5344,0.4742,0.1906,0,0.3333,0.3333,0.3333,0.135,0.2673,-0.0115,-0.0516,2,0.3333,0.3333,0.3333,0.16,0.3415,0.00095,0.00234,2,0.3333,0.3333,0.3333,0.269,0.2,0.00689,0.02382,0.563,45.833,0.3333,0.3333,0.3333,0.3333,0.3333,0.3333,0.3333,0.3333,0.3333,0.3333,0.3333,0.3333,0.3333,0.3333,0.3333,0.3333,0.3333,0.3333,,,,,,,,,,,,,,,,,,,45.872,0.0,0.0,0.0,775.289,183.228,971.962
185,2026-05-15T05:05:12.654949+00:00,youtube,ISL,19.452,24.925,19.452,0.5,0.5,27.333,31.139,0.5325,0.4675,0.4574,0.1866,1,0.3333,0.3333,0.3333,0.649,0.3755,-0.00508,-0.00957,1,0.3333,0.3333,0.3333,0.64,0.3758,0.01397,0.02892,1,0.3333,0.3333,0.3333,1.536,0.5704,0.05361,0.06372,2.825,30.158,0.3333,0.3333,0.3333,0.3333,0.3333,0.3333,0.3333,0.3333,0.3333,0.3333,0.3333,0.3333,0.3333,0.3333,0.3333,0.3333,0.3333,0.3333,,,,,,,,,,,,,,,,,,,29.651,0.0,0.507,0.507,775.289,183.735,972.469
186,2026-05-15T05:05:18.657065+00:00,youtube,GND,31.306,29.548,29.548,0.5,0.5,38.938,35.732,0.4785,0.5215,0.4409,0.1827,0,0.3333,0.3333,0.3333,0.127,0.272,-0.01227,-0.05516,2,0.3333,0.3333,0.3333,1.383,0.3468,0.12331,0.26399,0,0.3333,0.3333,0.3333,0.146,0.1,-0.0054,-0.03854,1.656,37.388,0.3333,0.3333,0.3333,0.3333,0.3333,0.3333,0.3333,0.3333,0.3333,0.3333,0.3333,0.3333,0.3333,0.3333,0.3333,0.3333,0.3333,0.3333,,,,,,,,,,,,,,,,,,,36.336,0.0,1.052,1.052,775.289,184.787,973.521
187,2026-05-15T05:05:24.664312+00:00,youtube,ISL,35.704,21.612,35.704,0.5,0.5,43.105,27.767,0.3918,0.6082,0.4246,0.1789,1,0.3333,0.3333,0.3333,3.79,0.3733,0.30898,0.45701,0,0.3333,0.3333,0.3333,1.02,0.4381,0.05205,0.13149,1,0.3333,0.3333,0.3333,2.803,0.5704,0.18035,0.19995,7.614,50.719,0.3333,0.3333,0.3333,0.3333,0.3333,0.3333,0.3333,0.3333,0.3333,0.3333,0.3333,0.3333,0.3333,0.3333,0.3333,0.3333,0.3333,0.3333,,,,,,,,,,,,,,,,,,,28.372,15.339,5.334,22.347,790.628,190.121,995.868
188,2026-05-15T05:05:30.677624+00:00,youtube,ISL,36.319,39.688,36.319,0.5,0.5,43.507,45.815,0.5129,0.4871,0.4085,0.1751,2,0.3333,0.3333,0.3333,1.533,0.5744,0.08326,0.11769,2,0.3333,0.3333,0.3333,1.563,0.5502,0.10632,0.16163,0,0.3333,0.3333,0.3333,0.678,0.3889,-0.0322,-0.05971,3.774,47.281,0.3333,0.3333,0.3333,0.3333,0.3333,0.3333,0.3333,0.3333,0.3333,0.3333,0.3333,0.3333,0.3333,0.3333,0.3333,0.3333,0.3333,0.3333,,,,,,,,,,,,,,,,,,,45.768,0.0,1.513,1.513,790.628,191.635,997.381
189,2026-05-15T05:05:36.689744+00:00,youtube,GND,11.866,25.663,25.663,0.5,0.5,18.857,31.762,0.6275,0.3725,0.3928,0.1714,1,0.3333,0.3333,0.3333,0.279,0.3139,0.00286,0.00872,1,0.3333,0.3333,0.3333,0.397,0.2666,0.02473,0.083,2,0.3333,0.3333,0.3333,0.237,0.2,0.00368,0.0128,0.913,32.674,0.3333,0.3333,0.3333,0.3333,0.3333,0.3333,0.3333,0.3333,0.3333,0.3333,0.3333,0.3333,0.3333,0.3333,0.3333,0.3333,0.3333,0.3333,,,,,,,,,,,,,,,,,,,21.1,12.905,0.306,11.575,803.533,191.941,1008.956
190,2026-05-15T05:05:42.701625+00:00,youtube,ISL,30.997,30.055,30.997,0.5,0.5,37.805,36.126,0.4886,0.5114,0.3775,0.1678,0,0.3333,0.3333,0.3333,0.468,0.2667,-0.02321,-0.06286,1,0.3333,0.3333,0.3333,2.141,0.3447,0.16415,0.29618,2,0.3333,0.3333,0.3333,0.828,0.4148,-0.01717,-0.02941,3.438,41.243,0.3333,0.3333,0.3333,0.3333,0.3333,0.3333,0.3333,0.3333,0.3333,0.3333,0.3333,0.3333,0.3333,0.3333,0.3333,0.3333,0.3333,0.3333,,,,,,,,,,,,,,,,,,,36.734,1.679,1.211,4.509,805.212,193.152,1013.465
191,2026-05-15T05:05:48.712800+00:00,youtube,ISL,14.972,24.787,14.972,0.5,0.5,21.611,30.833,0.5879,0.4121,0.3625,0.1642,0,0.3333,0.3333,0.3333,0.233,0.2679,-0.04667,-0.1307,2,0.3333,0.3333,0.3333,1.596,0.5426,0.10957,0.16618,1,0.3333,0.3333,0.3333,1.87,0.5704,0.08696,0.1014,3.698,25.309,0.3333,0.3333,0.3333,0.3333,0.3333,0.3333,0.3333,0.3333,0.3333,0.3333,0.3333,0.3333,0.3333,0.3333,0.3333,0.3333,0.3333,0.3333,,,,,,,,,,,,,,,,,,,23.823,0.0,1.487,1.487,805.212,194.639,1014.952
192,2026-05-15T05:05:54.722186+00:00,youtube,ISL,16.156,25.341,16.156,0.5,0.5,22.639,31.362,0.5808,0.4192,0.348,0.1608,2,0.3333,0.3333,0.3333,2.384,0.5545,0.16836,0.22517,0,0.3333,0.3333,0.3333,0.528,0.3801,0.00283,0.00761,2,0.3333,0.3333,0.3333,0.664,0.4148,-0.03361,-0.05839,3.576,26.214,0.3333,0.3333,0.3333,0.3333,0.3333,0.3333,0.3333,0.3333,0.3333,0.3333,0.3333,0.3333,0.3333,0.3333,0.3333,0.3333,0.3333,0.3333,,,,,,,,,,,,,,,,,,,24.838,0.0,1.377,1.377,805.212,196.016,1016.329
193,2026-05-15T05:06:00.736894+00:00,youtube,GND,36.612,25.199,25.199,0.5,0.5,42.95,31.196,0.4207,0.5793,0.334,0.1574,0,0.3333,0.3333,0.3333,0.208,0.28,-0.00424,-0.01872,2,0.3333,0.3333,0.3333,0.298,0.3608,0.01476,0.03553,1,0.3333,0.3333,0.3333,0.352,0.15,0.01523,0.06864,0.857,32.053,0.3333,0.3333,0.3333,0.3333,0.3333,0.3333,0.3333,0.3333,0.3333,0.3333,0.3333,0.3333,0.3333,0.3333,0.3333,0.3333,0.3333,0.3333,,,,,,,,,,,,,,,,,,,31.804,0.0,0.249,0.249,805.212,196.264,1016.578
194,2026-05-15T05:06:06.739206+00:00,youtube,GND,33.672,38.654,38.654,0.5,0.5,39.878,44.626,0.5281,0.4719,0.3205,0.1541,2,0.3333,0.3333,0.3333,0.316,0.3995,0.00658,0.0143,2,0.3333,0.3333,0.3333,0.497,0.3622,0.03472,0.08163,1,0.3333,0.3333,0.3333,0.081,0.15,-0.01191,-0.05717,0.894,45.52,0.3333,0.3333,0.3333,0.3333,0.3333,0.3333,0.3333,0.3333,0.3333,0.3333,0.3333,0.3333,0.3333,0.3333,0.3333,0.3333,0.3333,0.3333,,,,,,,,,,,,,,,,,,,42.06,4.748,0.285,3.46,809.96,196.549,1020.038
195,2026-05-15T05:06:12.754516+00:00,instagram,ISL,31.405,29.537,31.405,0.5,0.5,37.631,35.513,0.4855,0.5145,0.3075,0.1509,0,0.3333,0.3333,0.3333,0.383,0.4102,-0.03173,-0.08698,2,0.3333,0.3333,0.3333,2.643,0.7093,0.21432,0.30279,2,0.0,0.0,1.0,2.102,0.6667,0.11018,0.15296,5.128,42.759,0.3333,0.3333,0.3333,0.3333,0.3333,0.3333,0.0,0.0,1.0,0.3333,0.3333,0.3333,0.3333,0.3333,0.3333,0.0,0.0,1.0,,,,,,,,,,,,,,,,,,,36.194,2.118,0.895,6.565,812.078,197.445,1026.603
196,2026-05-15T05:06:18.760198+00:00,instagram,GND,27.459,21.667,21.667,0.5,0.5,33.568,27.621,0.4514,0.5486,0.2952,0.1477,1,0.3333,0.3333,0.3333,0.368,0.4222,0.01182,0.03555,1,0.3333,0.3333,0.3333,0.187,0.367,0.00372,0.01293,0,0.3333,0.3333,0.3333,0.104,0.1857,-0.00958,-0.05295,0.66,28.281,0.3333,0.3333,0.3333,0.3333,0.3333,0.3333,0.3333,0.3333,0.3333,0.3333,0.3333,0.3333,0.3333,0.3333,0.3333,0.3333,0.3333,0.3333,,,,,,,,,,,,,,,,,,,28.303,0.0,0.0,0.0,812.078,197.445,1026.603
197,2026-05-15T05:06:24.773958+00:00,instagram,ISL,11.559,30.081,11.559,0.5,0.5,17.561,36.014,0.6722,0.3278,0.2835,0.1447,1,0.3333,0.3333,0.3333,1.34,0.583,0.06396,0.11326,0,0.3333,0.3333,0.3333,0.376,0.4234,-0.01235,-0.03392,2,0.0,0.0,1.0,2.481,0.6667,0.14814,0.20066,4.197,21.758,0.3333,0.3333,0.3333,0.3333,0.3333,0.3333,0.0,0.0,1.0,0.3333,0.3333,0.3333,0.3333,0.3333,0.3333,0.0,0.0,1.0,,,,,,,,,,,,,,,,,,,21.795,0.0,0.0,0.0,812.078,197.445,1026.603
198,2026-05-15T05:06:30.784791+00:00,instagram,ISL,43.655,39.527,43.655,0.5,0.5,49.558,45.44,0.4783,0.5217,0.2724,0.1418,0,0.3333,0.3333,0.3333,0.825,0.4501,0.01251,0.03231,0,0.3333,0.3333,0.3333,0.403,0.4116,-0.00972,-0.02659,2,0.0,0.0,1.0,2.102,0.6667,0.11022,0.153,3.33,52.888,0.3333,0.3333,0.3333,0.3333,0.3333,0.3333,0.0,0.0,1.0,0.3333,0.3333,0.3333,0.3333,0.3333,0.3333,0.0,0.0,1.0,,,,,,,,,,,,,,,,,,,46.121,4.119,0.0,6.767,816.196,197.445,1033.37
199,2026-05-15T05:06:36.796174+00:00,instagram,ISL,15.754,25.077,15.754,0.5,0.5,21.568,30.969,0.5895,0.4105,0.2621,0.1389,1,0.3333,0.3333,0.3333,3.486,0.6015,0.27861,0.42028,0,0.3333,0.3333,0.3333,1.423,0.4009,0.09229,0.2225,2,0.0,0.0,1.0,2.102,0.6667,0.11021,0.153,7.011,28.579,0.3333,0.3333,0.3333,0.3333,0.3333,0.3333,0.0,0.0,1.0,0.3333,0.3333,0.3333,0.3333,0.3333,0.3333,0.0,0.0,1.0,,,,,,,,,,,,,,,,,,,25.822,0.0,2.757,2.757,816.196,200.201,1036.127
200,2026-05-15T05:06:42.808933+00:00,instagram,ISL,19.996,25.246,19.996,0.5,0.5,25.731,31.119,0.5474,0.4526,0.2524,0.1362,0,0.3333,0.3333,0.3333,0.499,0.481,-0.02013,-0.05428,1,0.3333,0.3333,0.3333,0.735,0.4876,0.02355,0.04827,2,0.0,0.0,1.0,3.551,0.6667,0.25506,0.32396,4.785,30.515,0.3333,0.3333,0.3333,0.3333,0.3333,0.3333,0.0,0.0,1.0,0.3333,0.3333,0.3333,0.3333,0.3333,0.3333,0.0,0.0,1.0,,,,,,,,,,,,,,,,,,,30.002,0.0,0.513,0.513,816.196,200.715,1036.64
201,2026-05-15T05:06:48.815124+00:00,instagram,GND,30.54,29.618,29.618,0.5,0.5,36.203,35.473,0.4949,0.5051,0.2435,0.1335,2,0.3333,0.3333,0.3333,0.728,0.5276,0.0478,0.09945,2,0.3333,0.3333,0.3333,1.237,0.488,0.10867,0.23605,2,0.3333,0.3333,0.3333,0.518,0.3265,0.03182,0.093,2.483,37.955,0.3333,0.3333,0.3333,0.3333,0.3333,0.3333,0.3333,0.3333,0.3333,0.3333,0.3333,0.3333,0.3333,0.3333,0.3333,0.3333,0.3333,0.3333,,,,,,,,,,,,,,,,,,,36.154,0.0,1.802,1.802,816.196,202.516,1038.442
202,2026-05-15T05:06:54.828076+00:00,instagram,GND,20.004,24.889,24.889,0.5,0.5,25.602,30.726,0.5455,0.4545,0.2354,0.1309,0,0.3333,0.3333,0.3333,0.59,0.3383,0.03399,0.13862,2,0.3333,0.3333,0.3333,0.281,0.4876,0.01311,0.03161,0,0.3333,0.3333,0.3333,0.126,0.1857,-0.00745,-0.04093,0.996,31.723,0.3333,0.3333,0.3333,0.3333,0.3333,0.3333,0.3333,0.3333,0.3333,0.3333,0.3333,0.3333,0.3333,0.3333,0.3333,0.3333,0.3333,0.3333,,,,,,,,,,,,,,,,,,,29.918,5.124,0.315,1.804,821.321,202.832,1040.246
203,2026-05-15T05:07:00.840125+00:00,instagram,GND,12.881,29.455,29.455,0.5,0.5,18.422,35.276,0.6569,0.3431,0.2281,0.1284,0,0.3333,0.3333,0.3333,0.201,0.3359,-0.00485,-0.02146,0,0.3333,0.3333,0.3333,0.13,0.2929,-0.00204,-0.01148,2,0.3333,0.3333,0.3333,0.149,0.3265,-0.00507,-0.01564,0.48,35.756,0.3333,0.3333,0.3333,0.3333,0.3333,0.3333,0.3333,0.3333,0.3333,0.3333,0.3333,0.3333,0.3333,0.3333,0.3333,0.3333,0.3333,0.3333,,,,,,,,,,,,,,,,,,,22.765,16.853,0.0,12.991,838.174,202.832,1053.237
204,2026-05-15T05:07:06.846957+00:00,instagram,GND,33.828,33.953,33.953,0.5,0.5,39.319,39.757,0.5028,0.4972,0.2216,0.1261,2,0.3333,0.3333,0.3333,0.414,0.5207,0.01645,0.03535,2,0.3333,0.3333,0.3333,0.455,0.4862,0.03052,0.07212,2,0.3333,0.3333,0.3333,0.558,0.3265,0.03583,0.10411,1.428,41.185,0.3333,0.3333,0.3333,0.3333,0.3333,0.3333,0.3333,0.3333,0.3333,0.3333,0.3333,0.3333,0.3333,0.3333,0.3333,0.3333,0.3333,0.3333,,,,,,,,,,,,,,,,,,,40.438,0.438,0.748,0.748,838.612,203.579,1053.984
205,2026-05-15T05:07:12.853406+00:00,instagram,GND,12.058,21.402,21.402,0.5,0.5,17.507,27.191,0.6083,0.3917,0.2159,0.1238,1,0.3333,0.3333,0.3333,0.418,0.4265,0.01681,0.05021,0,0.3333,0.3333,0.3333,0.103,0.2956,-0.00466,-0.02642,0,0.3333,0.3333,0.3333,0.185,0.1857,-0.00151,-0.00816,0.706,27.897,0.3333,0.3333,0.3333,0.3333,0.3333,0.3333,0.3333,0.3333,0.3333,0.3333,0.3333,0.3333,0.3333,0.3333,0.3333,0.3333,0.3333,0.3333,,,,,,,,,,,,,,,,,,,21.907,9.684,0.026,5.99,848.296,203.606,1059.974
206,2026-05-15T05:07:18.861367+00:00,instagram,ISL,21.56,25.139,21.56,0.5,0.5,26.973,30.914,0.534,0.466,0.2111,0.1216,2,0.3333,0.3333,0.3333,2.934,0.6808,0.22335,0.28895,1,0.3333,0.3333,0.3333,1.041,0.5266,0.05411,0.10762,2,0.0,0.0,1.0,2.978,0.6667,0.19784,0.25986,6.953,33.926,0.3333,0.3333,0.3333,0.3333,0.3333,0.3333,0.0,0.0,1.0,0.3333,0.3333,0.3333,0.3333,0.3333,0.3333,0.0,0.0,1.0,,,,,,,,,,,,,,,,,,,31.401,0.0,2.525,2.525,848.296,206.131,1062.5
207,2026-05-15T05:07:24.876179+00:00,instagram,ISL,41.156,26.416,41.156,0.5,0.5,46.54,32.176,0.4088,0.5912,0.2071,0.1195,2,0.3333,0.3333,0.3333,2.468,0.6774,0.17684,0.23528,2,0.3333,0.3333,0.3333,5.509,0.6471,0.50087,0.60236,2,0.0,0.0,1.0,2.849,0.6667,0.18485,0.24473,10.826,57.366,0.3333,0.3333,0.3333,0.3333,0.3333,0.3333,0.0,0.0,1.0,0.3333,0.3333,0.3333,0.3333,0.3333,0.3333,0.0,0.0,1.0,,,,,,,,,,,,,,,,,,,32.855,14.364,6.372,24.51,862.66,212.503,1087.01
208,2026-05-15T05:07:30.888621+00:00,instagram,ISL,25.41,33.174,25.41,0.5,0.5,30.772,38.922,0.5585,0.4415,0.204,0.1176,2,0.3333,0.3333,0.3333,3.854,0.6744,0.31543,0.3874,0,0.3333,0.3333,0.3333,0.698,0.3805,0.01981,0.05211,2,0.0,0.0,1.0,2.268,0.6667,0.12683,0.17416,6.821,37.593,0.3333,0.3333,0.3333,0.3333,0.3333,0.3333,0.0,0.0,1.0,0.3333,0.3333,0.3333,0.3333,0.3333,0.3333,0.0,0.0,1.0,,,,,,,,,,,,,,,,,,,35.249,0.0,2.344,2.344,862.66,214.847,1089.354
209,2026-05-15T05:07:36.902214+00:00,instagram,GND,19.766,25.679,25.679,0.5,0.5,25.112,31.414,0.5557,0.4443,0.2018,0.1157,0,0.3333,0.3333,0.3333,0.179,0.3167,-0.00708,-0.03146,2,0.3333,0.3333,0.3333,1.059,0.4792,0.09092,0.2011,1,0.3333,0.3333,0.3333,0.255,0.2619,0.00548,0.02069,1.493,32.907,0.3333,0.3333,0.3333,0.3333,0.3333,0.3333,0.3333,0.3333,0.3333,0.3333,0.3333,0.3333,0.3333,0.3333,0.3333,0.3333,0.3333,0.3333,,,,,,,,,,,,,,,,,,,29.607,6.302,0.815,3.3,868.962,215.663,1092.655
210,2026-05-15T05:07:42.915072+00:00,mixed,GND,14.478,29.265,29.265,0.5,0.5,19.745,34.972,0.6391,0.3609,0.2004,0.1139,0,0.3333,0.3333,0.3333,0.159,0.2673,-0.00906,-0.04043,2,0.3333,0.3333,0.3333,0.581,0.3956,0.04307,0.10032,2,0.3333,0.3333,0.3333,0.464,0.2449,0.02645,0.08286,1.205,36.177,0.3333,0.3333,0.3333,0.3333,0.3333,0.3333,0.3333,0.3333,0.3333,0.3333,0.3333,0.3333,0.3333,0.3333,0.3333,0.3333,0.3333,0.3333,,,,,,,,,,,,,,,,,,,22.814,15.228,0.615,13.363,884.189,216.278,1106.017
211,2026-05-15T05:07:48.931376+00:00,mixed,GND,32.462,31.736,31.736,0.5,0.5,37.725,37.433,0.4981,0.5019,0.2,0.1122,2,0.3333,0.3333,0.3333,0.685,0.4089,0.04352,0.09093,0,0.3333,0.3333,0.3333,0.146,0.2627,-0.00039,-0.00216,0,0.3333,0.3333,0.3333,0.047,0.0971,-0.01533,-0.13498,0.878,38.311,0.3333,0.3333,0.3333,0.3333,0.3333,0.3333,0.3333,0.3333,0.3333,0.3333,0.3333,0.3333,0.3333,0.3333,0.3333,0.3333,0.3333,0.3333,,,,,,,,,,,,,,,,,,,38.021,0.0,0.289,0.289,884.189,216.567,1106.307
212,2026-05-15T05:07:54.950541+00:00,mixed,ISL,12.871,22.416,12.871,0.5,0.5,18.137,28.102,0.6077,0.3923,0.2004,0.1107,0,0.3333,0.3333,0.3333,1.731,0.4999,0.10306,0.23944,0,0.3333,0.3333,0.3333,0.241,0.3433,-0.0259,-0.0725,1,0.3333,0.3333,0.3333,3.137,0.6519,0.21368,0.23289,5.108,23.246,0.3333,0.3333,0.3333,0.3333,0.3333,0.3333,0.3333,0.3333,0.3333,0.3333,0.3333,0.3333,0.3333,0.3333,0.3333,0.3333,0.3333,0.3333,,,,,,,,,,,,,,,,,,,21.219,0.0,2.027,2.027,884.189,218.594,1108.334
213,2026-05-15T05:08:00.960951+00:00,mixed,GND,20.688,25.204,25.204,0.5,0.5,25.964,30.881,0.5433,0.4567,0.2018,0.1092,1,0.3333,0.3333,0.3333,0.284,0.3558,0.0034,0.01034,2,0.3333,0.3333,0.3333,0.308,0.3888,0.01577,0.03792,1,0.3333,0.3333,0.3333,0.31,0.1714,0.01096,0.0499,0.901,31.782,0.3333,0.3333,0.3333,0.3333,0.3333,0.3333,0.3333,0.3333,0.3333,0.3333,0.3333,0.3333,0.3333,0.3333,0.3333,0.3333,0.3333,0.3333,,,,,,,,,,,,,,,,,,,29.046,4.918,0.314,2.737,889.107,218.908,1111.071
214,2026-05-15T05:08:06.970257+00:00,mixed,GND,17.373,29.834,29.834,0.5,0.5,22.664,35.502,0.6104,0.3896,0.204,0.1079,0,0.3333,0.3333,0.3333,0.085,0.2512,-0.01647,-0.07481,2,0.3333,0.3333,0.3333,0.355,0.3863,0.02051,0.04902,1,0.3333,0.3333,0.3333,0.095,0.1714,-0.01046,-0.05007,0.536,36.038,0.3333,0.3333,0.3333,0.3333,0.3333,0.3333,0.3333,0.3333,0.3333,0.3333,0.3333,0.3333,0.3333,0.3333,0.3333,0.3333,0.3333,0.3333,,,,,,,,,,,,,,,,,,,25.744,12.839,0.0,10.294,901.946,218.908,1121.364
215,2026-05-15T05:08:12.987073+00:00,mixed,ISL,16.243,29.05,16.243,0.5,0.5,21.556,34.71,0.6169,0.3831,0.2071,0.1066,1,0.3333,0.3333,0.3333,2.008,0.5965,0.13081,0.21935,1,0.3333,0.3333,0.3333,1.148,0.5085,0.06479,0.12757,0,0.3333,0.3333,0.3333,1.008,0.5333,0.00079,0.00118,4.164,25.72,0.3333,0.3333,0.3333,0.3333,0.3333,0.3333,0.3333,0.3333,0.3333,0.3333,0.3333,0.3333,0.3333,0.3333,0.3333,0.3333,0.3333,0.3333,,,,,,,,,,,,,,,,,,,24.634,0.0,1.087,1.087,901.946,219.995,1122.451
216,2026-05-15T05:08:19.004903+00:00,mixed,GND,30.175,29.154,29.154,0.5,0.5,35.516,34.807,0.495,0.505,0.2111,0.1055,1,0.3333,0.3333,0.3333,0.399,0.3517,0.01486,0.04452,0,0.3333,0.3333,0.3333,0.312,0.2586,0.01625,0.08708,1,0.3333,0.3333,0.3333,0.108,0.1714,-0.00917,-0.04374,0.819,35.626,0.3333,0.3333,0.3333,0.3333,0.3333,0.3333,0.3333,0.3333,0.3333,0.3333,0.3333,0.3333,0.3333,0.3333,0.3333,0.3333,0.3333,0.3333,,,,,,,,,,,,,,,,,,,35.392,0.0,0.234,0.234,901.946,220.229,1122.685
217,2026-05-15T05:08:25.011987+00:00,mixed,GND,36.45,25.134,25.134,0.5,0.5,41.825,30.78,0.4239,0.5761,0.2159,0.1044,1,0.3333,0.3333,0.3333,0.376,0.3501,0.01257,0.03776,1,0.3333,0.3333,0.3333,0.193,0.3282,0.00433,0.01504,1,0.3333,0.3333,0.3333,0.336,0.1714,0.01357,0.06139,0.905,31.684,0.3333,0.3333,0.3333,0.3333,0.3333,0.3333,0.3333,0.3333,0.3333,0.3333,0.3333,0.3333,0.3333,0.3333,0.3333,0.3333,0.3333,0.3333,,,,,,,,,,,,,,,,,,,31.364,0.0,0.32,0.32,901.946,220.55,1123.006
218,2026-05-15T05:08:31.034207+00:00,mixed,ISL,45.097,38.837,45.097,0.5,0.5,50.514,44.478,0.4682,0.5318,0.2216,0.1035,0,0.3333,0.3333,0.3333,1.61,0.4357,0.091,0.21421,2,0.3333,0.3333,0.3333,1.326,0.4872,0.08264,0.12782,0,0.3333,0.3333,0.3333,1.177,0.5333,0.0177,0.0262,4.113,54.628,0.3333,0.3333,0.3333,0.3333,0.3333,0.3333,0.3333,0.3333,0.3333,0.3333,0.3333,0.3333,0.3333,0.3333,0.3333,0.3333,0.3333,0.3333,,,,,,,,,,,,,,,,,,,45.061,6.037,1.052,9.567,907.983,221.601,1132.573
219,2026-05-15T05:08:37.047790+00:00,mixed,ISL,41.005,22.393,41.005,0.5,0.5,46.47,28.028,0.3762,0.6238,0.2281,0.1027,0,0.3333,0.3333,0.3333,0.391,0.4204,-0.03087,-0.08451,0,0.3333,0.3333,0.3333,1.121,0.437,0.06209,0.15498,2,0.3333,0.3333,0.3333,1.823,0.5333,0.08231,0.11641,3.335,49.806,0.3333,0.3333,0.3333,0.3333,0.3333,0.3333,0.3333,0.3333,0.3333,0.3333,0.3333,0.3333,0.3333,0.3333,0.3333,0.3333,0.3333,0.3333,,,,,,,,,,,,,,,,,,,28.611,18.442,0.279,21.195,926.425,221.88,1153.768
220,2026-05-15T05:08:43.058700+00:00,mixed,GND,45.036,40.861,40.861,0.5,0.5,50.557,46.492,0.4791,0.5209,0.2354,0.102,0,0.3333,0.3333,0.3333,0.218,0.2263,-0.00322,-0.01417,1,0.3333,0.3333,0.3333,0.735,0.3268,0.05851,0.1863,1,0.3333,0.3333,0.3333,0.32,0.1714,0.01201,0.05454,1.273,47.765,0.3333,0.3333,0.3333,0.3333,0.3333,0.3333,0.3333,0.3333,0.3333,0.3333,0.3333,0.3333,0.3333,0.3333,0.3333,0.3333,0.3333,0.3333,,,,,,,,,,,,,,,,,,,47.073,0.0,0.691,0.691,926.425,222.572,1154.459
221,2026-05-15T05:08:49.070943+00:00,mixed,GND,43.149,30.591,30.591,0.5,0.5,48.732,36.218,0.4263,0.5737,0.2435,0.1014,2,0.3333,0.3333,0.3333,0.361,0.3797,0.01108,0.02396,0,0.3333,0.3333,0.3333,0.306,0.2491,0.01558,0.08366,0,0.3333,0.3333,0.3333,0.042,0.0971,-0.01575,-0.13896,0.709,36.927,0.3333,0.3333,0.3333,0.3333,0.3333,0.3333,0.3333,0.3333,0.3333,0.3333,0.3333,0.3333,0.3333,0.3333,0.3333,0.3333,0.3333,0.3333,,,,,,,,,,,,,,,,,,,36.799,0.0,0.128,0.128,926.425,222.7,1154.588
222,2026-05-15T05:08:55.086512+00:00,mixed,GND,43.86,36.389,36.389,0.5,0.5,49.513,42.013,0.459,0.541,0.2524,0.1009,1,0.3333,0.3333,0.3333,0.595,0.3406,0.03449,0.10041,0,0.3333,0.3333,0.3333,0.184,0.2466,0.00339,0.01879,2,0.3333,0.3333,0.3333,0.269,0.2449,0.00687,0.02221,1.048,43.06,0.3333,0.3333,0.3333,0.3333,0.3333,0.3333,0.3333,0.3333,0.3333,0.3333,0.3333,0.3333,0.3333,0.3333,0.3333,0.3333,0.3333,0.3333,,,,,,,,,,,,,,,,,,,42.593,0.0,0.468,0.468,926.425,223.168,1155.056
223,2026-05-15T05:09:01.101247+00:00,mixed,ISL,21.593,22.713,21.593,0.5,0.5,27.324,28.334,0.5091,0.4909,0.2621,0.1005,0,0.3333,0.3333,0.3333,0.465,0.3594,-0.02355,-0.06381,0,0.3333,0.3333,0.3333,0.952,0.4792,0.04517,0.11509,2,0.3333,0.3333,0.3333,1.595,0.5333,0.05951,0.0855,3.011,30.336,0.3333,0.3333,0.3333,0.3333,0.3333,0.3333,0.3333,0.3333,0.3333,0.3333,0.3333,0.3333,0.3333,0.3333,0.3333,0.3333,0.3333,0.3333,,,,,,,,,,,,,,,,,,,28.913,0.0,0.0,1.423,926.425,223.168,1156.478
224,2026-05-15T05:09:07.113204+00:00,mixed,ISL,26.149,33.714,26.149,0.5,0.5,31.966,39.333,0.5517,0.4483,0.2724,0.1002,1,0.3333,0.3333,0.3333,2.501,0.5513,0.18005,0.29087,1,0.3333,0.3333,0.3333,1.087,0.5505,0.05868,0.11621,1,0.3333,0.3333,0.3333,2.574,0.6519,0.15736,0.17657,6.161,38.127,0.3333,0.3333,0.3333,0.3333,0.3333,0.3333,0.3333,0.3333,0.3333,0.3333,0.3333,0.3333,0.3333,0.3333,0.3333,0.3333,0.3333,0.3333,,,,,,,,,,,,,,,,,,,35.0,0.0,3.127,3.127,926.425,226.295,1159.606
225,2026-05-15T05:09:13.130065+00:00,youtube,ISL,20.383,25.395,20.383,0.5,0.5,26.252,31.006,0.5415,0.4585,0.2835,0.1001,1,0.3333,0.3333,0.3333,0.921,0.4892,0.02207,0.04056,1,0.3333,0.3333,0.3333,1.217,0.5033,0.07174,0.14034,2,0.3333,0.3333,0.3333,1.247,0.4148,0.02468,0.0408,3.385,29.637,0.3333,0.3333,0.3333,0.3333,0.3333,0.3333,0.3333,0.3333,0.3333,0.3333,0.3333,0.3333,0.3333,0.3333,0.3333,0.3333,0.3333,0.3333,,,,,,,,,,,,,,,,,,,28.574,0.0,1.063,1.063,926.425,227.358,1160.669
226,2026-05-15T05:09:19.136434+00:00,youtube,GND,31.52,29.564,29.564,0.5,0.5,37.492,35.174,0.4841,0.5159,0.2952,0.1,1,0.3333,0.3333,0.3333,0.52,0.2989,0.02697,0.07935,1,0.3333,0.3333,0.3333,0.115,0.2925,-0.00349,-0.01229,2,0.3333,0.3333,0.3333,0.215,0.2,0.00154,0.00538,0.85,36.025,0.3333,0.3333,0.3333,0.3333,0.3333,0.3333,0.3333,0.3333,0.3333,0.3333,0.3333,0.3333,0.3333,0.3333,0.3333,0.3333,0.3333,0.3333,,,,,,,,,,,,,,,,,,,35.768,0.0,0.256,0.256,926.425,227.615,1160.925
227,2026-05-15T05:09:25.157604+00:00,youtube,ISL,11.648,21.852,11.648,0.5,0.5,17.732,27.462,0.6076,0.3924,0.3075,0.1001,1,0.3333,0.3333,0.3333,1.988,0.4704,0.12884,0.21638,1,0.3333,0.3333,0.3333,1.007,0.5015,0.05067,0.10111,0,0.3333,0.3333,0.3333,0.713,0.3889,-0.02869,-0.05303,3.708,21.44,0.3333,0.3333,0.3333,0.3333,0.3333,0.3333,0.3333,0.3333,0.3333,0.3333,0.3333,0.3333,0.3333,0.3333,0.3333,0.3333,0.3333,0.3333,,,,,,,,,,,,,,,,,,,20.043,0.0,1.397,1.397,926.425,229.012,1162.323
228,2026-05-15T05:09:31.172509+00:00,youtube,GND,15.695,25.783,25.783,0.5,0.5,21.901,31.395,0.5891,0.4109,0.3205,0.1002,0,0.3333,0.3333,0.3333,0.089,0.1754,-0.01614,-0.07322,1,0.3333,0.3333,0.3333,0.236,0.2897,0.00863,0.02975,1,0.3333,0.3333,0.3333,0.114,0.15,-0.00856,-0.04079,0.439,31.834,0.3333,0.3333,0.3333,0.3333,0.3333,0.3333,0.3333,0.3333,0.3333,0.3333,0.3333,0.3333,0.3333,0.3333,0.3333,0.3333,0.3333,0.3333,,,,,,,,,,,,,,,,,,,24.205,9.494,0.0,7.629,935.919,229.012,1169.952
229,2026-05-15T05:09:37.187421+00:00,youtube,GND,24.786,26.028,26.028,0.5,0.5,31.125,31.641,0.5041,0.4959,0.334,0.1005,0,0.3333,0.3333,0.3333,0.246,0.1727,-0.00035,-0.00155,1,0.3333,0.3333,0.3333,0.45,0.2882,0.03003,0.09994,1,0.3333,0.3333,0.3333,0.426,0.15,0.02262,0.10036,1.123,32.764,0.3333,0.3333,0.3333,0.3333,0.3333,0.3333,0.3333,0.3333,0.3333,0.3333,0.3333,0.3333,0.3333,0.3333,0.3333,0.3333,0.3333,0.3333,,,,,,,,,,,,,,,,,,,32.233,0.517,0.531,0.531,936.435,229.544,1170.483
230,2026-05-15T05:09:43.199330+00:00,youtube,ISL,32.93,22.732,32.93,0.5,0.5,39.413,28.347,0.4183,0.5817,0.348,0.1009,1,0.3333,0.3333,0.3333,1.435,0.4415,0.07348,0.12907,0,0.3333,0.3333,0.3333,0.554,0.452,0.00537,0.01439,2,0.3333,0.3333,0.3333,0.689,0.4148,-0.03108,-0.05388,2.678,42.09,0.3333,0.3333,0.3333,0.3333,0.3333,0.3333,0.3333,0.3333,0.3333,0.3333,0.3333,0.3333,0.3333,0.3333,0.3333,0.3333,0.3333,0.3333,,,,,,,,,,,,,,,,,,,28.938,11.066,0.388,13.152,947.501,229.932,1183.635
231,2026-05-15T05:09:49.214398+00:00,youtube,ISL,21.48,29.514,21.48,0.5,0.5,28.119,35.132,0.5554,0.4446,0.3625,0.1014,2,0.3333,0.3333,0.3333,1.306,0.5317,0.06063,0.08704,2,0.3333,0.3333,0.3333,0.971,0.4447,0.04714,0.0749,2,0.3333,0.3333,0.3333,2.74,0.4148,0.17396,0.2574,5.017,33.136,0.3333,0.3333,0.3333,0.3333,0.3333,0.3333,0.3333,0.3333,0.3333,0.3333,0.3333,0.3333,0.3333,0.3333,0.3333,0.3333,0.3333,0.3333,,,,,,,,,,,,,,,,,,,30.4,0.0,2.736,2.736,947.501,232.667,1186.371
232,2026-05-15T05:09:55.227012+00:00,youtube,GND,12.576,26.615,26.615,0.5,0.5,19.384,32.237,0.6245,0.3755,0.3775,0.102,2,0.3333,0.3333,0.3333,0.374,0.32,0.01239,0.02674,0,0.3333,0.3333,0.3333,0.136,0.1962,-0.00137,-0.00773,2,0.3333,0.3333,0.3333,0.408,0.2,0.0208,0.07029,0.918,33.155,0.3333,0.3333,0.3333,0.3333,0.3333,0.3333,0.3333,0.3333,0.3333,0.3333,0.3333,0.3333,0.3333,0.3333,0.3333,0.3333,0.3333,0.3333,,,,,,,,,,,,,,,,,,,21.658,12.853,0.329,11.497,960.354,232.996,1197.868
233,2026-05-15T05:10:01.239549+00:00,youtube,GND,42.345,29.864,29.864,0.5,0.5,49.336,35.491,0.4184,0.5816,0.3928,0.1027,0,0.3333,0.3333,0.3333,0.174,0.1644,-0.00756,-0.03364,0,0.3333,0.3333,0.3333,0.088,0.1925,-0.00621,-0.03537,2,0.3333,0.3333,0.3333,0.271,0.2,0.00708,0.02447,0.533,36.024,0.3333,0.3333,0.3333,0.3333,0.3333,0.3333,0.3333,0.3333,0.3333,0.3333,0.3333,0.3333,0.3333,0.3333,0.3333,0.3333,0.3333,0.3333,,,,,,,,,,,,,,,,,,,36.08,0.0,0.0,0.0,960.354,232.996,1197.868
234,2026-05-15T05:10:07.253834+00:00,youtube,ISL,23.327,30.939,23.327,0.5,0.5,30.516,36.571,0.5451,0.4549,0.4085,0.1035,0,0.3333,0.3333,0.3333,0.436,0.2858,-0.02635,-0.07168,1,0.3333,0.3333,0.3333,1.136,0.4683,0.06356,0.12528,2,0.3333,0.3333,0.3333,0.879,0.4148,-0.01207,-0.02059,2.451,32.967,0.3333,0.3333,0.3333,0.3333,0.3333,0.3333,0.3333,0.3333,0.3333,0.3333,0.3333,0.3333,0.3333,0.3333,0.3333,0.3333,0.3333,0.3333,,,,,,,,,,,,,,,,,,,32.776,0.0,0.191,0.191,960.354,233.187,1198.06
235,2026-05-15T05:10:13.255842+00:00,youtube,GND,18.334,26.086,26.086,0.5,0.5,25.736,31.724,0.5521,0.4479,0.4246,0.1044,0,0.3333,0.3333,0.3333,0.466,0.1618,0.02164,0.09047,1,0.3333,0.3333,0.3333,0.219,0.2774,0.00687,0.02377,1,0.3333,0.3333,0.3333,0.464,0.15,0.02637,0.11608,1.149,32.873,0.3333,0.3333,0.3333,0.3333,0.3333,0.3333,0.3333,0.3333,0.3333,0.3333,0.3333,0.3333,0.3333,0.3333,0.3333,0.3333,0.3333,0.3333,,,,,,,,,,,,,,,,,,,27.991,5.988,0.561,4.882,966.342,233.748,1202.942
236,2026-05-15T05:10:19.272798+00:00,youtube,GND,8.89,21.63,21.63,0.5,0.5,16.522,27.275,0.6228,0.3772,0.4409,0.1055,2,0.3333,0.3333,0.3333,0.787,0.322,0.05373,0.11113,2,0.3333,0.3333,0.3333,0.142,0.2899,-0.00084,-0.00206,0,0.3333,0.3333,0.3333,0.122,0.1,-0.00778,-0.05597,1.051,28.326,0.3333,0.3333,0.3333,0.3333,0.3333,0.3333,0.3333,0.3333,0.3333,0.3333,0.3333,0.3333,0.3333,0.3333,0.3333,0.3333,0.3333,0.3333,,,,,,,,,,,,,,,,,,,18.773,10.753,0.464,9.553,977.095,234.212,1212.495
237,2026-05-15T05:10:25.289512+00:00,youtube,ISL,27.993,32.318,27.993,0.5,0.5,35.873,37.97,0.5142,0.4858,0.4574,0.1066,2,0.3333,0.3333,0.3333,3.296,0.565,0.25963,0.3289,1,0.3333,0.3333,0.3333,0.532,0.4446,0.00318,0.00666,2,0.3333,0.3333,0.3333,1.966,0.4148,0.09658,0.15099,5.794,41.667,0.3333,0.3333,0.3333,0.3333,0.3333,0.3333,0.3333,0.3333,0.3333,0.3333,0.3333,0.3333,0.3333,0.3333,0.3333,0.3333,0.3333,0.3333,,,,,,,,,,,,,,,,,,,38.123,0.0,3.544,3.544,977.095,237.756,1216.039
238,2026-05-15T05:10:31.300133+00:00,youtube,GND,13.711,26.308,26.308,0.5,0.5,21.86,31.968,0.5939,0.4061,0.4742,0.1079,2,0.3333,0.3333,0.3333,0.342,0.3244,0.00925,0.02002,1,0.3333,0.3333,0.3333,0.578,0.2711,0.04284,0.13971,0,0.3333,0.3333,0.3333,0.125,0.1,-0.00754,-0.05424,1.045,33.013,0.3333,0.3333,0.3333,0.3333,0.3333,0.3333,0.3333,0.3333,0.3333,0.3333,0.3333,0.3333,0.3333,0.3333,0.3333,0.3333,0.3333,0.3333,,,,,,,,,,,,,,,,,,,24.11,10.108,0.459,8.903,987.203,238.215,1224.942
239,2026-05-15T05:10:37.313233+00:00,youtube,GND,16.189,28.789,28.789,0.5,0.5,24.629,34.458,0.5832,0.4168,0.491,0.1092,1,0.3333,0.3333,0.3333,0.188,0.2656,-0.0062,-0.01917,0,0.3333,0.3333,0.3333,0.234,0.1701,0.0084,0.04598,2,0.3333,0.3333,0.3333,0.055,0.2,-0.01445,-0.05192,0.477,34.935,0.3333,0.3333,0.3333,0.3333,0.3333,0.3333,0.3333,0.3333,0.3333,0.3333,0.3333,0.3333,0.3333,0.3333,0.3333,0.3333,0.3333,0.3333,,,,,,,,,,,,,,,,,,,26.881,9.829,0.0,8.054,997.032,238.215,1232.996
240,2026-05-15T05:10:43.324590+00:00,mixed,GND,16.185,28.939,28.939,0.5,0.5,25.035,34.625,0.5804,0.4196,0.508,0.1107,0,0.3333,0.3333,0.3333,0.357,0.1832,0.01066,0.0456,1,0.3333,0.3333,0.3333,0.492,0.2952,0.03421,0.1131,1,0.3333,0.3333,0.3333,0.125,0.1714,-0.00753,-0.03579,0.973,35.598,0.3333,0.3333,0.3333,0.3333,0.3333,0.3333,0.3333,0.3333,0.3333,0.3333,0.3333,0.3333,0.3333,0.3333,0.3333,0.3333,0.3333,0.3333,,,,,,,,,,,,,,,,,,,27.99,9.59,0.405,7.609,1006.623,238.62,1240.605
241,2026-05-15T05:10:49.335962+00:00,mixed,ISL,30.919,29.084,30.919,0.5,0.5,40.114,34.78,0.4644,0.5356,0.525,0.1122,1,0.3333,0.3333,0.3333,0.901,0.4272,0.02014,0.03706,0,0.3333,0.3333,0.3333,0.263,0.3621,-0.02372,-0.06618,1,0.3333,0.3333,0.3333,2.634,0.6519,0.16338,0.18275,3.798,43.912,0.3333,0.3333,0.3333,0.3333,0.3333,0.3333,0.3333,0.3333,0.3333,0.3333,0.3333,0.3333,0.3333,0.3333,0.3333,0.3333,0.3333,0.3333,,,,,,,,,,,,,,,,,,,35.348,5.334,0.835,8.564,1011.957,239.455,1249.169
242,2026-05-15T05:10:55.343419+00:00,mixed,ISL,13.638,21.403,13.638,0.5,0.5,23.208,27.11,0.5388,0.4612,0.542,0.1139,1,0.3333,0.3333,0.3333,0.682,0.4267,-0.00181,-0.00341,0,0.3333,0.3333,0.3333,0.833,0.3493,0.03326,0.08599,2,0.3333,0.3333,0.3333,2.132,0.5333,0.11318,0.15681,3.646,26.854,0.3333,0.3333,0.3333,0.3333,0.3333,0.3333,0.3333,0.3333,0.3333,0.3333,0.3333,0.3333,0.3333,0.3333,0.3333,0.3333,0.3333,0.3333,,,,,,,,,,,,,,,,,,,26.181,0.0,0.674,0.674,1011.957,240.129,1249.843
243,2026-05-15T05:11:01.356728+00:00,mixed,GND,20.366,22.179,22.179,0.5,0.5,30.34,27.897,0.479,0.521,0.559,0.1157,2,0.3333,0.3333,0.3333,0.909,0.3797,0.06594,0.13474,1,0.3333,0.3333,0.3333,0.841,0.2882,0.06915,0.21673,0,0.3333,0.3333,0.3333,0.041,0.0971,-0.01591,-0.14046,1.792,29.689,0.3333,0.3333,0.3333,0.3333,0.3333,0.3333,0.3333,0.3333,0.3333,0.3333,0.3333,0.3333,0.3333,0.3333,0.3333,0.3333,0.3333,0.3333,,,,,,,,,,,,,,,,,,,28.465,0.0,1.224,1.224,1011.957,241.353,1251.067
244,2026-05-15T05:11:07.358085+00:00,mixed,GND,29.236,25.984,25.984,0.5,0.5,39.649,31.715,0.4444,0.5556,0.5758,0.1176,2,0.3333,0.3333,0.3333,0.661,0.3822,0.04112,0.08614,0,0.3333,0.3333,0.3333,0.22,0.1707,0.00705,0.03871,0,0.3333,0.3333,0.3333,0.072,0.0971,-0.01282,-0.11153,0.954,32.669,0.3333,0.3333,0.3333,0.3333,0.3333,0.3333,0.3333,0.3333,0.3333,0.3333,0.3333,0.3333,0.3333,0.3333,0.3333,0.3333,0.3333,0.3333,,,,,,,,,,,,,,,,,,,32.283,0.0,0.386,0.386,1011.957,241.739,1251.453
245,2026-05-15T05:11:13.378156+00:00,mixed,ISL,28.7,25.457,28.7,0.5,0.5,39.586,31.201,0.4408,0.5592,0.5926,0.1195,1,0.3333,0.3333,0.3333,0.617,0.4316,-0.00828,-0.01564,0,0.3333,0.3333,0.3333,0.304,0.3175,-0.01959,-0.05435,1,0.3333,0.3333,0.3333,3.435,0.6519,0.2435,0.26147,4.356,43.943,0.3333,0.3333,0.3333,0.3333,0.3333,0.3333,0.3333,0.3333,0.3333,0.3333,0.3333,0.3333,0.3333,0.3333,0.3333,0.3333,0.3333,0.3333,,,,,,,,,,,,,,,,,,,31.768,8.386,1.348,12.174,1020.343,243.087,1263.627
246,2026-05-15T05:11:19.395083+00:00,mixed,GND,19.359,29.699,29.699,0.5,0.5,30.759,35.457,0.5355,0.4645,0.6091,0.1216,0,0.3333,0.3333,0.3333,0.217,0.1909,-0.00326,-0.01436,2,0.3333,0.3333,0.3333,2.035,0.3281,0.1885,0.37969,1,0.3333,0.3333,0.3333,0.214,0.1714,0.00138,0.0064,2.466,37.923,0.3333,0.3333,0.3333,0.3333,0.3333,0.3333,0.3333,0.3333,0.3333,0.3333,0.3333,0.3333,0.3333,0.3333,0.3333,0.3333,0.3333,0.3333,,,,,,,,,,,,,,,,,,,33.779,4.697,1.899,4.144,1025.04,244.986,1267.771
247,2026-05-15T05:11:25.403420+00:00,mixed,GND,18.574,30.797,30.797,0.5,0.5,30.529,36.569,0.545,0.455,0.6254,0.1238,2,0.3333,0.3333,0.3333,0.373,0.3904,0.01227,0.02648,1,0.3333,0.3333,0.3333,0.286,0.2786,0.01364,0.04664,1,0.3333,0.3333,0.3333,0.136,0.1714,-0.00635,-0.0301,0.796,37.365,0.3333,0.3333,0.3333,0.3333,0.3333,0.3333,0.3333,0.3333,0.3333,0.3333,0.3333,0.3333,0.3333,0.3333,0.3333,0.3333,0.3333,0.3333,,,,,,,,,,,,,,,,,,,33.56,6.04,0.228,3.806,1031.08,245.214,1271.577
248,2026-05-15T05:11:31.420477+00:00,mixed,GND,36.743,29.141,29.141,0.5,0.5,49.301,34.928,0.4147,0.5853,0.6415,0.1261,1,0.3333,0.3333,0.3333,0.301,0.2778,0.00509,0.01546,2,0.3333,0.3333,0.3333,0.426,0.3301,0.02762,0.06547,1,0.3333,0.3333,0.3333,0.202,0.1714,0.00022,0.00105,0.929,35.857,0.3333,0.3333,0.3333,0.3333,0.3333,0.3333,0.3333,0.3333,0.3333,0.3333,0.3333,0.3333,0.3333,0.3333,0.3333,0.3333,0.3333,0.3333,,,,,,,,,,,,,,,,,,,35.496,0.0,0.362,0.362,1031.08,245.576,1271.938
249,2026-05-15T05:11:37.436316+00:00,mixed,ISL,32.997,23.043,32.997,0.5,0.5,46.206,28.847,0.3844,0.6156,0.6572,0.1284,1,0.3333,0.3333,0.3333,0.663,0.4524,-0.00368,-0.00692,0,0.3333,0.3333,0.3333,0.29,0.2968,-0.02099,-0.05833,2,0.3333,0.3333,0.3333,3.211,0.5333,0.22115,0.28647,4.165,50.371,0.3333,0.3333,0.3333,0.3333,0.3333,0.3333,0.3333,0.3333,0.3333,0.3333,0.3333,0.3333,0.3333,0.3333,0.3333,0.3333,0.3333,0.3333,,,,,,,,,,,,,,,,,,,29.415,17.359,1.121,20.956,1048.439,246.697,1292.895
250,2026-05-15T05:11:43.439398+00:00,mixed,ISL,22.529,29.693,22.529,0.5,0.5,36.444,35.514,0.4935,0.5065,0.6725,0.1309,2,0.3333,0.3333,0.3333,3.223,0.6627,0.25225,0.32091,2,0.3333,0.3333,0.3333,3.933,0.5982,0.34334,0.44885,0,0.3333,0.3333,0.3333,1.366,0.5333,0.03658,0.05342,8.522,44.966,0.3333,0.3333,0.3333,0.3333,0.3333,0.3333,0.3333,0.3333,0.3333,0.3333,0.3333,0.3333,0.3333,0.3333,0.3333,0.3333,0.3333,0.3333,,,,,,,,,,,,,,,,,,,36.082,0.93,5.476,8.884,1049.37,252.174,1301.779
251,2026-05-15T05:11:49.453205+00:00,mixed,GND,29.039,25.836,25.836,0.5,0.5,43.718,31.674,0.4201,0.5799,0.6875,0.1335,0,0.3333,0.3333,0.3333,0.163,0.2043,-0.00869,-0.03875,2,0.3333,0.3333,0.3333,0.661,0.3346,0.05111,0.11798,0,0.3333,0.3333,0.3333,0.144,0.0971,-0.00555,-0.04678,0.969,32.643,0.3333,0.3333,0.3333,0.3333,0.3333,0.3333,0.3333,0.3333,0.3333,0.3333,0.3333,0.3333,0.3333,0.3333,0.3333,0.3333,0.3333,0.3333,,,,,,,,,,,,,,,,,,,32.242,0.0,0.401,0.401,1049.37,252.574,1302.179
252,2026-05-15T05:11:55.471295+00:00,mixed,ISL,18.622,21.704,18.622,0.5,0.5,34.126,27.56,0.4468,0.5532,0.702,0.1362,1,0.3333,0.3333,0.3333,0.754,0.4764,0.0054,0.01008,1,0.3333,0.3333,0.3333,0.488,0.3851,-0.0012,-0.00252,0,0.3333,0.3333,0.3333,1.057,0.5333,0.00574,0.00858,2.299,36.425,0.3333,0.3333,0.3333,0.3333,0.3333,0.3333,0.3333,0.3333,0.3333,0.3333,0.3333,0.3333,0.3333,0.3333,0.3333,0.3333,0.3333,0.3333,,,,,,,,,,,,,,,,,,,28.129,6.566,0.0,8.297,1055.935,252.574,1310.476
253,2026-05-15T05:12:01.471226+00:00,mixed,GND,14.219,27.236,27.236,0.5,0.5,30.615,33.111,0.5196,0.4804,0.716,0.1389,2,0.3333,0.3333,0.3333,0.76,0.4089,0.05102,0.10581,0,0.3333,0.3333,0.3333,0.257,0.1486,0.01068,0.05806,1,0.3333,0.3333,0.3333,0.24,0.1714,0.00404,0.0187,1.257,34.368,0.3333,0.3333,0.3333,0.3333,0.3333,0.3333,0.3333,0.3333,0.3333,0.3333,0.3333,0.3333,0.3333,0.3333,0.3333,0.3333,0.3333,0.3333,,,,,,,,,,,,,,,,,,,33.647,2.496,0.689,0.721,1058.432,253.263,1311.197
254,2026-05-15T05:12:07.495400+00:00,mixed,ISL,30.96,28.968,30.96,0.5,0.5,48.316,34.863,0.4191,0.5809,0.7295,0.1418,2,0.3333,0.3333,0.3333,2.804,0.6556,0.21038,0.27427,0,0.3333,0.3333,0.3333,0.214,0.3134,-0.02864,-0.08047,0,0.3333,0.3333,0.3333,1.887,0.5333,0.08872,0.12494,4.905,53.22,0.3333,0.3333,0.3333,0.3333,0.3333,0.3333,0.3333,0.3333,0.3333,0.3333,0.3333,0.3333,0.3333,0.3333,0.3333,0.3333,0.3333,0.3333,,,,,,,,,,,,,,,,,,,35.432,13.453,1.881,17.788,1071.884,255.144,1328.985
